t_pc_s,seq,t_esp_ms,pot_base,pot_codo,pot_pinza,pinza,rutina_activa,obj_j1,obj_j2,obj_jg,obj_dedos,real_j1,real_j2,real_jg,real_dedos,tramas_ok,tramas_malas,tramas_perdidas,rtt_ms
-0.0014,9969,199425,3704,0,7,1,0,2.0836,-2.0000,0.0000,0.0500,0.0063,-0.0050,0.0000,0.0000,48,0,0,754.16
0.0129,9970,199445,3704,0,6,1,0,2.0836,-2.0000,0.0000,0.0500,0.0250,-0.0200,0.0000,0.0021,49,0,0,
0.0331,9971,199465,3704,0,7,1,0,2.0836,-2.0000,0.0000,0.0500,0.0562,-0.0450,-0.0000,0.0115,50,0,0,
0.0529,9972,199485,3705,0,7,1,0,2.0849,-2.0000,0.0000,0.0500,0.0813,-0.0650,-0.0000,0.0198,51,0,0,
0.0729,9973,199505,3704,0,7,1,0,2.0836,-2.0000,0.0000,0.0500,0.1125,-0.0900,-0.0000,0.0302,52,0,0,
0.0930,9974,199525,3704,0,7,1,0,2.0836,-2.0000,0.0000,0.0500,0.1375,-0.1100,-0.0000,0.0370,53,0,0,
0.1148,9975,199545,3704,0,6,1,0,2.0836,-2.0000,0.0000,0.0500,0.1688,-0.1350,-0.0000,0.0423,54,0,0,
0.1331,9976,199565,3705,0,7,1,0,2.0849,-2.0000,0.0000,0.0500,0.1938,-0.1550,-0.0000,0.0450,55,0,0,
0.1530,9977,199585,3705,0,7,1,0,2.0849,-2.0000,0.0000,0.0500,0.2188,-0.1751,-0.0000,0.0467,56,0,0,
0.1730,9978,199605,3704,0,7,1,0,2.0836,-2.0000,0.0000,0.0500,0.2438,-0.1951,-0.0000,0.0478,57,0,0,
0.1930,9979,199625,3705,0,7,1,0,2.0849,-2.0000,0.0000,0.0500,0.2750,-0.2201,-0.0000,0.0487,58,0,0,
0.2130,9980,199645,3705,0,6,1,0,2.0849,-2.0000,0.0000,0.0500,0.3000,-0.2401,-0.0000,0.0492,59,0,0,
0.2329,9981,199665,3705,0,7,1,0,2.0849,-2.0000,0.0000,0.0500,0.3312,-0.2651,-0.0000,0.0495,60,0,0,
0.2813,9983,199705,3704,0,7,1,0,2.0836,-2.0000,0.0000,0.0500,0.3687,-0.2951,-0.0000,0.0497,62,0,0,21.08
0.2930,9984,199725,3704,0,7,1,0,2.0836,-2.0000,0.0000,0.0500,0.3812,-0.3051,-0.0000,0.0498,63,0,0,
0.3130,9985,199745,3704,0,7,1,0,2.0836,-2.0000,0.0000,0.0500,0.4062,-0.3251,-0.0000,0.0499,64,0,0,
0.3330,9986,199765,3705,0,6,1,0,2.0849,-2.0000,0.0000,0.0500,0.4375,-0.3502,-0.0000,0.0499,65,0,0,
0.3530,9987,199785,3706,0,6,1,0,2.0862,-2.0000,0.0000,0.0500,0.4625,-0.3702,-0.0000,0.0499,66,0,0,
0.3730,9988,199805,3706,0,6,1,0,2.0862,-2.0000,0.0000,0.0500,0.4937,-0.3952,-0.0000,0.0500,67,0,0,
0.3929,9989,199825,3706,0,6,1,0,2.0862,-2.0000,0.0000,0.0500,0.5187,-0.4152,-0.0000,0.0500,68,0,0,
0.4130,9990,199845,3705,0,7,1,0,2.0849,-2.0000,0.0000,0.0500,0.5500,-0.4402,-0.0000,0.0500,69,0,0,
0.4340,9991,199865,3706,0,6,1,0,2.0862,-2.0000,0.0000,0.0500,0.5750,-0.4602,-0.0000,0.0500,70,0,0,
0.4530,9992,199885,3705,0,7,1,0,2.0849,-2.0000,0.0000,0.0500,0.6062,-0.4852,-0.0000,0.0500,71,0,0,
0.4730,9993,199905,3706,0,7,1,0,2.0862,-2.0000,0.0000,0.0500,0.6312,-0.5052,-0.0000,0.0500,72,0,0,
0.4929,9994,199925,3706,0,7,1,0,2.0862,-2.0000,0.0000,0.0500,0.6562,-0.5253,-0.0000,0.0500,73,0,0,
0.5243,9995,199945,3706,0,7,1,0,2.0862,-2.0000,0.0000,0.0500,0.6812,-0.5453,0.0000,0.0500,74,0,0,
0.5330,9996,199965,3706,0,7,1,0,2.0862,-2.0000,0.0000,0.0500,0.6875,-0.5503,-0.0000,0.0500,75,0,0,
0.5530,9997,199985,3705,0,7,1,0,2.0849,-2.0000,0.0000,0.0500,0.7187,-0.5753,-0.0000,0.0500,76,0,0,
0.5729,9998,200005,3705,0,7,1,0,2.0849,-2.0000,0.0000,0.0500,0.7437,-0.5953,-0.0000,0.0500,77,0,0,
0.5931,9999,200025,3705,0,7,1,0,2.0849,-2.0000,0.0000,0.0500,0.7750,-0.6203,0.0000,0.0500,78,0,0,
0.6131,10000,200045,3705,0,7,1,0,2.0849,-2.0000,0.0000,0.0500,0.8000,-0.6403,-0.0000,0.0500,79,0,0,
0.6332,10001,200065,3705,0,8,1,0,2.0849,-2.0000,0.0000,0.0500,0.8250,-0.6603,-0.0000,0.0500,80,0,0,
0.6531,10002,200085,3705,0,8,1,0,2.0849,-2.0000,0.0000,0.0500,0.8562,-0.6853,-0.0000,0.0500,81,0,0,
0.6731,10003,200105,3704,0,8,1,0,2.0836,-2.0000,0.0000,0.0500,0.8812,-0.7053,-0.0000,0.0500,82,0,0,
0.6978,10004,200125,3705,0,7,1,0,2.0849,-2.0000,0.0000,0.0500,0.9125,-0.7303,-0.0000,0.0500,83,0,0,
0.7131,10005,200145,3705,0,8,1,0,2.0849,-2.0000,0.0000,0.0500,0.9375,-0.7503,-0.0000,0.0500,84,0,0,
0.7330,10006,200165,3705,0,8,1,0,2.0849,-2.0000,0.0000,0.0500,0.9625,-0.7704,0.0000,0.0500,85,0,0,
0.7531,10007,200185,3705,0,7,1,0,2.0849,-2.0000,0.0000,0.0500,0.9937,-0.7954,-0.0000,0.0500,86,0,0,
0.7815,10008,200205,3705,0,7,1,0,2.0849,-2.0000,0.0000,0.0500,1.0062,-0.8054,-0.0000,0.0500,87,0,0,
0.7931,10009,200225,3706,0,8,1,0,2.0862,-2.0000,0.0000,0.0500,1.0187,-0.8154,-0.0000,0.0500,88,0,0,
0.8131,10010,200245,3705,0,8,1,0,2.0849,-2.0000,0.0000,0.0500,1.0500,-0.8404,-0.0000,0.0500,89,0,0,
0.8331,10011,200265,3705,0,7,1,0,2.0849,-2.0000,0.0000,0.0500,1.0750,-0.8604,0.0000,0.0500,90,0,0,
0.8531,10012,200285,3705,0,7,1,0,2.0849,-2.0000,0.0000,0.0500,1.1000,-0.8804,-0.0000,0.0500,91,0,0,
0.8730,10013,200305,3705,0,7,1,0,2.0849,-2.0000,0.0000,0.0500,1.1312,-0.9054,-0.0000,0.0500,92,0,0,
0.8931,10014,200325,3705,0,7,1,0,2.0849,-2.0000,0.0000,0.0500,1.1562,-0.9254,-0.0000,0.0500,93,0,0,
0.9131,10015,200345,3704,0,7,1,0,2.0836,-2.0000,0.0000,0.0500,1.1875,-0.9504,0.0000,0.0500,94,0,0,
0.9331,10016,200365,3705,0,7,1,0,2.0849,-2.0000,0.0000,0.0500,1.2125,-0.9705,-0.0000,0.0500,95,0,0,
0.9530,10017,200385,3705,0,7,1,0,2.0849,-2.0000,0.0000,0.0500,1.2438,-0.9955,-0.0000,0.0500,96,0,0,
0.9731,10018,200405,3705,0,7,1,0,2.0849,-2.0000,0.0000,0.0500,1.2688,-1.0155,-0.0000,0.0500,97,0,0,
0.9931,10019,200425,3705,0,7,1,0,2.0849,-2.0000,0.0000,0.0500,1.2938,-1.0355,-0.0000,0.0500,98,0,0,
1.0242,10020,200445,3705,0,7,1,0,2.0849,-2.0000,0.0000,0.0500,1.3188,-1.0555,-0.0000,0.0500,99,0,0,
1.0381,10021,200465,3705,0,7,1,0,2.0849,-2.0000,0.0000,0.0500,1.3313,-1.0655,-0.0000,0.0500,100,0,0,
1.0531,10022,200485,3705,0,7,1,0,2.0849,-2.0000,0.0000,0.0500,1.3500,-1.0805,-0.0000,0.0500,101,0,0,
1.0731,10023,200505,3705,0,7,1,0,2.0849,-2.0000,0.0000,0.0500,1.3750,-1.1005,-0.0000,0.0500,102,0,0,
1.0930,10024,200525,3705,0,7,1,0,2.0849,-2.0000,0.0000,0.0500,1.4063,-1.1255,-0.0000,0.0500,103,0,0,
1.1130,10025,200545,3705,0,7,1,0,2.0849,-2.0000,0.0000,0.0500,1.4313,-1.1455,-0.0000,0.0500,104,0,0,
1.1351,10026,200565,3705,0,8,1,0,2.0849,-2.0000,0.0000,0.0500,1.4625,-1.1705,-0.0000,0.0500,105,0,0,
1.1531,10027,200585,3704,0,7,1,0,2.0836,-2.0000,0.0000,0.0500,1.4875,-1.1905,-0.0000,0.0500,106,0,0,
1.1731,10028,200605,3705,0,8,1,0,2.0849,-2.0000,0.0000,0.0500,1.5125,-1.2106,-0.0000,0.0500,107,0,0,
1.1930,10029,200625,3704,0,8,1,0,2.0836,-2.0000,0.0000,0.0500,1.5438,-1.2356,-0.0000,0.0500,108,0,0,
1.2130,10030,200645,3704,0,7,1,0,2.0836,-2.0000,0.0000,0.0500,1.5688,-1.2556,0.0000,0.0500,109,0,0,
1.2330,10031,200665,3704,0,7,1,0,2.0836,-2.0000,0.0000,0.0500,1.6000,-1.2806,-0.0000,0.0500,110,0,0,
1.2532,10032,200685,3704,0,7,1,0,2.0836,-2.0000,0.0000,0.0500,1.6250,-1.3006,-0.0000,0.0500,111,0,0,
1.2882,10033,200705,3704,0,7,1,0,2.0836,-2.0000,0.0000,0.0500,1.6438,-1.3156,0.0000,0.0500,112,0,0,7.25
1.2950,10034,200725,3704,0,7,1,0,2.0836,-2.0000,0.0000,0.0500,1.6500,-1.3206,-0.0000,0.0500,113,0,0,
1.3131,10035,200745,3704,0,7,1,0,2.0836,-2.0000,0.0000,0.0500,1.6750,-1.3406,-0.0000,0.0500,114,0,0,
1.3331,10036,200765,3705,0,8,1,0,2.0849,-2.0000,0.0000,0.0500,1.7000,-1.3606,-0.0000,0.0500,115,0,0,
1.3530,10037,200785,3705,0,7,1,0,2.0849,-2.0000,0.0000,0.0500,1.7313,-1.3856,-0.0000,0.0500,116,0,0,
1.3731,10038,200805,3706,0,7,1,0,2.0862,-2.0000,0.0000,0.0500,1.7563,-1.4056,0.0000,0.0500,117,0,0,
1.3931,10039,200825,3706,0,7,1,0,2.0862,-2.0000,0.0000,0.0500,1.7875,-1.4306,-0.0000,0.0500,118,0,0,
1.4131,10040,200845,3704,0,7,1,0,2.0836,-2.0000,0.0000,0.0500,1.8125,-1.4506,-0.0000,0.0500,119,0,0,
1.4330,10041,200865,3704,0,7,1,0,2.0836,-2.0000,0.0000,0.0500,1.8375,-1.4707,-0.0000,0.0500,120,0,0,
1.4548,10042,200885,3705,0,7,1,0,2.0849,-2.0000,0.0000,0.0500,1.8688,-1.4957,0.0000,0.0500,121,0,0,
1.4731,10043,200905,3705,0,7,1,0,2.0849,-2.0000,0.0000,0.0500,1.8938,-1.5157,-0.0000,0.0500,122,0,0,
1.4931,10044,200925,3706,0,8,1,0,2.0862,-2.0000,0.0000,0.0500,1.9250,-1.5407,-0.0000,0.0500,123,0,0,
1.5130,10045,200945,3706,0,8,1,0,2.0862,-2.0000,0.0000,0.0500,1.9500,-1.5607,-0.0000,0.0500,124,0,0,
1.5382,10046,200965,3706,0,7,1,0,2.0862,-2.0000,0.0000,0.0500,1.9625,-1.5707,-0.0000,0.0500,125,0,0,
1.5531,10047,200985,3705,0,7,1,0,2.0849,-2.0000,0.0000,0.0500,1.9813,-1.5857,0.0000,0.0500,126,0,0,
1.5730,10048,201005,3706,0,7,1,0,2.0862,-2.0000,0.0000,0.0500,2.0063,-1.6057,-0.0000,0.0500,127,0,0,
1.5930,10049,201025,3706,0,7,1,0,2.0862,-2.0000,0.0000,0.0500,2.0366,-1.6307,-0.0000,0.0500,128,0,0,
1.6145,10050,201045,3706,0,7,1,0,2.0862,-2.0000,0.0000,0.0500,2.0537,-1.6507,-0.0000,0.0500,129,0,0,
1.6332,10051,201065,3707,0,7,1,0,2.0874,-2.0000,0.0000,0.0500,2.0671,-1.6757,0.0000,0.0500,130,0,0,
1.6531,10052,201085,3707,0,7,1,0,2.0874,-2.0000,0.0000,0.0500,2.0741,-1.6957,-0.0000,0.0500,131,0,0,
1.6730,10053,201105,3706,0,8,1,0,2.0862,-2.0000,0.0000,0.0500,2.0785,-1.7157,-0.0000,0.0500,132,0,0,
1.6931,10054,201125,3706,0,8,1,0,2.0862,-2.0000,0.0000,0.0500,2.0817,-1.7408,-0.0000,0.0500,133,0,0,
1.7130,10055,201145,3706,0,8,1,0,2.0862,-2.0000,0.0000,0.0500,2.0832,-1.7608,-0.0000,0.0500,134,0,0,
1.7331,10056,201165,3706,0,8,1,0,2.0862,-2.0000,0.0000,0.0500,2.0842,-1.7808,-0.0000,0.0500,135,0,0,
1.7530,10057,201185,3707,0,8,1,0,2.0874,-2.0000,0.0000,0.0500,2.0851,-1.8058,-0.0000,0.0500,136,0,0,
1.7810,10058,201205,3706,0,7,1,0,2.0862,-2.0000,0.0000,0.0500,2.0856,-1.8208,-0.0000,0.0500,137,0,0,
1.7950,10059,201225,3706,0,7,1,0,2.0862,-2.0000,0.0000,0.0500,2.0857,-1.8258,0.0000,0.0500,138,0,0,
1.8130,10060,201245,3706,0,6,1,0,2.0862,-2.0000,0.0000,0.0500,2.0859,-1.8458,-0.0000,0.0500,139,0,0,
1.8331,10061,201265,3706,0,6,1,0,2.0862,-2.0000,0.0000,0.0500,2.0860,-1.8658,-0.0000,0.0500,140,0,0,
1.8530,10062,201285,3706,0,6,1,0,2.0862,-2.0000,0.0000,0.0500,2.0860,-1.8858,0.0000,0.0500,141,0,0,
1.8730,10063,201305,3705,0,7,1,0,2.0849,-2.0000,0.0000,0.0500,2.0860,-1.9108,-0.0000,0.0500,142,0,0,
1.8930,10064,201325,3705,0,7,1,0,2.0849,-2.0000,0.0000,0.0500,2.0856,-1.9308,-0.0000,0.0500,143,0,0,
1.9130,10065,201345,3705,0,7,1,0,2.0849,-2.0000,0.0000,0.0500,2.0854,-1.9508,-0.0000,0.0500,144,0,0,
1.9331,10066,201365,3706,0,7,1,0,2.0862,-2.0000,0.0000,0.0500,2.0853,-1.9710,-0.0000,0.0500,145,0,0,
1.9531,10067,201385,3706,0,7,1,0,2.0862,-2.0000,0.0000,0.0500,2.0856,-1.9810,-0.0000,0.0500,146,0,0,
1.9730,10068,201405,3705,0,7,1,0,2.0849,-2.0000,0.0000,0.0500,2.0857,-1.9888,-0.0000,0.0500,147,0,0,
1.9932,10069,201425,3704,0,7,1,0,2.0836,-2.0000,0.0000,0.0500,2.0853,-1.9926,-0.0000,0.0500,148,0,0,
2.0451,10071,201465,3705,0,7,1,0,2.0849,-2.0000,0.0000,0.0500,2.0846,-1.9965,-0.0000,0.0500,149,0,1,
2.0530,10072,201485,3705,0,7,1,0,2.0849,-2.0000,0.0000,0.0500,2.0846,-1.9968,-0.0000,0.0500,150,0,1,
2.0730,10073,201505,3705,0,8,1,0,2.0849,-2.0000,0.0000,0.0500,2.0847,-1.9981,-0.0000,0.0500,151,0,1,
2.0930,10074,201525,3705,0,8,1,0,2.0849,-2.0000,0.0000,0.0500,2.0848,-1.9988,-0.0000,0.0500,152,0,1,
2.1130,10075,201545,3705,0,7,1,0,2.0849,-2.0000,0.0000,0.0500,2.0848,-1.9993,-0.0000,0.0500,153,0,1,
2.1330,10076,201565,3705,0,7,1,0,2.0849,-2.0000,0.0000,0.0500,2.0849,-1.9995,-0.0000,0.0500,154,0,1,
2.1531,10077,201585,3705,0,7,1,0,2.0849,-2.0000,0.0000,0.0500,2.0849,-1.9997,-0.0000,0.0500,155,0,1,
2.1730,10078,201605,3705,0,7,1,0,2.0849,-2.0000,0.0000,0.0500,2.0849,-1.9998,-0.0000,0.0500,156,0,1,
2.1930,10079,201625,3704,0,7,1,0,2.0836,-2.0000,0.0000,0.0500,2.0848,-1.9999,0.0000,0.0500,157,0,1,
2.2130,10080,201645,3705,0,7,1,0,2.0849,-2.0000,0.0000,0.0500,2.0844,-1.9999,-0.0000,0.0500,158,0,1,
2.2330,10081,201665,3706,0,7,1,0,2.0862,-2.0000,0.0000,0.0500,2.0847,-2.0000,-0.0000,0.0500,159,0,1,
2.2530,10082,201685,3706,0,7,1,0,2.0862,-2.0000,0.0000,0.0500,2.0852,-2.0000,-0.0000,0.0500,160,0,1,
2.2810,10083,201705,3705,0,7,1,0,2.0849,-2.0000,0.0000,0.0500,2.0855,-2.0000,0.0000,0.0500,161,0,1,
2.2949,10084,201725,3705,0,7,1,0,2.0849,-2.0000,0.0000,0.0500,2.0854,-2.0000,-0.0000,0.0500,162,0,1,13.85
2.3131,10085,201745,3705,0,7,1,0,2.0849,-2.0000,0.0000,0.0500,2.0852,-2.0000,0.0000,0.0500,163,0,1,
2.3331,10086,201765,3704,0,7,1,0,2.0836,-2.0000,0.0000,0.0500,2.0850,-2.0000,0.0000,0.0500,164,0,1,
2.3531,10087,201785,3704,0,7,1,0,2.0836,-2.0000,0.0000,0.0500,2.0845,-2.0000,0.0000,0.0500,165,0,1,
2.3731,10088,201805,3704,0,7,1,0,2.0836,-2.0000,0.0000,0.0500,2.0842,-2.0000,0.0000,0.0500,166,0,1,
2.3930,10089,201825,3704,0,7,1,0,2.0836,-2.0000,0.0000,0.0500,2.0840,-2.0000,0.0000,0.0500,167,0,1,
2.4131,10090,201845,3704,0,7,1,0,2.0836,-2.0000,0.0000,0.0500,2.0839,-2.0000,0.0000,0.0500,168,0,1,
2.4330,10091,201865,3704,0,7,1,0,2.0836,-2.0000,0.0000,0.0500,2.0838,-2.0000,0.0000,0.0500,169,0,1,
2.4531,10092,201885,3705,0,8,1,0,2.0849,-2.0000,0.0000,0.0500,2.0839,-2.0000,0.0000,0.0500,170,0,1,
2.4731,10093,201905,3706,0,8,1,0,2.0862,-2.0000,0.0000,0.0500,2.0844,-2.0000,0.0000,0.0500,171,0,1,
2.4931,10094,201925,3706,0,8,1,0,2.0862,-2.0000,0.0000,0.0500,2.0850,-2.0000,0.0000,0.0500,172,0,1,
2.5130,10095,201945,3705,0,8,1,0,2.0849,-2.0000,0.0000,0.0500,2.0854,-2.0000,0.0000,0.0500,173,0,1,
2.5451,10096,201965,3705,0,7,1,0,2.0849,-2.0000,0.0000,0.0500,2.0852,-2.0000,0.0000,0.0500,174,0,1,
2.5530,10097,201985,3705,0,7,1,0,2.0849,-2.0000,0.0000,0.0500,2.0852,-2.0000,0.0000,0.0500,175,0,1,
2.5731,10098,202005,3704,0,7,1,0,2.0836,-2.0000,0.0000,0.0500,2.0850,-2.0000,0.0000,0.0500,176,0,1,
2.5931,10099,202025,3705,0,7,1,0,2.0849,-2.0000,0.0000,0.0500,2.0846,-2.0000,0.0000,0.0500,177,0,1,
2.6131,10100,202045,3705,0,7,1,0,2.0849,-2.0000,0.0000,0.0500,2.0847,-2.0000,0.0000,0.0500,178,0,1,
2.6330,10101,202065,3704,0,7,1,0,2.0836,-2.0000,0.0000,0.0500,2.0846,-2.0000,0.0000,0.0500,179,0,1,
2.6531,10102,202085,3704,0,7,1,0,2.0836,-2.0000,0.0000,0.0500,2.0842,-2.0000,0.0000,0.0500,180,0,1,
2.6731,10103,202105,3705,0,7,1,0,2.0849,-2.0000,0.0000,0.0500,2.0842,-2.0000,0.0000,0.0500,181,0,1,
2.6930,10104,202125,3705,0,7,1,0,2.0849,-2.0000,0.0000,0.0500,2.0845,-2.0000,0.0000,0.0500,182,0,1,
2.7130,10105,202145,3705,0,7,1,0,2.0849,-2.0000,0.0000,0.0500,2.0846,-2.0000,0.0000,0.0500,183,0,1,
2.7331,10106,202165,3705,0,7,1,0,2.0849,-2.0000,0.0000,0.0500,2.0847,-2.0000,0.0000,0.0500,184,0,1,
2.7531,10107,202185,3705,0,8,1,0,2.0849,-2.0000,0.0000,0.0500,2.0848,-2.0000,0.0000,0.0500,185,0,1,
2.7731,10108,202205,3705,0,8,1,0,2.0849,-2.0000,0.0000,0.0500,2.0848,-2.0000,0.0000,0.0500,186,0,1,
2.8016,10109,202225,3704,0,7,1,0,2.0836,-2.0000,0.0000,0.0500,2.0847,-2.0000,0.0000,0.0500,187,0,1,
2.8130,10110,202245,3705,0,7,1,0,2.0849,-2.0000,0.0000,0.0500,2.0846,-2.0000,0.0000,0.0500,188,0,1,
2.8330,10111,202265,3705,0,7,1,0,2.0849,-2.0000,0.0000,0.0500,2.0847,-2.0000,0.0000,0.0500,189,0,1,
2.8530,10112,202285,3705,0,7,1,0,2.0849,-2.0000,0.0000,0.0500,2.0848,-2.0000,0.0000,0.0500,190,0,1,
2.8731,10113,202305,3704,0,7,1,0,2.0836,-2.0000,0.0000,0.0500,2.0847,-2.0000,0.0000,0.0500,191,0,1,
2.8930,10114,202325,3704,0,7,1,0,2.0836,-2.0000,0.0000,0.0500,2.0843,-2.0000,0.0000,0.0500,192,0,1,
2.9131,10115,202345,3704,0,7,1,0,2.0836,-2.0000,0.0000,0.0500,2.0841,-2.0000,0.0000,0.0500,193,0,1,
2.9333,10116,202365,3705,0,7,1,0,2.0849,-2.0000,0.0000,0.0500,2.0840,-2.0000,0.0000,0.0500,194,0,1,
2.9531,10117,202385,3705,0,7,1,0,2.0849,-2.0000,0.0000,0.0500,2.0843,-2.0000,0.0000,0.0500,195,0,1,
2.9731,10118,202405,3705,0,8,1,0,2.0849,-2.0000,0.0000,0.0500,2.0845,-2.0000,0.0000,0.0500,196,0,1,
2.9931,10119,202425,3705,0,8,1,0,2.0849,-2.0000,0.0000,0.0500,2.0847,-2.0000,0.0000,0.0500,197,0,1,
3.0131,10120,202445,3704,0,8,1,0,2.0836,-2.0000,0.0000,0.0500,2.0846,-2.0000,0.0000,0.0500,198,0,1,
3.0516,10121,202465,3704,0,8,1,0,2.0836,-2.0000,0.0000,0.0500,2.0842,-2.0000,0.0000,0.0500,199,0,1,
3.0593,10122,202485,3704,0,8,1,0,2.0836,-2.0000,0.0000,0.0500,2.0842,-2.0000,0.0000,0.0500,200,0,1,
3.0730,10123,202505,3705,0,8,1,0,2.0849,-2.0000,0.0000,0.0500,2.0842,-2.0000,0.0000,0.0500,201,0,1,
3.0930,10124,202525,3704,0,7,1,0,2.0836,-2.0000,0.0000,0.0500,2.0843,-2.0000,0.0000,0.0500,202,0,1,
3.1131,10125,202545,3705,0,7,1,0,2.0849,-2.0000,0.0000,0.0500,2.0842,-2.0000,0.0000,0.0500,203,0,1,
3.1330,10126,202565,3705,0,7,1,0,2.0849,-2.0000,0.0000,0.0500,2.0844,-2.0000,0.0000,0.0500,204,0,1,
3.1531,10127,202585,3705,0,7,1,0,2.0849,-2.0000,0.0000,0.0500,2.0846,-2.0000,0.0000,0.0500,205,0,1,
3.1731,10128,202605,3705,0,7,1,0,2.0849,-2.0000,0.0000,0.0500,2.0847,-2.0000,0.0000,0.0500,206,0,1,
3.1930,10129,202625,3705,0,7,1,0,2.0849,-2.0000,0.0000,0.0500,2.0848,-2.0000,0.0000,0.0500,207,0,1,
3.2130,10130,202645,3705,0,7,1,0,2.0849,-2.0000,0.0000,0.0500,2.0848,-2.0000,0.0000,0.0500,208,0,1,
3.2330,10131,202665,3706,0,7,1,0,2.0862,-2.0000,0.0000,0.0500,2.0850,-2.0000,0.0000,0.0500,209,0,1,
3.2530,10132,202685,3705,0,7,1,0,2.0849,-2.0000,0.0000,0.0500,2.0853,-2.0000,0.0000,0.0500,210,0,1,
3.2731,10133,202705,3705,0,7,1,0,2.0849,-2.0000,0.0000,0.0500,2.0851,-2.0000,0.0000,0.0500,211,0,1,
3.3131,10135,202745,3705,0,7,1,0,2.0849,-2.0000,0.0000,0.0500,2.0850,-2.0000,0.0000,0.0500,213,0,1,6.88
3.3330,10136,202765,3705,0,7,1,0,2.0849,-2.0000,0.0000,0.0500,2.0850,-2.0000,0.0000,0.0500,214,0,1,
3.3531,10137,202785,3704,0,7,1,0,2.0836,-2.0000,0.0000,0.0500,2.0848,-2.0000,0.0000,0.0500,215,0,1,
3.3729,10138,202805,3705,0,8,1,0,2.0849,-2.0000,0.0000,0.0500,2.0845,-2.0000,0.0000,0.0500,216,0,1,
3.3931,10139,202825,3704,0,7,1,0,2.0836,-2.0000,0.0000,0.0500,2.0845,-2.0000,0.0000,0.0500,217,0,1,
3.4131,10140,202845,3704,0,7,1,0,2.0836,-2.0000,0.0000,0.0500,2.0841,-2.0000,0.0000,0.0500,218,0,1,
3.4331,10141,202865,3703,0,7,1,0,2.0824,-2.0000,0.0000,0.0500,2.0839,-2.0000,0.0000,0.0500,219,0,1,
3.4531,10142,202885,3705,0,7,1,0,2.0849,-2.0000,0.0000,0.0500,2.0835,-2.0000,0.0000,0.0500,220,0,1,
3.4730,10143,202905,3705,0,7,1,0,2.0849,-2.0000,0.0000,0.0500,2.0840,-2.0000,0.0000,0.0500,221,0,1,
3.4931,10144,202925,3705,0,7,1,0,2.0849,-2.0000,0.0000,0.0500,2.0843,-2.0000,0.0000,0.0500,222,0,1,
3.5130,10145,202945,3704,0,7,1,0,2.0836,-2.0000,0.0000,0.0500,2.0844,-2.0000,0.0000,0.0500,223,0,1,
3.5331,10146,202965,3705,0,7,1,0,2.0849,-2.0000,0.0000,0.0500,2.0843,-2.0000,0.0000,0.0500,224,0,1,
3.5655,10147,202985,3705,0,7,1,0,2.0849,-2.0000,0.0000,0.0500,2.0844,-2.0000,0.0000,0.0500,225,0,1,
3.5730,10148,203005,3704,0,7,1,0,2.0836,-2.0000,0.0000,0.0500,2.0844,-2.0000,0.0000,0.0500,226,0,1,
3.5931,10149,203025,3704,0,7,1,0,2.0836,-2.0000,0.0000,0.0500,2.0841,-2.0000,0.0000,0.0500,227,0,1,
3.6131,10150,203045,3704,0,7,1,0,2.0836,-2.0000,0.0000,0.0500,2.0839,-2.0000,0.0000,0.0500,228,0,1,
3.6331,10151,203065,3705,0,7,1,0,2.0849,-2.0000,0.0000,0.0500,2.0840,-2.0000,0.0000,0.0500,229,0,1,
3.6531,10152,203085,3705,0,7,1,0,2.0849,-2.0000,0.0000,0.0500,2.0843,-2.0000,0.0000,0.0500,230,0,1,
3.6730,10153,203105,3705,0,7,1,0,2.0849,-2.0000,0.0000,0.0500,2.0845,-2.0000,0.0000,0.0500,231,0,1,
3.6930,10154,203125,3704,0,7,1,0,2.0836,-2.0000,0.0000,0.0500,2.0846,-2.0000,0.0000,0.0500,232,0,1,
3.7130,10155,203145,3705,0,7,1,0,2.0849,-2.0000,0.0000,0.0500,2.0844,-2.0000,0.0000,0.0500,233,0,1,
3.7331,10156,203165,3705,0,7,1,0,2.0849,-2.0000,0.0000,0.0500,2.0846,-2.0000,0.0000,0.0500,234,0,1,
3.7530,10157,203185,3705,0,7,1,0,2.0849,-2.0000,0.0000,0.0500,2.0847,-2.0000,0.0000,0.0500,235,0,1,
3.7731,10158,203205,3704,0,7,1,0,2.0836,-2.0000,0.0000,0.0500,2.0846,-2.0000,0.0000,0.0500,236,0,1,
3.8157,10160,203245,3703,0,7,1,0,2.0824,-2.0000,0.0000,0.0500,2.0841,-2.0000,0.0000,0.0500,238,0,1,
3.8330,10161,203265,3704,0,7,1,0,2.0836,-2.0000,0.0000,0.0500,2.0837,-2.0000,0.0000,0.0500,239,0,1,
3.8531,10162,203285,3703,0,7,1,0,2.0824,-2.0000,0.0000,0.0500,2.0836,-2.0000,0.0000,0.0500,240,0,1,
3.8731,10163,203305,3704,0,7,1,0,2.0836,-2.0000,0.0000,0.0500,2.0833,-2.0000,0.0000,0.0500,241,0,1,
3.8930,10164,203325,3703,0,7,1,0,2.0824,-2.0000,0.0000,0.0500,2.0833,-2.0000,0.0000,0.0500,242,0,1,
3.9131,10165,203345,3704,0,7,1,0,2.0836,-2.0000,0.0000,0.0500,2.0831,-2.0000,0.0000,0.0500,243,0,1,
3.9331,10166,203365,3705,0,7,1,0,2.0849,-2.0000,0.0000,0.0500,2.0834,-2.0000,0.0000,0.0500,244,0,1,
3.9530,10167,203385,3705,0,7,1,0,2.0849,-2.0000,0.0000,0.0500,2.0840,-2.0000,0.0000,0.0500,245,0,1,
3.9731,10168,203405,3705,0,7,1,0,2.0849,-2.0000,0.0000,0.0500,2.0843,-2.0000,0.0000,0.0500,246,0,1,
3.9930,10169,203425,3705,0,7,1,0,2.0849,-2.0000,0.0000,0.0500,2.0846,-2.0000,0.0000,0.0500,247,0,1,
4.0131,10170,203445,3705,0,7,1,0,2.0849,-2.0000,0.0000,0.0500,2.0847,-2.0000,0.0000,0.0500,248,0,1,
4.0331,10171,203465,3704,0,7,1,0,2.0836,-2.0000,0.0000,0.0500,2.0846,-2.0000,0.0000,0.0500,249,0,1,
4.0657,10172,203485,3704,0,7,1,0,2.0836,-2.0000,0.0000,0.0500,2.0844,-2.0000,0.0000,0.0500,250,0,1,
4.0730,10173,203505,3703,0,7,1,0,2.0824,-2.0000,0.0000,0.0500,2.0842,-2.0000,0.0000,0.0500,251,0,1,
4.0930,10174,203525,3702,0,7,1,0,2.0811,-2.0000,0.0000,0.0500,2.0833,-2.0000,0.0000,0.0500,252,0,1,
4.1130,10175,203545,3704,0,7,1,0,2.0836,-2.0000,0.0000,0.0500,2.0828,-2.0000,0.0000,0.0500,253,0,1,
4.1330,10176,203565,3704,0,7,1,0,2.0836,-2.0000,0.0000,0.0500,2.0831,-2.0000,0.0000,0.0500,254,0,1,
4.1531,10177,203585,3704,0,7,1,0,2.0836,-2.0000,0.0000,0.0500,2.0833,-2.0000,0.0000,0.0500,255,0,1,
4.1730,10178,203605,3704,0,7,1,0,2.0836,-2.0000,0.0000,0.0500,2.0834,-2.0000,0.0000,0.0500,256,0,1,
4.1931,10179,203625,3705,0,7,1,0,2.0849,-2.0000,0.0000,0.0500,2.0836,-2.0000,0.0000,0.0500,257,0,1,
4.2131,10180,203645,3705,0,7,1,0,2.0849,-2.0000,0.0000,0.0500,2.0841,-2.0000,0.0000,0.0500,258,0,1,
4.2330,10181,203665,3705,0,7,1,0,2.0849,-2.0000,0.0000,0.0500,2.0844,-2.0000,0.0000,0.0500,259,0,1,
4.2531,10182,203685,3705,0,7,1,0,2.0849,-2.0000,0.0000,0.0500,2.0846,-2.0000,0.0000,0.0500,260,0,1,
4.2730,10183,203705,3704,0,8,1,0,2.0836,-2.0000,0.0000,0.0500,2.0846,-2.0000,0.0000,0.0500,261,0,1,
4.3158,10185,203745,3704,0,7,1,0,2.0836,-2.0000,0.0000,0.0500,2.0841,-2.0000,0.0000,0.0500,263,0,1,14.07
4.3331,10186,203765,3704,0,7,1,0,2.0836,-2.0000,0.0000,0.0500,2.0840,-2.0000,0.0000,0.0500,264,0,1,
4.3531,10187,203785,3705,0,7,1,0,2.0849,-2.0000,0.0000,0.0500,2.0840,-2.0000,0.0000,0.0500,265,0,1,
4.3731,10188,203805,3705,0,7,1,0,2.0849,-2.0000,0.0000,0.0500,2.0843,-2.0000,0.0000,0.0500,266,0,1,
4.3932,10189,203825,3705,0,7,1,0,2.0849,-2.0000,0.0000,0.0500,2.0845,-2.0000,0.0000,0.0500,267,0,1,
4.4130,10190,203845,3705,0,7,1,0,2.0849,-2.0000,0.0000,0.0500,2.0847,-2.0000,0.0000,0.0500,268,0,1,
4.4331,10191,203865,3705,0,7,1,0,2.0849,-2.0000,0.0000,0.0500,2.0848,-2.0000,0.0000,0.0500,269,0,1,
4.4530,10192,203885,3705,0,6,1,0,2.0849,-2.0000,0.0000,0.0500,2.0848,-2.0000,0.0000,0.0500,270,0,1,
4.4731,10193,203905,3704,0,7,1,0,2.0836,-2.0000,0.0000,0.0500,2.0847,-2.0000,0.0000,0.0500,271,0,1,
4.4931,10194,203925,3703,0,7,1,0,2.0824,-2.0000,0.0000,0.0500,2.0842,-2.0000,0.0000,0.0500,272,0,1,
4.5130,10195,203945,3705,0,7,1,0,2.0849,-2.0000,0.0000,0.0500,2.0838,-2.0000,0.0000,0.0500,273,0,1,
4.5332,10196,203965,3705,0,7,1,0,2.0849,-2.0000,0.0000,0.0500,2.0843,-2.0000,0.0000,0.0500,274,0,1,
4.5657,10197,203985,3705,0,7,1,0,2.0849,-2.0000,0.0000,0.0500,2.0844,-2.0000,0.0000,0.0500,275,0,1,
4.5730,10198,204005,3705,0,7,1,0,2.0849,-2.0000,0.0000,0.0500,2.0845,-2.0000,0.0000,0.0500,276,0,1,
4.5931,10199,204025,3705,0,7,1,0,2.0849,-2.0000,0.0000,0.0500,2.0846,-2.0000,0.0000,0.0500,277,0,1,
4.6131,10200,204045,3705,0,7,1,0,2.0849,-2.0000,0.0000,0.0500,2.0847,-2.0000,0.0000,0.0500,278,0,1,
4.6331,10201,204065,3705,0,6,1,0,2.0849,-2.0000,0.0000,0.0500,2.0848,-2.0000,0.0000,0.0500,279,0,1,
4.6530,10202,204085,3705,0,7,1,0,2.0849,-2.0000,0.0000,0.0500,2.0848,-2.0000,0.0000,0.0500,280,0,1,
4.6731,10203,204105,3704,0,7,1,0,2.0836,-2.0000,0.0000,0.0500,2.0847,-2.0000,0.0000,0.0500,281,0,1,
4.6931,10204,204125,3704,0,7,1,0,2.0836,-2.0000,0.0000,0.0500,2.0844,-2.0000,0.0000,0.0500,282,0,1,
4.7131,10205,204145,3703,0,7,1,0,2.0824,-2.0000,0.0000,0.0500,2.0839,-2.0000,0.0000,0.0500,283,0,1,
4.7330,10206,204165,3703,0,7,1,0,2.0824,-2.0000,0.0000,0.0500,2.0834,-2.0000,0.0000,0.0500,284,0,1,
4.7531,10207,204185,3703,0,7,1,0,2.0824,-2.0000,0.0000,0.0500,2.0831,-2.0000,0.0000,0.0500,285,0,1,
4.7731,10208,204205,3704,0,7,1,0,2.0836,-2.0000,0.0000,0.0500,2.0829,-2.0000,0.0000,0.0500,286,0,1,
4.7930,10209,204225,3704,0,7,1,0,2.0836,-2.0000,0.0000,0.0500,2.0832,-2.0000,0.0000,0.0500,287,0,1,
4.8225,10210,204245,3704,0,7,1,0,2.0836,-2.0000,0.0000,0.0500,2.0833,-2.0000,0.0000,0.0500,288,0,1,
4.8330,10211,204265,3704,0,7,1,0,2.0836,-2.0000,0.0000,0.0500,2.0834,-2.0000,0.0000,0.0500,289,0,1,
4.8531,10212,204285,3704,0,7,1,0,2.0836,-2.0000,0.0000,0.0500,2.0835,-2.0000,0.0000,0.0500,290,0,1,
4.8731,10213,204305,3704,0,7,1,0,2.0836,-2.0000,0.0000,0.0500,2.0835,-2.0000,0.0000,0.0500,291,0,1,
4.8930,10214,204325,3705,0,7,1,0,2.0849,-2.0000,0.0000,0.0500,2.0837,-2.0000,0.0000,0.0500,292,0,1,
4.9131,10215,204345,3705,0,7,1,0,2.0849,-2.0000,0.0000,0.0500,2.0841,-2.0000,0.0000,0.0500,293,0,1,
4.9330,10216,204365,3705,0,7,1,0,2.0849,-2.0000,0.0000,0.0500,2.0844,-2.0000,0.0000,0.0500,294,0,1,
4.9531,10217,204385,3705,0,7,1,0,2.0849,-2.0000,0.0000,0.0500,2.0846,-2.0000,0.0000,0.0500,295,0,1,
4.9731,10218,204405,3705,0,7,1,0,2.0849,-2.0000,0.0000,0.0500,2.0847,-2.0000,0.0000,0.0500,296,0,1,
4.9931,10219,204425,3705,0,7,1,0,2.0849,-2.0000,0.0000,0.0500,2.0848,-2.0000,0.0000,0.0500,297,0,1,
5.0131,10220,204445,3705,0,7,1,0,2.0849,-2.0000,0.0000,0.0500,2.0848,-2.0000,0.0000,0.0500,298,0,1,
5.0331,10221,204465,3705,0,7,1,0,2.0849,-2.0000,0.0000,0.0500,2.0849,-2.0000,0.0000,0.0500,299,0,1,
5.0586,10222,204485,3705,0,7,1,0,2.0849,-2.0000,0.0000,0.0500,2.0849,-2.0000,0.0000,0.0500,300,0,1,
5.0730,10223,204505,3705,0,7,1,0,2.0849,-2.0000,0.0000,0.0500,2.0849,-2.0000,0.0000,0.0500,301,0,1,
5.0931,10224,204525,3704,0,7,1,0,2.0836,-2.0000,0.0000,0.0500,2.0848,-2.0000,0.0000,0.0500,302,0,1,
5.1130,10225,204545,3705,0,7,1,0,2.0849,-2.0000,0.0000,0.0500,2.0845,-2.0000,0.0000,0.0500,303,0,1,
5.1330,10226,204565,3705,0,6,1,0,2.0849,-2.0000,0.0000,0.0500,2.0847,-2.0000,0.0000,0.0500,304,0,1,
5.1531,10227,204585,3704,0,6,1,0,2.0836,-2.0000,0.0000,0.0500,2.0846,-2.0000,0.0000,0.0500,305,0,1,
5.1731,10228,204605,3703,0,7,1,0,2.0824,-2.0000,0.0000,0.0500,2.0841,-2.0000,0.0000,0.0500,306,0,1,
5.1931,10229,204625,3704,0,7,1,0,2.0836,-2.0000,0.0000,0.0500,2.0836,-2.0000,0.0000,0.0500,307,0,1,
5.2131,10230,204645,3704,0,7,1,0,2.0836,-2.0000,0.0000,0.0500,2.0836,-2.0000,0.0000,0.0500,308,0,1,
5.2331,10231,204665,3704,0,7,1,0,2.0836,-2.0000,0.0000,0.0500,2.0836,-2.0000,0.0000,0.0500,309,0,1,
5.2530,10232,204685,3704,0,7,1,0,2.0836,-2.0000,0.0000,0.0500,2.0836,-2.0000,0.0000,0.0500,310,0,1,
5.2731,10233,204705,3704,0,7,1,0,2.0836,-2.0000,0.0000,0.0500,2.0836,-2.0000,0.0000,0.0500,311,0,1,
5.2931,10234,204725,3705,0,7,1,0,2.0849,-2.0000,0.0000,0.0500,2.0838,-2.0000,0.0000,0.0500,312,0,1,
5.3331,10236,204765,3705,0,7,1,0,2.0849,-2.0000,0.0000,0.0500,2.0842,-2.0000,0.0000,0.0500,314,0,1,7.00
5.3530,10237,204785,3705,0,7,1,0,2.0849,-2.0000,0.0000,0.0500,2.0845,-2.0000,0.0000,0.0500,315,0,1,
5.3730,10238,204805,3705,0,7,1,0,2.0849,-2.0000,0.0000,0.0500,2.0846,-2.0000,0.0000,0.0500,316,0,1,
5.3930,10239,204825,3705,0,7,1,0,2.0849,-2.0000,0.0000,0.0500,2.0847,-2.0000,0.0000,0.0500,317,0,1,
5.4131,10240,204845,3706,0,7,1,0,2.0862,-2.0000,0.0000,0.0500,2.0849,-2.0000,0.0000,0.0500,318,0,1,
5.4331,10241,204865,3705,0,7,1,0,2.0849,-2.0000,0.0000,0.0500,2.0852,-2.0000,0.0000,0.0500,319,0,1,
5.4530,10242,204885,3705,0,7,1,0,2.0849,-2.0000,0.0000,0.0500,2.0851,-2.0000,0.0000,0.0500,320,0,1,
5.4731,10243,204905,3705,0,7,1,0,2.0849,-2.0000,0.0000,0.0500,2.0850,-2.0000,0.0000,0.0500,321,0,1,
5.4931,10244,204925,3705,0,7,1,0,2.0849,-2.0000,0.0000,0.0500,2.0850,-2.0000,0.0000,0.0500,322,0,1,
5.5131,10245,204945,3705,0,7,1,0,2.0849,-2.0000,0.0000,0.0500,2.0850,-2.0000,0.0000,0.0500,323,0,1,
5.5331,10246,204965,3705,0,7,1,0,2.0849,-2.0000,0.0000,0.0500,2.0849,-2.0000,0.0000,0.0500,324,0,1,
5.5532,10247,204985,3704,0,7,1,0,2.0836,-2.0000,0.0000,0.0500,2.0848,-2.0000,0.0000,0.0500,325,0,1,
5.5793,10248,205005,3704,0,7,1,0,2.0836,-2.0000,0.0000,0.0500,2.0847,-2.0000,0.0000,0.0500,326,0,1,
5.5931,10249,205025,3703,0,7,1,0,2.0824,-2.0000,0.0000,0.0500,2.0843,-2.0000,0.0000,0.0500,327,0,1,
5.6132,10250,205045,3703,0,7,1,0,2.0824,-2.0000,0.0000,0.0500,2.0835,-2.0000,0.0000,0.0500,328,0,1,
5.6330,10251,205065,3703,0,7,1,0,2.0824,-2.0000,0.0000,0.0500,2.0831,-2.0000,0.0000,0.0500,329,0,1,
5.6530,10252,205085,3705,0,7,1,0,2.0849,-2.0000,0.0000,0.0500,2.0831,-2.0000,0.0000,0.0500,330,0,1,
5.6731,10253,205105,3705,0,7,1,0,2.0849,-2.0000,0.0000,0.0500,2.0837,-2.0000,0.0000,0.0500,331,0,1,
5.6931,10254,205125,3705,0,7,1,0,2.0849,-2.0000,0.0000,0.0500,2.0842,-2.0000,0.0000,0.0500,332,0,1,
5.7131,10255,205145,3705,0,7,1,0,2.0849,-2.0000,0.0000,0.0500,2.0844,-2.0000,0.0000,0.0500,333,0,1,
5.7330,10256,205165,3705,0,7,1,0,2.0849,-2.0000,0.0000,0.0500,2.0846,-2.0000,0.0000,0.0500,334,0,1,
5.7531,10257,205185,3705,0,6,1,0,2.0849,-2.0000,0.0000,0.0500,2.0847,-2.0000,0.0000,0.0500,335,0,1,
5.7731,10258,205205,3706,0,6,1,0,2.0862,-2.0000,0.0000,0.0500,2.0849,-2.0000,0.0000,0.0500,336,0,1,
5.7932,10259,205225,3705,0,6,1,0,2.0849,-2.0000,0.0000,0.0500,2.0853,-2.0000,0.0000,0.0500,337,0,1,
5.8331,10261,205265,3704,0,7,1,0,2.0836,-2.0000,0.0000,0.0500,2.0850,-2.0000,0.0000,0.0500,339,0,1,
5.8531,10262,205285,3704,0,7,1,0,2.0836,-2.0000,0.0000,0.0500,2.0845,-2.0000,0.0000,0.0500,340,0,1,
5.8731,10263,205305,3704,0,7,1,0,2.0836,-2.0000,0.0000,0.0500,2.0842,-2.0000,0.0000,0.0500,341,0,1,
5.8931,10264,205325,3704,0,7,1,0,2.0836,-2.0000,0.0000,0.0500,2.0840,-2.0000,0.0000,0.0500,342,0,1,
5.9133,10265,205345,3705,0,7,1,0,2.0849,-2.0000,0.0000,0.0500,2.0840,-2.0000,0.0000,0.0500,343,0,1,
5.9331,10266,205365,3704,0,7,1,0,2.0836,-2.0000,0.0000,0.0500,2.0842,-2.0000,0.0000,0.0500,344,0,1,
5.9532,10267,205385,3704,0,7,1,0,2.0836,-2.0000,0.0000,0.0500,2.0840,-2.0000,0.0000,0.0500,345,0,1,
5.9731,10268,205405,3704,0,7,1,0,2.0836,-2.0000,0.0000,0.0500,2.0839,-2.0000,0.0000,0.0500,346,0,1,
5.9931,10269,205425,3704,0,7,1,0,2.0836,-2.0000,0.0000,0.0500,2.0838,-2.0000,0.0000,0.0500,347,0,1,
6.0130,10270,205445,3705,0,7,1,0,2.0849,-2.0000,0.0000,0.0500,2.0839,-2.0000,0.0000,0.0500,348,0,1,
6.0331,10271,205465,3703,0,7,1,0,2.0824,-2.0000,0.0000,0.0500,2.0840,-2.0000,0.0000,0.0500,349,0,1,
6.0530,10272,205485,3705,0,7,1,0,2.0849,-2.0000,0.0000,0.0500,2.0836,-2.0000,0.0000,0.0500,350,0,1,
6.0794,10273,205505,3706,0,7,1,0,2.0862,-2.0000,0.0000,0.0500,2.0839,-2.0000,0.0000,0.0500,351,0,1,
6.0930,10274,205525,3705,0,7,1,0,2.0849,-2.0000,0.0000,0.0500,2.0842,-2.0000,0.0000,0.0500,352,0,1,
6.1131,10275,205545,3705,0,7,1,0,2.0849,-2.0000,0.0000,0.0500,2.0845,-2.0000,0.0000,0.0500,353,0,1,
6.1330,10276,205565,3705,0,7,1,0,2.0849,-2.0000,0.0000,0.0500,2.0846,-2.0000,0.0000,0.0500,354,0,1,
6.1531,10277,205585,3705,0,7,1,0,2.0849,-2.0000,0.0000,0.0500,2.0848,-2.0000,0.0000,0.0500,355,0,1,
6.1731,10278,205605,3704,0,7,1,0,2.0836,-2.0000,0.0000,0.0500,2.0847,-2.0000,0.0000,0.0500,356,0,1,
6.1930,10279,205625,3704,0,7,1,0,2.0836,-2.0000,0.0000,0.0500,2.0843,-2.0000,0.0000,0.0500,357,0,1,
6.2131,10280,205645,3705,0,7,1,0,2.0849,-2.0000,0.0000,0.0500,2.0842,-2.0000,0.0000,0.0500,358,0,1,
6.2332,10281,205665,3704,0,7,1,0,2.0836,-2.0000,0.0000,0.0500,2.0843,-2.0000,0.0000,0.0500,359,0,1,
6.2531,10282,205685,3704,0,6,1,0,2.0836,-2.0000,0.0000,0.0500,2.0841,-2.0000,0.0000,0.0500,360,0,1,
6.2732,10283,205705,3704,0,7,1,0,2.0836,-2.0000,0.0000,0.0500,2.0839,-2.0000,0.0000,0.0500,361,0,1,
6.2931,10284,205725,3703,0,7,1,0,2.0824,-2.0000,0.0000,0.0500,2.0837,-2.0000,0.0000,0.0500,362,0,1,
6.3360,10285,205745,3703,0,7,1,0,2.0824,-2.0000,0.0000,0.0500,2.0832,-2.0000,0.0000,0.0500,363,0,1,
6.3363,10286,205765,3703,0,7,1,0,2.0824,-2.0000,0.0000,0.0500,2.0832,-2.0000,0.0000,0.0500,364,0,1,2.01
6.3531,10287,205785,3703,0,7,1,0,2.0824,-2.0000,0.0000,0.0500,2.0830,-2.0000,0.0000,0.0500,365,0,1,
6.3730,10288,205805,3703,0,7,1,0,2.0824,-2.0000,0.0000,0.0500,2.0827,-2.0000,0.0000,0.0500,366,0,1,
6.3931,10289,205825,3704,0,7,1,0,2.0836,-2.0000,0.0000,0.0500,2.0827,-2.0000,0.0000,0.0500,367,0,1,
6.4130,10290,205845,3705,0,7,1,0,2.0849,-2.0000,0.0000,0.0500,2.0832,-2.0000,0.0000,0.0500,368,0,1,
6.4330,10291,205865,3705,0,7,1,0,2.0849,-2.0000,0.0000,0.0500,2.0839,-2.0000,0.0000,0.0500,369,0,1,
6.4530,10292,205885,3705,0,7,1,0,2.0849,-2.0000,0.0000,0.0500,2.0842,-2.0000,0.0000,0.0500,370,0,1,
6.4731,10293,205905,3705,0,7,1,0,2.0849,-2.0000,0.0000,0.0500,2.0845,-2.0000,0.0000,0.0500,371,0,1,
6.4931,10294,205925,3705,0,8,1,0,2.0849,-2.0000,0.0000,0.0500,2.0846,-2.0000,0.0000,0.0500,372,0,1,
6.5131,10295,205945,3705,0,8,1,0,2.0849,-2.0000,0.0000,0.0500,2.0848,-2.0000,0.0000,0.0500,373,0,1,
6.5331,10296,205965,3706,0,7,1,0,2.0862,-2.0000,0.0000,0.0500,2.0849,-2.0000,0.0000,0.0500,374,0,1,
6.5531,10297,205985,3706,0,7,1,0,2.0862,-2.0000,0.0000,0.0500,2.0854,-2.0000,0.0000,0.0500,375,0,1,
6.5793,10298,206005,3706,0,7,1,0,2.0862,-2.0000,0.0000,0.0500,2.0856,-2.0000,0.0000,0.0500,376,0,1,
6.5931,10299,206025,3705,0,7,1,0,2.0849,-2.0000,0.0000,0.0500,2.0856,-2.0000,0.0000,0.0500,377,0,1,
6.6133,10300,206045,3706,0,7,1,0,2.0862,-2.0000,0.0000,0.0500,2.0854,-2.0000,0.0000,0.0500,378,0,1,
6.6331,10301,206065,3706,0,7,1,0,2.0862,-2.0000,0.0000,0.0500,2.0857,-2.0000,0.0000,0.0500,379,0,1,
6.6531,10302,206085,3705,0,7,1,0,2.0849,-2.0000,0.0000,0.0500,2.0857,-2.0000,0.0000,0.0500,380,0,1,
6.6731,10303,206105,3705,0,7,1,0,2.0849,-2.0000,0.0000,0.0500,2.0854,-2.0000,0.0000,0.0500,381,0,1,
6.6930,10304,206125,3704,0,7,1,0,2.0836,-2.0000,0.0000,0.0500,2.0851,-2.0000,0.0000,0.0500,382,0,1,
6.7130,10305,206145,3704,0,7,1,0,2.0836,-2.0000,0.0000,0.0500,2.0845,-2.0000,0.0000,0.0500,383,0,1,
6.7330,10306,206165,3705,0,7,1,0,2.0849,-2.0000,0.0000,0.0500,2.0843,-2.0000,0.0000,0.0500,384,0,1,
6.7531,10307,206185,3705,0,7,1,0,2.0849,-2.0000,0.0000,0.0500,2.0845,-2.0000,0.0000,0.0500,385,0,1,
6.7731,10308,206205,3705,0,7,1,0,2.0849,-2.0000,0.0000,0.0500,2.0847,-2.0000,0.0000,0.0500,386,0,1,
6.7932,10309,206225,3705,0,7,1,0,2.0849,-2.0000,0.0000,0.0500,2.0848,-2.0000,0.0000,0.0500,387,0,1,
6.8362,10311,206265,3704,0,7,1,0,2.0836,-2.0000,0.0000,0.0500,2.0847,-2.0000,0.0000,0.0500,389,0,1,
6.8531,10312,206285,3704,0,7,1,0,2.0836,-2.0000,0.0000,0.0500,2.0843,-2.0000,0.0000,0.0500,390,0,1,
6.8730,10313,206305,3704,0,7,1,0,2.0836,-2.0000,0.0000,0.0500,2.0841,-2.0000,0.0000,0.0500,391,0,1,
6.8931,10314,206325,3703,0,7,1,0,2.0824,-2.0000,0.0000,0.0500,2.0838,-2.0000,0.0000,0.0500,392,0,1,
6.9131,10315,206345,3705,0,7,1,0,2.0849,-2.0000,0.0000,0.0500,2.0836,-2.0000,0.0000,0.0500,393,0,1,
6.9331,10316,206365,3704,0,7,1,0,2.0836,-2.0000,0.0000,0.0500,2.0840,-2.0000,0.0000,0.0500,394,0,1,
6.9531,10317,206385,3705,0,7,1,0,2.0849,-2.0000,0.0000,0.0500,2.0840,-2.0000,0.0000,0.0500,395,0,1,
6.9731,10318,206405,3705,0,7,1,0,2.0849,-2.0000,0.0000,0.0500,2.0844,-2.0000,0.0000,0.0500,396,0,1,
6.9931,10319,206425,3705,0,7,1,0,2.0849,-2.0000,0.0000,0.0500,2.0846,-2.0000,0.0000,0.0500,397,0,1,
7.0134,10320,206445,3706,0,7,1,0,2.0862,-2.0000,0.0000,0.0500,2.0848,-2.0000,0.0000,0.0500,398,0,1,
7.0331,10321,206465,3705,0,7,1,0,2.0849,-2.0000,0.0000,0.0500,2.0852,-2.0000,0.0000,0.0500,399,0,1,
7.0531,10322,206485,3706,0,7,1,0,2.0862,-2.0000,0.0000,0.0500,2.0852,-2.0000,0.0000,0.0500,400,0,1,
7.0861,10323,206505,3705,0,7,1,0,2.0849,-2.0000,0.0000,0.0500,2.0853,-2.0000,0.0000,0.0500,401,0,1,
7.0930,10324,206525,3705,0,7,1,0,2.0849,-2.0000,0.0000,0.0500,2.0853,-2.0000,0.0000,0.0500,402,0,1,
7.1131,10325,206545,3705,0,7,1,0,2.0849,-2.0000,0.0000,0.0500,2.0851,-2.0000,0.0000,0.0500,403,0,1,
7.1331,10326,206565,3704,0,7,1,0,2.0836,-2.0000,0.0000,0.0500,2.0849,-2.0000,0.0000,0.0500,404,0,1,
7.1531,10327,206585,3705,0,7,1,0,2.0849,-2.0000,0.0000,0.0500,2.0846,-2.0000,0.0000,0.0500,405,0,1,
7.1731,10328,206605,3705,0,7,1,0,2.0849,-2.0000,0.0000,0.0500,2.0847,-2.0000,0.0000,0.0500,406,0,1,
7.1931,10329,206625,3705,0,7,1,0,2.0849,-2.0000,0.0000,0.0500,2.0848,-2.0000,0.0000,0.0500,407,0,1,
7.2132,10330,206645,3705,0,7,1,0,2.0849,-2.0000,0.0000,0.0500,2.0848,-2.0000,0.0000,0.0500,408,0,1,
7.2330,10331,206665,3705,0,7,1,0,2.0849,-2.0000,0.0000,0.0500,2.0849,-2.0000,0.0000,0.0500,409,0,1,
7.2531,10332,206685,3705,0,7,1,0,2.0849,-2.0000,0.0000,0.0500,2.0849,-2.0000,0.0000,0.0500,410,0,1,
7.2731,10333,206705,3705,0,7,1,0,2.0849,-2.0000,0.0000,0.0500,2.0849,-2.0000,0.0000,0.0500,411,0,1,
7.2931,10334,206725,3705,0,7,1,0,2.0849,-2.0000,0.0000,0.0500,2.0849,-2.0000,0.0000,0.0500,412,0,1,
7.3292,10335,206745,3706,0,8,1,0,2.0862,-2.0000,0.0000,0.0500,2.0850,-2.0000,0.0000,0.0500,413,0,1,
7.3361,10336,206765,3707,0,8,1,0,2.0874,-2.0000,0.0000,0.0500,2.0853,-2.0000,0.0000,0.0500,414,0,1,
7.3532,10337,206785,3707,0,7,1,0,2.0874,-2.0000,0.0000,0.0500,2.0858,-2.0000,0.0000,0.0500,415,0,1,
7.3731,10338,206805,3707,0,7,1,0,2.0874,-2.0000,0.0000,0.0500,2.0865,-2.0000,0.0000,0.0500,416,0,1,2.01
7.3931,10339,206825,3706,0,7,1,0,2.0862,-2.0000,0.0000,0.0500,2.0867,-2.0000,0.0000,0.0500,417,0,1,
7.4131,10340,206845,3706,0,7,1,0,2.0862,-2.0000,0.0000,0.0500,2.0865,-2.0000,0.0000,0.0500,418,0,1,
7.4330,10341,206865,3705,0,7,1,0,2.0849,-2.0000,0.0000,0.0500,2.0862,-2.0000,0.0000,0.0500,419,0,1,
7.4531,10342,206885,3705,0,7,1,0,2.0849,-2.0000,0.0000,0.0500,2.0857,-2.0000,0.0000,0.0500,420,0,1,
7.4732,10343,206905,3705,0,7,1,0,2.0849,-2.0000,0.0000,0.0500,2.0854,-2.0000,0.0000,0.0500,421,0,1,
7.4931,10344,206925,3705,0,7,1,0,2.0849,-2.0000,0.0000,0.0500,2.0852,-2.0000,0.0000,0.0500,422,0,1,
7.5131,10345,206945,3704,0,7,1,0,2.0836,-2.0000,0.0000,0.0500,2.0850,-2.0000,0.0000,0.0500,423,0,1,
7.5331,10346,206965,3705,0,8,1,0,2.0849,-2.0000,0.0000,0.0500,2.0846,-2.0000,0.0000,0.0500,424,0,1,
7.5530,10347,206985,3705,0,8,1,0,2.0849,-2.0000,0.0000,0.0500,2.0848,-2.0000,0.0000,0.0500,425,0,1,
7.5790,10348,207005,3704,0,7,1,0,2.0836,-2.0000,0.0000,0.0500,2.0847,-2.0000,0.0000,0.0500,426,0,1,
7.5931,10349,207025,3704,0,7,1,0,2.0836,-2.0000,0.0000,0.0500,2.0846,-2.0000,0.0000,0.0500,427,0,1,
7.6132,10350,207045,3704,0,7,1,0,2.0836,-2.0000,0.0000,0.0500,2.0843,-2.0000,0.0000,0.0500,428,0,1,
7.6336,10351,207065,3705,0,7,1,0,2.0849,-2.0000,0.0000,0.0500,2.0842,-2.0000,0.0000,0.0500,429,0,1,
7.6531,10352,207085,3705,0,6,1,0,2.0849,-2.0000,0.0000,0.0500,2.0845,-2.0000,0.0000,0.0500,430,0,1,
7.6731,10353,207105,3705,0,7,1,0,2.0849,-2.0000,0.0000,0.0500,2.0846,-2.0000,0.0000,0.0500,431,0,1,
7.6931,10354,207125,3704,0,7,1,0,2.0836,-2.0000,0.0000,0.0500,2.0846,-2.0000,0.0000,0.0500,432,0,1,
7.7131,10355,207145,3705,0,7,1,0,2.0849,-2.0000,0.0000,0.0500,2.0844,-2.0000,0.0000,0.0500,433,0,1,
7.7331,10356,207165,3705,0,7,1,0,2.0849,-2.0000,0.0000,0.0500,2.0846,-2.0000,0.0000,0.0500,434,0,1,
7.7531,10357,207185,3704,0,7,1,0,2.0836,-2.0000,0.0000,0.0500,2.0846,-2.0000,0.0000,0.0500,435,0,1,
7.7730,10358,207205,3705,0,7,1,0,2.0849,-2.0000,0.0000,0.0500,2.0844,-2.0000,0.0000,0.0500,436,0,1,
7.7931,10359,207225,3705,0,7,1,0,2.0849,-2.0000,0.0000,0.0500,2.0846,-2.0000,0.0000,0.0500,437,0,1,
7.8131,10360,207245,3705,0,7,1,0,2.0849,-2.0000,0.0000,0.0500,2.0847,-2.0000,0.0000,0.0500,438,0,1,
7.8431,10361,207265,3704,0,7,1,0,2.0836,-2.0000,0.0000,0.0500,2.0846,-2.0000,0.0000,0.0500,439,0,1,
7.8531,10362,207285,3705,0,7,1,0,2.0849,-2.0000,0.0000,0.0500,2.0846,-2.0000,0.0000,0.0500,440,0,1,
7.8731,10363,207305,3704,0,7,1,0,2.0836,-2.0000,0.0000,0.0500,2.0846,-2.0000,0.0000,0.0500,441,0,1,
7.8931,10364,207325,3704,0,7,1,0,2.0836,-2.0000,0.0000,0.0500,2.0842,-2.0000,0.0000,0.0500,442,0,1,
7.9130,10365,207345,3704,0,7,1,0,2.0836,-2.0000,0.0000,0.0500,2.0840,-2.0000,0.0000,0.0500,443,0,1,
7.9332,10366,207365,3704,0,7,1,0,2.0836,-2.0000,0.0000,0.0500,2.0839,-2.0000,0.0000,0.0500,444,0,1,
7.9531,10367,207385,3704,0,7,1,0,2.0836,-2.0000,0.0000,0.0500,2.0838,-2.0000,0.0000,0.0500,445,0,1,
7.9731,10368,207405,3704,0,6,1,0,2.0836,-2.0000,0.0000,0.0500,2.0837,-2.0000,0.0000,0.0500,446,0,1,
7.9931,10369,207425,3704,0,6,1,0,2.0836,-2.0000,0.0000,0.0500,2.0837,-2.0000,0.0000,0.0500,447,0,1,
8.0131,10370,207445,3704,0,6,1,0,2.0836,-2.0000,0.0000,0.0500,2.0837,-2.0000,0.0000,0.0500,448,0,1,
8.0331,10371,207465,3705,0,6,1,0,2.0849,-2.0000,0.0000,0.0500,2.0838,-2.0000,0.0000,0.0500,449,0,1,
8.0531,10372,207485,3705,0,6,1,0,2.0849,-2.0000,0.0000,0.0500,2.0842,-2.0000,0.0000,0.0500,450,0,1,
8.0998,10374,207525,3706,0,7,1,0,2.0862,-2.0000,0.0000,0.0500,2.0846,-2.0000,0.0000,0.0500,452,0,1,
8.1131,10375,207545,3706,0,7,1,0,2.0862,-2.0000,0.0000,0.0500,2.0850,-2.0000,0.0000,0.0500,453,0,1,
8.1331,10376,207565,3705,0,7,1,0,2.0849,-2.0000,0.0000,0.0500,2.0854,-2.0000,0.0000,0.0500,454,0,1,
8.1531,10377,207585,3706,0,7,1,0,2.0862,-2.0000,0.0000,0.0500,2.0853,-2.0000,0.0000,0.0500,455,0,1,
8.1731,10378,207605,3706,0,7,1,0,2.0862,-2.0000,0.0000,0.0500,2.0857,-2.0000,0.0000,0.0500,456,0,1,
8.1931,10379,207625,3706,0,8,1,0,2.0862,-2.0000,0.0000,0.0500,2.0858,-2.0000,0.0000,0.0500,457,0,1,
8.2131,10380,207645,3706,0,7,1,0,2.0862,-2.0000,0.0000,0.0500,2.0860,-2.0000,0.0000,0.0500,458,0,1,
8.2331,10381,207665,3706,0,7,1,0,2.0862,-2.0000,0.0000,0.0500,2.0860,-2.0000,0.0000,0.0500,459,0,1,
8.2531,10382,207685,3705,0,8,1,0,2.0849,-2.0000,0.0000,0.0500,2.0860,-2.0000,0.0000,0.0500,460,0,1,
8.2731,10383,207705,3705,0,7,1,0,2.0849,-2.0000,0.0000,0.0500,2.0855,-2.0000,0.0000,0.0500,461,0,1,
8.2932,10384,207725,3705,0,7,1,0,2.0849,-2.0000,0.0000,0.0500,2.0853,-2.0000,0.0000,0.0500,462,0,1,
8.3132,10385,207745,3706,0,7,1,0,2.0862,-2.0000,0.0000,0.0500,2.0853,-2.0000,0.0000,0.0500,463,0,1,
8.3500,10386,207765,3705,0,7,1,0,2.0849,-2.0000,0.0000,0.0500,2.0855,-2.0000,0.0000,0.0500,464,0,1,
8.3533,10387,207785,3705,0,7,1,0,2.0849,-2.0000,0.0000,0.0500,2.0854,-2.0000,0.0000,0.0500,465,0,1,
8.3731,10388,207805,3704,0,7,1,0,2.0836,-2.0000,0.0000,0.0500,2.0851,-2.0000,0.0000,0.0500,466,0,1,2.14
8.3931,10389,207825,3705,0,7,1,0,2.0849,-2.0000,0.0000,0.0500,2.0847,-2.0000,0.0000,0.0500,467,0,1,
8.4131,10390,207845,3705,0,7,1,0,2.0849,-2.0000,0.0000,0.0500,2.0848,-2.0000,0.0000,0.0500,468,0,1,
8.4331,10391,207865,3705,0,7,1,0,2.0849,-2.0000,0.0000,0.0500,2.0848,-2.0000,0.0000,0.0500,469,0,1,
8.4531,10392,207885,3705,0,7,1,0,2.0849,-2.0000,0.0000,0.0500,2.0849,-2.0000,0.0000,0.0500,470,0,1,
8.4731,10393,207905,3705,0,7,1,0,2.0849,-2.0000,0.0000,0.0500,2.0849,-2.0000,0.0000,0.0500,471,0,1,
8.4931,10394,207925,3705,0,7,1,0,2.0849,-2.0000,0.0000,0.0500,2.0849,-2.0000,0.0000,0.0500,472,0,1,
8.5131,10395,207945,3705,0,7,1,0,2.0849,-2.0000,0.0000,0.0500,2.0849,-2.0000,0.0000,0.0500,473,0,1,
8.5331,10396,207965,3704,0,7,1,0,2.0836,-2.0000,0.0000,0.0500,2.0848,-2.0000,0.0000,0.0500,474,0,1,
8.5531,10397,207985,3704,0,8,1,0,2.0836,-2.0000,0.0000,0.0500,2.0843,-2.0000,0.0000,0.0500,475,0,1,
8.5731,10398,208005,3704,0,7,1,0,2.0836,-2.0000,0.0000,0.0500,2.0841,-2.0000,0.0000,0.0500,476,0,1,
8.6068,10399,208025,3704,0,7,1,0,2.0836,-2.0000,0.0000,0.0500,2.0840,-2.0000,0.0000,0.0500,477,0,1,
8.6131,10400,208045,3704,0,7,1,0,2.0836,-2.0000,0.0000,0.0500,2.0839,-2.0000,0.0000,0.0500,478,0,1,
8.6331,10401,208065,3705,0,7,1,0,2.0849,-2.0000,0.0000,0.0500,2.0840,-2.0000,0.0000,0.0500,479,0,1,
8.6531,10402,208085,3705,0,7,1,0,2.0849,-2.0000,0.0000,0.0500,2.0843,-2.0000,0.0000,0.0500,480,0,1,
8.6732,10403,208105,3704,0,7,1,0,2.0836,-2.0000,0.0000,0.0500,2.0844,-2.0000,0.0000,0.0500,481,0,1,
8.6931,10404,208125,3704,0,7,1,0,2.0836,-2.0000,0.0000,0.0500,2.0841,-2.0000,0.0000,0.0500,482,0,1,
8.7130,10405,208145,3705,0,7,1,0,2.0849,-2.0000,0.0000,0.0500,2.0841,-2.0000,0.0000,0.0500,483,0,1,
8.7331,10406,208165,3704,0,7,1,0,2.0836,-2.0000,0.0000,0.0500,2.0842,-2.0000,0.0000,0.0500,484,0,1,
8.7531,10407,208185,3705,0,7,1,0,2.0849,-2.0000,0.0000,0.0500,2.0841,-2.0000,0.0000,0.0500,485,0,1,
8.7731,10408,208205,3705,0,7,1,0,2.0849,-2.0000,0.0000,0.0500,2.0844,-2.0000,0.0000,0.0500,486,0,1,
8.7930,10409,208225,3705,0,7,1,0,2.0849,-2.0000,0.0000,0.0500,2.0846,-2.0000,0.0000,0.0500,487,0,1,
8.8131,10410,208245,3706,0,7,1,0,2.0862,-2.0000,0.0000,0.0500,2.0848,-2.0000,0.0000,0.0500,488,0,1,
8.8567,10411,208265,3705,0,7,1,0,2.0849,-2.0000,0.0000,0.0500,2.0853,-2.0000,0.0000,0.0500,489,0,1,
8.8570,10412,208285,3705,0,7,1,0,2.0849,-2.0000,0.0000,0.0500,2.0852,-2.0000,0.0000,0.0500,490,0,1,
8.8731,10413,208305,3706,0,7,1,0,2.0862,-2.0000,0.0000,0.0500,2.0853,-2.0000,0.0000,0.0500,491,0,1,
8.8931,10414,208325,3706,0,7,1,0,2.0862,-2.0000,0.0000,0.0500,2.0856,-2.0000,0.0000,0.0500,492,0,1,
8.9131,10415,208345,3705,0,7,1,0,2.0849,-2.0000,0.0000,0.0500,2.0857,-2.0000,0.0000,0.0500,493,0,1,
8.9331,10416,208365,3705,0,7,1,0,2.0849,-2.0000,0.0000,0.0500,2.0854,-2.0000,0.0000,0.0500,494,0,1,
8.9531,10417,208385,3707,0,7,1,0,2.0874,-2.0000,0.0000,0.0500,2.0855,-2.0000,0.0000,0.0500,495,0,1,
8.9731,10418,208405,3706,0,7,1,0,2.0862,-2.0000,0.0000,0.0500,2.0860,-2.0000,0.0000,0.0500,496,0,1,
8.9931,10419,208425,3705,0,7,1,0,2.0849,-2.0000,0.0000,0.0500,2.0859,-2.0000,0.0000,0.0500,497,0,1,
9.0131,10420,208445,3704,0,7,1,0,2.0836,-2.0000,0.0000,0.0500,2.0855,-2.0000,0.0000,0.0500,498,0,1,
9.0331,10421,208465,3705,0,7,1,0,2.0849,-2.0000,0.0000,0.0500,2.0850,-2.0000,0.0000,0.0500,499,0,1,
9.0532,10422,208485,3705,0,7,1,0,2.0849,-2.0000,0.0000,0.0500,2.0849,-2.0000,0.0000,0.0500,500,0,1,
9.0731,10423,208505,3704,0,7,1,0,2.0836,-2.0000,0.0000,0.0500,2.0848,-2.0000,0.0000,0.0500,501,0,1,
9.1069,10424,208525,3703,0,7,1,0,2.0824,-2.0000,0.0000,0.0500,2.0843,-2.0000,0.0000,0.0500,502,0,1,
9.1131,10425,208545,3705,0,7,1,0,2.0849,-2.0000,0.0000,0.0500,2.0843,-2.0000,0.0000,0.0500,503,0,1,
9.1331,10426,208565,3705,0,7,1,0,2.0849,-2.0000,0.0000,0.0500,2.0845,-2.0000,0.0000,0.0500,504,0,1,
9.1530,10427,208585,3705,0,7,1,0,2.0849,-2.0000,0.0000,0.0500,2.0847,-2.0000,0.0000,0.0500,505,0,1,
9.1731,10428,208605,3705,0,7,1,0,2.0849,-2.0000,0.0000,0.0500,2.0848,-2.0000,0.0000,0.0500,506,0,1,
9.1932,10429,208625,3704,0,7,1,0,2.0836,-2.0000,0.0000,0.0500,2.0847,-2.0000,0.0000,0.0500,507,0,1,
9.2131,10430,208645,3705,0,7,1,0,2.0849,-2.0000,0.0000,0.0500,2.0845,-2.0000,0.0000,0.0500,508,0,1,
9.2331,10431,208665,3705,0,7,1,0,2.0849,-2.0000,0.0000,0.0500,2.0846,-2.0000,0.0000,0.0500,509,0,1,
9.2530,10432,208685,3705,0,7,1,0,2.0849,-2.0000,0.0000,0.0500,2.0847,-2.0000,0.0000,0.0500,510,0,1,
9.2731,10433,208705,3705,0,7,1,0,2.0849,-2.0000,0.0000,0.0500,2.0848,-2.0000,0.0000,0.0500,511,0,1,
9.2931,10434,208725,3705,0,7,1,0,2.0849,-2.0000,0.0000,0.0500,2.0848,-2.0000,0.0000,0.0500,512,0,1,
9.3131,10435,208745,3705,0,7,1,0,2.0849,-2.0000,0.0000,0.0500,2.0849,-2.0000,0.0000,0.0500,513,0,1,
9.3331,10436,208765,3705,0,7,1,0,2.0849,-2.0000,0.0000,0.0500,2.0849,-2.0000,0.0000,0.0500,514,0,1,
9.3641,10437,208785,3705,0,7,1,0,2.0849,-2.0000,0.0000,0.0500,2.0849,-2.0000,0.0000,0.0500,515,0,1,2.14
9.3731,10438,208805,3705,0,7,1,0,2.0849,-2.0000,0.0000,0.0500,2.0849,-2.0000,0.0000,0.0500,516,0,1,
9.3931,10439,208825,3704,0,7,1,0,2.0836,-2.0000,0.0000,0.0500,2.0848,-2.0000,0.0000,0.0500,517,0,1,
9.4131,10440,208845,3705,0,8,1,0,2.0849,-2.0000,0.0000,0.0500,2.0845,-2.0000,0.0000,0.0500,518,0,1,
9.4331,10441,208865,3705,0,7,1,0,2.0849,-2.0000,0.0000,0.0500,2.0847,-2.0000,0.0000,0.0500,519,0,1,
9.4531,10442,208885,3706,0,8,1,0,2.0862,-2.0000,0.0000,0.0500,2.0849,-2.0000,0.0000,0.0500,520,0,1,
9.4733,10443,208905,3705,0,8,1,0,2.0849,-2.0000,0.0000,0.0500,2.0853,-2.0000,0.0000,0.0500,521,0,1,
9.4931,10444,208925,3705,0,7,1,0,2.0849,-2.0000,0.0000,0.0500,2.0852,-2.0000,0.0000,0.0500,522,0,1,
9.5131,10445,208945,3706,0,7,1,0,2.0862,-2.0000,0.0000,0.0500,2.0852,-2.0000,0.0000,0.0500,523,0,1,
9.5332,10446,208965,3705,0,7,1,0,2.0849,-2.0000,0.0000,0.0500,2.0854,-2.0000,0.0000,0.0500,524,0,1,
9.5532,10447,208985,3705,0,8,1,0,2.0849,-2.0000,0.0000,0.0500,2.0852,-2.0000,0.0000,0.0500,525,0,1,
9.5731,10448,209005,3705,0,7,1,0,2.0849,-2.0000,0.0000,0.0500,2.0851,-2.0000,0.0000,0.0500,526,0,1,
9.5998,10449,209025,3705,0,7,1,0,2.0849,-2.0000,0.0000,0.0500,2.0850,-2.0000,0.0000,0.0500,527,0,1,
9.6137,10450,209045,3706,0,7,1,0,2.0862,-2.0000,0.0000,0.0500,2.0851,-2.0000,0.0000,0.0500,528,0,1,
9.6331,10451,209065,3706,0,7,1,0,2.0862,-2.0000,0.0000,0.0500,2.0855,-2.0000,0.0000,0.0500,529,0,1,
9.6532,10452,209085,3706,0,7,1,0,2.0862,-2.0000,0.0000,0.0500,2.0857,-2.0000,0.0000,0.0500,530,0,1,
9.6731,10453,209105,3705,0,6,1,0,2.0849,-2.0000,0.0000,0.0500,2.0858,-2.0000,0.0000,0.0500,531,0,1,
9.6931,10454,209125,3704,0,6,1,0,2.0836,-2.0000,0.0000,0.0500,2.0854,-2.0000,0.0000,0.0500,532,0,1,
9.7131,10455,209145,3704,0,7,1,0,2.0836,-2.0000,0.0000,0.0500,2.0847,-2.0000,0.0000,0.0500,533,0,1,
9.7330,10456,209165,3705,0,7,1,0,2.0849,-2.0000,0.0000,0.0500,2.0844,-2.0000,0.0000,0.0500,534,0,1,
9.7531,10457,209185,3705,0,7,1,0,2.0849,-2.0000,0.0000,0.0500,2.0846,-2.0000,0.0000,0.0500,535,0,1,
9.7732,10458,209205,3705,0,7,1,0,2.0849,-2.0000,0.0000,0.0500,2.0847,-2.0000,0.0000,0.0500,536,0,1,
9.7931,10459,209225,3705,0,7,1,0,2.0849,-2.0000,0.0000,0.0500,2.0848,-2.0000,0.0000,0.0500,537,0,1,
9.8131,10460,209245,3704,0,7,1,0,2.0836,-2.0000,0.0000,0.0500,2.0847,-2.0000,0.0000,0.0500,538,0,1,
9.8331,10461,209265,3705,0,7,1,0,2.0849,-2.0000,0.0000,0.0500,2.0845,-2.0000,0.0000,0.0500,539,0,1,
9.8638,10462,209285,3705,0,7,1,0,2.0849,-2.0000,0.0000,0.0500,2.0846,-2.0000,0.0000,0.0500,540,0,1,
9.8731,10463,209305,3705,0,7,1,0,2.0849,-2.0000,0.0000,0.0500,2.0846,-2.0000,0.0000,0.0500,541,0,1,
9.8932,10464,209325,3704,0,7,1,0,2.0836,-2.0000,0.0000,0.0500,2.0846,-2.0000,0.0000,0.0500,542,0,1,
9.9131,10465,209345,3705,0,6,1,0,2.0849,-2.0000,0.0000,0.0500,2.0844,-2.0000,0.0000,0.0500,543,0,1,
9.9332,10466,209365,3706,0,6,1,0,2.0862,-2.0000,0.0000,0.0500,2.0847,-2.0000,0.0000,0.0500,544,0,1,
9.9531,10467,209385,3706,0,6,1,0,2.0862,-2.0000,0.0000,0.0500,2.0852,-2.0000,0.0000,0.0500,545,0,1,
9.9731,10468,209405,3705,0,6,1,0,2.0849,-2.0000,0.0000,0.0500,2.0855,-2.0000,0.0000,0.0500,546,0,1,
9.9931,10469,209425,3705,0,7,1,0,2.0849,-2.0000,0.0000,0.0500,2.0853,-2.0000,0.0000,0.0500,547,0,1,
10.0132,10470,209445,3704,0,7,1,0,2.0836,-2.0000,0.0000,0.0500,2.0850,-2.0000,0.0000,0.0500,548,0,1,
10.0331,10471,209465,3704,0,7,1,0,2.0836,-2.0000,0.0000,0.0500,2.0845,-2.0000,0.0000,0.0500,549,0,1,
10.0533,10472,209485,3704,0,6,1,0,2.0836,-2.0000,0.0000,0.0500,2.0842,-2.0000,0.0000,0.0500,550,0,1,
10.0731,10473,209505,3703,0,6,1,0,2.0824,-2.0000,0.0000,0.0500,2.0839,-2.0000,0.0000,0.0500,551,0,1,
10.0932,10474,209525,3703,0,6,1,0,2.0824,-2.0000,0.0000,0.0500,2.0834,-2.0000,0.0000,0.0500,552,0,1,
10.1206,10475,209545,3704,0,7,1,0,2.0836,-2.0000,0.0000,0.0500,2.0834,-2.0000,0.0000,0.0500,553,0,1,
10.1331,10476,209565,3703,0,7,1,0,2.0824,-2.0000,0.0000,0.0500,2.0833,-2.0000,0.0000,0.0500,554,0,1,
10.1531,10477,209585,3704,0,7,1,0,2.0836,-2.0000,0.0000,0.0500,2.0831,-2.0000,0.0000,0.0500,555,0,1,
10.1731,10478,209605,3705,0,7,1,0,2.0849,-2.0000,0.0000,0.0500,2.0834,-2.0000,0.0000,0.0500,556,0,1,
10.1931,10479,209625,3704,0,8,1,0,2.0836,-2.0000,0.0000,0.0500,2.0838,-2.0000,0.0000,0.0500,557,0,1,
10.2131,10480,209645,3703,0,7,1,0,2.0824,-2.0000,0.0000,0.0500,2.0836,-2.0000,0.0000,0.0500,558,0,1,
10.2332,10481,209665,3703,0,7,1,0,2.0824,-2.0000,0.0000,0.0500,2.0832,-2.0000,0.0000,0.0500,559,0,1,
10.2531,10482,209685,3702,0,7,1,0,2.0811,-2.0000,0.0000,0.0500,2.0827,-2.0000,0.0000,0.0500,560,0,1,
10.2732,10483,209705,3703,0,7,1,0,2.0824,-2.0000,0.0000,0.0500,2.0823,-2.0000,0.0000,0.0500,561,0,1,
10.2932,10484,209725,3703,0,7,1,0,2.0824,-2.0000,0.0000,0.0500,2.0823,-2.0000,0.0000,0.0500,562,0,1,
10.3132,10485,209745,3702,0,7,1,0,2.0811,-2.0000,0.0000,0.0500,2.0822,-2.0000,0.0000,0.0500,563,0,1,
10.3332,10486,209765,3704,0,7,1,0,2.0836,-2.0000,0.0000,0.0500,2.0821,-2.0000,0.0000,0.0500,564,0,1,
10.3708,10487,209785,3704,0,7,1,0,2.0836,-2.0000,0.0000,0.0500,2.0826,-2.0000,0.0000,0.0500,565,0,1,6.93
10.3731,10488,209805,3705,0,7,1,0,2.0849,-2.0000,0.0000,0.0500,2.0829,-2.0000,0.0000,0.0500,566,0,1,
10.3931,10489,209825,3705,0,7,1,0,2.0849,-2.0000,0.0000,0.0500,2.0836,-2.0000,0.0000,0.0500,567,0,1,
10.4131,10490,209845,3706,0,7,1,0,2.0862,-2.0000,0.0000,0.0500,2.0842,-2.0000,0.0000,0.0500,568,0,1,
10.4331,10491,209865,3705,0,7,1,0,2.0849,-2.0000,0.0000,0.0500,2.0848,-2.0000,0.0000,0.0500,569,0,1,
10.4531,10492,209885,3705,0,7,1,0,2.0849,-2.0000,0.0000,0.0500,2.0848,-2.0000,0.0000,0.0500,570,0,1,
10.4731,10493,209905,3705,0,7,1,0,2.0849,-2.0000,0.0000,0.0500,2.0849,-2.0000,0.0000,0.0500,571,0,1,
10.4931,10494,209925,3705,0,7,1,0,2.0849,-2.0000,0.0000,0.0500,2.0849,-2.0000,0.0000,0.0500,572,0,1,
10.5131,10495,209945,3706,0,7,1,0,2.0862,-2.0000,0.0000,0.0500,2.0850,-2.0000,0.0000,0.0500,573,0,1,
10.5331,10496,209965,3706,0,7,1,0,2.0862,-2.0000,0.0000,0.0500,2.0855,-2.0000,0.0000,0.0500,574,0,1,
10.5531,10497,209985,3705,0,7,1,0,2.0849,-2.0000,0.0000,0.0500,2.0856,-2.0000,0.0000,0.0500,575,0,1,
10.5731,10498,210005,3706,0,7,1,0,2.0862,-2.0000,0.0000,0.0500,2.0855,-2.0000,0.0000,0.0500,576,0,1,
10.5931,10499,210025,3705,0,7,1,0,2.0849,-2.0000,0.0000,0.0500,2.0856,-2.0000,0.0000,0.0500,577,0,1,
10.6206,10500,210045,3706,0,7,1,0,2.0862,-2.0000,0.0000,0.0500,2.0856,-2.0000,0.0000,0.0500,578,0,1,
10.6332,10501,210065,3705,0,7,1,0,2.0849,-2.0000,0.0000,0.0500,2.0856,-2.0000,0.0000,0.0500,579,0,1,
10.6531,10502,210085,3705,0,7,1,0,2.0849,-2.0000,0.0000,0.0500,2.0854,-2.0000,0.0000,0.0500,580,0,1,
10.6731,10503,210105,3705,0,7,1,0,2.0849,-2.0000,0.0000,0.0500,2.0852,-2.0000,0.0000,0.0500,581,0,1,
10.6931,10504,210125,3705,0,7,1,0,2.0849,-2.0000,0.0000,0.0500,2.0851,-2.0000,0.0000,0.0500,582,0,1,
10.7132,10505,210145,3705,0,6,1,0,2.0849,-2.0000,0.0000,0.0500,2.0850,-2.0000,0.0000,0.0500,583,0,1,
10.7330,10506,210165,3706,0,6,1,0,2.0862,-2.0000,0.0000,0.0500,2.0851,-2.0000,0.0000,0.0500,584,0,1,
10.7531,10507,210185,3705,0,7,1,0,2.0849,-2.0000,0.0000,0.0500,2.0853,-2.0000,0.0000,0.0500,585,0,1,
10.7731,10508,210205,3704,0,8,1,0,2.0836,-2.0000,0.0000,0.0500,2.0850,-2.0000,0.0000,0.0500,586,0,1,
10.7931,10509,210225,3705,0,8,1,0,2.0849,-2.0000,0.0000,0.0500,2.0847,-2.0000,0.0000,0.0500,587,0,1,
10.8131,10510,210245,3705,0,8,1,0,2.0849,-2.0000,0.0000,0.0500,2.0848,-2.0000,0.0000,0.0500,588,0,1,
10.8331,10511,210265,3704,0,8,1,0,2.0836,-2.0000,0.0000,0.0500,2.0847,-2.0000,0.0000,0.0500,589,0,1,
10.8531,10512,210285,3704,0,8,1,0,2.0836,-2.0000,0.0000,0.0500,2.0843,-2.0000,0.0000,0.0500,590,0,1,
10.8775,10513,210305,3705,0,8,1,0,2.0849,-2.0000,0.0000,0.0500,2.0843,-2.0000,0.0000,0.0500,591,0,1,
10.8931,10514,210325,3703,0,7,1,0,2.0824,-2.0000,0.0000,0.0500,2.0842,-2.0000,0.0000,0.0500,592,0,1,
10.9131,10515,210345,3704,0,7,1,0,2.0836,-2.0000,0.0000,0.0500,2.0837,-2.0000,0.0000,0.0500,593,0,1,
10.9331,10516,210365,3704,0,7,1,0,2.0836,-2.0000,0.0000,0.0500,2.0837,-2.0000,0.0000,0.0500,594,0,1,
10.9532,10517,210385,3704,0,7,1,0,2.0836,-2.0000,0.0000,0.0500,2.0837,-2.0000,0.0000,0.0500,595,0,1,
10.9731,10518,210405,3704,0,7,1,0,2.0836,-2.0000,0.0000,0.0500,2.0837,-2.0000,0.0000,0.0500,596,0,1,
10.9931,10519,210425,3704,0,7,1,0,2.0836,-2.0000,0.0000,0.0500,2.0837,-2.0000,0.0000,0.0500,597,0,1,
11.0131,10520,210445,3704,0,7,1,0,2.0836,-2.0000,0.0000,0.0500,2.0837,-2.0000,0.0000,0.0500,598,0,1,
11.0331,10521,210465,3705,0,8,1,0,2.0849,-2.0000,0.0000,0.0500,2.0838,-2.0000,0.0000,0.0500,599,0,1,
11.0531,10522,210485,3704,0,7,1,0,2.0836,-2.0000,0.0000,0.0500,2.0840,-2.0000,0.0000,0.0500,600,0,1,
11.0731,10523,210505,3704,0,8,1,0,2.0836,-2.0000,0.0000,0.0500,2.0839,-2.0000,0.0000,0.0500,601,0,1,
11.0931,10524,210525,3704,0,8,1,0,2.0836,-2.0000,0.0000,0.0500,2.0838,-2.0000,0.0000,0.0500,602,0,1,
11.1274,10525,210545,3705,0,8,1,0,2.0849,-2.0000,0.0000,0.0500,2.0839,-2.0000,0.0000,0.0500,603,0,1,
11.1345,10526,210565,3705,0,7,1,0,2.0849,-2.0000,0.0000,0.0500,2.0840,-2.0000,0.0000,0.0500,604,0,1,
11.1531,10527,210585,3705,0,7,1,0,2.0849,-2.0000,0.0000,0.0500,2.0843,-2.0000,0.0000,0.0500,605,0,1,
11.1732,10528,210605,3704,0,7,1,0,2.0836,-2.0000,0.0000,0.0500,2.0844,-2.0000,0.0000,0.0500,606,0,1,
11.1931,10529,210625,3704,0,7,1,0,2.0836,-2.0000,0.0000,0.0500,2.0841,-2.0000,0.0000,0.0500,607,0,1,
11.2131,10530,210645,3705,0,8,1,0,2.0849,-2.0000,0.0000,0.0500,2.0841,-2.0000,0.0000,0.0500,608,0,1,
11.2331,10531,210665,3705,0,8,1,0,2.0849,-2.0000,0.0000,0.0500,2.0843,-2.0000,0.0000,0.0500,609,0,1,
11.2532,10532,210685,3705,0,8,1,0,2.0849,-2.0000,0.0000,0.0500,2.0846,-2.0000,0.0000,0.0500,610,0,1,
11.2731,10533,210705,3705,0,7,1,0,2.0849,-2.0000,0.0000,0.0500,2.0847,-2.0000,0.0000,0.0500,611,0,1,
11.2931,10534,210725,3704,0,7,1,0,2.0836,-2.0000,0.0000,0.0500,2.0847,-2.0000,0.0000,0.0500,612,0,1,
11.3131,10535,210745,3704,0,7,1,0,2.0836,-2.0000,0.0000,0.0500,2.0843,-2.0000,0.0000,0.0500,613,0,1,
11.3331,10536,210765,3704,0,7,1,0,2.0836,-2.0000,0.0000,0.0500,2.0841,-2.0000,0.0000,0.0500,614,0,1,
11.3532,10537,210785,3705,0,8,1,0,2.0849,-2.0000,0.0000,0.0500,2.0840,-2.0000,0.0000,0.0500,615,0,1,
11.3847,10538,210805,3705,0,7,1,0,2.0849,-2.0000,0.0000,0.0500,2.0843,-2.0000,0.0000,0.0500,616,0,1,2.22
11.3931,10539,210825,3704,0,7,1,0,2.0836,-2.0000,0.0000,0.0500,2.0842,-2.0000,0.0000,0.0500,617,0,1,
11.4131,10540,210845,3704,0,7,1,0,2.0836,-2.0000,0.0000,0.0500,2.0840,-2.0000,0.0000,0.0500,618,0,1,
11.4330,10541,210865,3704,0,7,1,0,2.0836,-2.0000,0.0000,0.0500,2.0839,-2.0000,0.0000,0.0500,619,0,1,
11.4532,10542,210885,3704,0,7,1,0,2.0836,-2.0000,0.0000,0.0500,2.0838,-2.0000,0.0000,0.0500,620,0,1,
11.4731,10543,210905,3705,0,7,1,0,2.0849,-2.0000,0.0000,0.0500,2.0839,-2.0000,0.0000,0.0500,621,0,1,
11.4931,10544,210925,3705,0,7,1,0,2.0849,-2.0000,0.0000,0.0500,2.0842,-2.0000,0.0000,0.0500,622,0,1,
11.5131,10545,210945,3704,0,7,1,0,2.0836,-2.0000,0.0000,0.0500,2.0844,-2.0000,0.0000,0.0500,623,0,1,
11.5331,10546,210965,3704,0,7,1,0,2.0836,-2.0000,0.0000,0.0500,2.0841,-2.0000,0.0000,0.0500,624,0,1,
11.5531,10547,210985,3705,0,7,1,0,2.0849,-2.0000,0.0000,0.0500,2.0841,-2.0000,0.0000,0.0500,625,0,1,
11.5731,10548,211005,3704,0,7,1,0,2.0836,-2.0000,0.0000,0.0500,2.0842,-2.0000,0.0000,0.0500,626,0,1,
11.5931,10549,211025,3704,0,7,1,0,2.0836,-2.0000,0.0000,0.0500,2.0840,-2.0000,0.0000,0.0500,627,0,1,
11.6205,10550,211045,3706,0,7,1,0,2.0862,-2.0000,0.0000,0.0500,2.0841,-2.0000,0.0000,0.0500,628,0,1,
11.6345,10551,211065,3706,0,8,1,0,2.0862,-2.0000,0.0000,0.0500,2.0843,-2.0000,0.0000,0.0500,629,0,1,
11.6531,10552,211085,3706,0,7,1,0,2.0862,-2.0000,0.0000,0.0500,2.0850,-2.0000,0.0000,0.0500,630,0,1,
11.6731,10553,211105,3706,0,7,1,0,2.0862,-2.0000,0.0000,0.0500,2.0854,-2.0000,0.0000,0.0500,631,0,1,
11.6931,10554,211125,3706,0,7,1,0,2.0862,-2.0000,0.0000,0.0500,2.0857,-2.0000,0.0000,0.0500,632,0,1,
11.7131,10555,211145,3706,0,7,1,0,2.0862,-2.0000,0.0000,0.0500,2.0859,-2.0000,0.0000,0.0500,633,0,1,
11.7331,10556,211165,3706,0,7,1,0,2.0862,-2.0000,0.0000,0.0500,2.0860,-2.0000,0.0000,0.0500,634,0,1,
11.7531,10557,211185,3706,0,7,1,0,2.0862,-2.0000,0.0000,0.0500,2.0860,-2.0000,0.0000,0.0500,635,0,1,
11.7731,10558,211205,3705,0,7,1,0,2.0849,-2.0000,0.0000,0.0500,2.0860,-2.0000,0.0000,0.0500,636,0,1,
11.7931,10559,211225,3705,0,7,1,0,2.0849,-2.0000,0.0000,0.0500,2.0855,-2.0000,0.0000,0.0500,637,0,1,
11.8131,10560,211245,3705,0,7,1,0,2.0849,-2.0000,0.0000,0.0500,2.0853,-2.0000,0.0000,0.0500,638,0,1,
11.8332,10561,211265,3705,0,7,1,0,2.0849,-2.0000,0.0000,0.0500,2.0852,-2.0000,0.0000,0.0500,639,0,1,
11.8531,10562,211285,3705,0,7,1,0,2.0849,-2.0000,0.0000,0.0500,2.0851,-2.0000,0.0000,0.0500,640,0,1,
11.8914,10563,211305,3705,0,7,1,0,2.0849,-2.0000,0.0000,0.0500,2.0850,-2.0000,0.0000,0.0500,641,0,1,
11.8931,10564,211325,3705,0,7,1,0,2.0849,-2.0000,0.0000,0.0500,2.0850,-2.0000,0.0000,0.0500,642,0,1,
11.9131,10565,211345,3705,0,7,1,0,2.0849,-2.0000,0.0000,0.0500,2.0850,-2.0000,0.0000,0.0500,643,0,1,
11.9332,10566,211365,3705,0,7,1,0,2.0849,-2.0000,0.0000,0.0500,2.0849,-2.0000,0.0000,0.0500,644,0,1,
11.9531,10567,211385,3706,0,7,1,0,2.0862,-2.0000,0.0000,0.0500,2.0851,-2.0000,0.0000,0.0500,645,0,1,
11.9731,10568,211405,3705,0,7,1,0,2.0849,-2.0000,0.0000,0.0500,2.0854,-2.0000,0.0000,0.0500,646,0,1,
11.9931,10569,211425,3704,0,7,1,0,2.0836,-2.0000,0.0000,0.0500,2.0851,-2.0000,0.0000,0.0500,647,0,1,
12.0131,10570,211445,3705,0,6,1,0,2.0849,-2.0000,0.0000,0.0500,2.0847,-2.0000,0.0000,0.0500,648,0,1,
12.0331,10571,211465,3705,0,7,1,0,2.0849,-2.0000,0.0000,0.0500,2.0848,-2.0000,0.0000,0.0500,649,0,1,
12.0531,10572,211485,3705,0,7,1,0,2.0849,-2.0000,0.0000,0.0500,2.0848,-2.0000,0.0000,0.0500,650,0,1,
12.0732,10573,211505,3705,0,7,1,0,2.0849,-2.0000,0.0000,0.0500,2.0849,-2.0000,0.0000,0.0500,651,0,1,
12.0931,10574,211525,3705,0,7,1,0,2.0849,-2.0000,0.0000,0.0500,2.0849,-2.0000,0.0000,0.0500,652,0,1,
12.1132,10575,211545,3705,0,6,1,0,2.0849,-2.0000,0.0000,0.0500,2.0849,-2.0000,0.0000,0.0500,653,0,1,
12.1413,10576,211565,3706,0,7,1,0,2.0862,-2.0000,0.0000,0.0500,2.0850,-2.0000,0.0000,0.0500,654,0,1,
12.1531,10577,211585,3706,0,7,1,0,2.0862,-2.0000,0.0000,0.0500,2.0853,-2.0000,0.0000,0.0500,655,0,1,
12.1731,10578,211605,3706,0,7,1,0,2.0862,-2.0000,0.0000,0.0500,2.0857,-2.0000,0.0000,0.0500,656,0,1,
12.1931,10579,211625,3706,0,7,1,0,2.0862,-2.0000,0.0000,0.0500,2.0858,-2.0000,0.0000,0.0500,657,0,1,
12.2131,10580,211645,3706,0,7,1,0,2.0862,-2.0000,0.0000,0.0500,2.0860,-2.0000,0.0000,0.0500,658,0,1,
12.2331,10581,211665,3706,0,7,1,0,2.0862,-2.0000,0.0000,0.0500,2.0860,-2.0000,0.0000,0.0500,659,0,1,
12.2531,10582,211685,3706,0,7,1,0,2.0862,-2.0000,0.0000,0.0500,2.0861,-2.0000,0.0000,0.0500,660,0,1,
12.2732,10583,211705,3706,0,7,1,0,2.0862,-2.0000,0.0000,0.0500,2.0861,-2.0000,0.0000,0.0500,661,0,1,
12.2932,10584,211725,3705,0,7,1,0,2.0849,-2.0000,0.0000,0.0500,2.0860,-2.0000,0.0000,0.0500,662,0,1,
12.3131,10585,211745,3705,0,8,1,0,2.0849,-2.0000,0.0000,0.0500,2.0856,-2.0000,0.0000,0.0500,663,0,1,
12.3330,10586,211765,3705,0,8,1,0,2.0849,-2.0000,0.0000,0.0500,2.0853,-2.0000,0.0000,0.0500,664,0,1,
12.3531,10587,211785,3705,0,7,1,0,2.0849,-2.0000,0.0000,0.0500,2.0852,-2.0000,0.0000,0.0500,665,0,1,
12.3984,10589,211825,3705,0,7,1,0,2.0849,-2.0000,0.0000,0.0500,2.0851,-2.0000,0.0000,0.0500,667,0,1,13.91
12.4131,10590,211845,3706,0,8,1,0,2.0862,-2.0000,0.0000,0.0500,2.0851,-2.0000,0.0000,0.0500,668,0,1,
12.4331,10591,211865,3706,0,7,1,0,2.0862,-2.0000,0.0000,0.0500,2.0855,-2.0000,0.0000,0.0500,669,0,1,
12.4532,10592,211885,3705,0,7,1,0,2.0849,-2.0000,0.0000,0.0500,2.0856,-2.0000,0.0000,0.0500,670,0,1,
12.4731,10593,211905,3705,0,7,1,0,2.0849,-2.0000,0.0000,0.0500,2.0854,-2.0000,0.0000,0.0500,671,0,1,
12.4931,10594,211925,3706,0,7,1,0,2.0862,-2.0000,0.0000,0.0500,2.0853,-2.0000,0.0000,0.0500,672,0,1,
12.5131,10595,211945,3705,0,7,1,0,2.0849,-2.0000,0.0000,0.0500,2.0855,-2.0000,0.0000,0.0500,673,0,1,
12.5331,10596,211965,3705,0,7,1,0,2.0849,-2.0000,0.0000,0.0500,2.0853,-2.0000,0.0000,0.0500,674,0,1,
12.5531,10597,211985,3704,0,7,1,0,2.0836,-2.0000,0.0000,0.0500,2.0850,-2.0000,0.0000,0.0500,675,0,1,
12.5731,10598,212005,3705,0,7,1,0,2.0849,-2.0000,0.0000,0.0500,2.0847,-2.0000,0.0000,0.0500,676,0,1,
12.5931,10599,212025,3705,0,7,1,0,2.0849,-2.0000,0.0000,0.0500,2.0848,-2.0000,0.0000,0.0500,677,0,1,
12.6131,10600,212045,3705,0,7,1,0,2.0849,-2.0000,0.0000,0.0500,2.0848,-2.0000,0.0000,0.0500,678,0,1,
12.6481,10601,212065,3705,0,7,1,0,2.0849,-2.0000,0.0000,0.0500,2.0848,-2.0000,0.0000,0.0500,679,0,1,
12.6531,10602,212085,3705,0,7,1,0,2.0849,-2.0000,0.0000,0.0500,2.0849,-2.0000,0.0000,0.0500,680,0,1,
12.6732,10603,212105,3706,0,7,1,0,2.0862,-2.0000,0.0000,0.0500,2.0850,-2.0000,0.0000,0.0500,681,0,1,
12.6933,10604,212125,3705,0,7,1,0,2.0849,-2.0000,0.0000,0.0500,2.0853,-2.0000,0.0000,0.0500,682,0,1,
12.7131,10605,212145,3705,0,7,1,0,2.0849,-2.0000,0.0000,0.0500,2.0851,-2.0000,0.0000,0.0500,683,0,1,
12.7331,10606,212165,3705,0,7,1,0,2.0849,-2.0000,0.0000,0.0500,2.0850,-2.0000,0.0000,0.0500,684,0,1,
12.7532,10607,212185,3705,0,7,1,0,2.0849,-2.0000,0.0000,0.0500,2.0850,-2.0000,0.0000,0.0500,685,0,1,
12.7731,10608,212205,3705,0,7,1,0,2.0849,-2.0000,0.0000,0.0500,2.0850,-2.0000,0.0000,0.0500,686,0,1,
12.7932,10609,212225,3706,0,6,1,0,2.0862,-2.0000,0.0000,0.0500,2.0851,-2.0000,0.0000,0.0500,687,0,1,
12.8131,10610,212245,3705,0,7,1,0,2.0849,-2.0000,0.0000,0.0500,2.0853,-2.0000,0.0000,0.0500,688,0,1,
12.8331,10611,212265,3705,0,7,1,0,2.0849,-2.0000,0.0000,0.0500,2.0852,-2.0000,0.0000,0.0500,689,0,1,
12.8532,10612,212285,3704,0,8,1,0,2.0836,-2.0000,0.0000,0.0500,2.0849,-2.0000,0.0000,0.0500,690,0,1,
12.8732,10613,212305,3704,0,8,1,0,2.0836,-2.0000,0.0000,0.0500,2.0845,-2.0000,0.0000,0.0500,691,0,1,
12.8984,10614,212325,3705,0,7,1,0,2.0849,-2.0000,0.0000,0.0500,2.0845,-2.0000,0.0000,0.0500,692,0,1,
12.9131,10615,212345,3705,0,7,1,0,2.0849,-2.0000,0.0000,0.0500,2.0846,-2.0000,0.0000,0.0500,693,0,1,
12.9331,10616,212365,3705,0,7,1,0,2.0849,-2.0000,0.0000,0.0500,2.0847,-2.0000,0.0000,0.0500,694,0,1,
12.9531,10617,212385,3705,0,7,1,0,2.0849,-2.0000,0.0000,0.0500,2.0848,-2.0000,0.0000,0.0500,695,0,1,
12.9732,10618,212405,3705,0,7,1,0,2.0849,-2.0000,0.0000,0.0500,2.0848,-2.0000,0.0000,0.0500,696,0,1,
12.9931,10619,212425,3705,0,7,1,0,2.0849,-2.0000,0.0000,0.0500,2.0849,-2.0000,0.0000,0.0500,697,0,1,
13.0131,10620,212445,3705,0,7,1,0,2.0849,-2.0000,0.0000,0.0500,2.0849,-2.0000,0.0000,0.0500,698,0,1,
13.0332,10621,212465,3704,0,7,1,0,2.0836,-2.0000,0.0000,0.0500,2.0848,-2.0000,0.0000,0.0500,699,0,1,
13.0531,10622,212485,3705,0,7,1,0,2.0849,-2.0000,0.0000,0.0500,2.0844,-2.0000,0.0000,0.0500,700,0,1,
13.0732,10623,212505,3705,0,7,1,0,2.0849,-2.0000,0.0000,0.0500,2.0846,-2.0000,0.0000,0.0500,701,0,1,
13.0931,10624,212525,3705,0,7,1,0,2.0849,-2.0000,0.0000,0.0500,2.0847,-2.0000,0.0000,0.0500,702,0,1,
13.1132,10625,212545,3705,0,7,1,0,2.0849,-2.0000,0.0000,0.0500,2.0848,-2.0000,0.0000,0.0500,703,0,1,
13.1483,10626,212565,3705,0,7,1,0,2.0849,-2.0000,0.0000,0.0500,2.0848,-2.0000,0.0000,0.0500,704,0,1,
13.1530,10627,212585,3704,0,7,1,0,2.0836,-2.0000,0.0000,0.0500,2.0847,-2.0000,0.0000,0.0500,705,0,1,
13.1731,10628,212605,3704,0,6,1,0,2.0836,-2.0000,0.0000,0.0500,2.0843,-2.0000,0.0000,0.0500,706,0,1,
13.1932,10629,212625,3704,0,7,1,0,2.0836,-2.0000,0.0000,0.0500,2.0841,-2.0000,0.0000,0.0500,707,0,1,
13.2131,10630,212645,3705,0,7,1,0,2.0849,-2.0000,0.0000,0.0500,2.0840,-2.0000,0.0000,0.0500,708,0,1,
13.2331,10631,212665,3705,0,8,1,0,2.0849,-2.0000,0.0000,0.0500,2.0843,-2.0000,0.0000,0.0500,709,0,1,
13.2531,10632,212685,3705,0,8,1,0,2.0849,-2.0000,0.0000,0.0500,2.0846,-2.0000,0.0000,0.0500,710,0,1,
13.2732,10633,212705,3704,0,7,1,0,2.0836,-2.0000,0.0000,0.0500,2.0846,-2.0000,0.0000,0.0500,711,0,1,
13.2932,10634,212725,3705,0,8,1,0,2.0849,-2.0000,0.0000,0.0500,2.0843,-2.0000,0.0000,0.0500,712,0,1,
13.3132,10635,212745,3705,0,7,1,0,2.0849,-2.0000,0.0000,0.0500,2.0845,-2.0000,0.0000,0.0500,713,0,1,
13.3332,10636,212765,3705,0,7,1,0,2.0849,-2.0000,0.0000,0.0500,2.0847,-2.0000,0.0000,0.0500,714,0,1,
13.3531,10637,212785,3705,0,7,1,0,2.0849,-2.0000,0.0000,0.0500,2.0848,-2.0000,0.0000,0.0500,715,0,1,
13.3731,10638,212805,3705,0,7,1,0,2.0849,-2.0000,0.0000,0.0500,2.0848,-2.0000,0.0000,0.0500,716,0,1,
13.4050,10639,212825,3704,0,8,1,0,2.0836,-2.0000,0.0000,0.0500,2.0847,-2.0000,0.0000,0.0500,717,0,1,7.03
13.4132,10640,212845,3705,0,7,1,0,2.0849,-2.0000,0.0000,0.0500,2.0846,-2.0000,0.0000,0.0500,718,0,1,
13.4332,10641,212865,3705,0,7,1,0,2.0849,-2.0000,0.0000,0.0500,2.0847,-2.0000,0.0000,0.0500,719,0,1,
13.4531,10642,212885,3705,0,8,1,0,2.0849,-2.0000,0.0000,0.0500,2.0848,-2.0000,0.0000,0.0500,720,0,1,
13.4731,10643,212905,3705,0,8,1,0,2.0849,-2.0000,0.0000,0.0500,2.0848,-2.0000,0.0000,0.0500,721,0,1,
13.4932,10644,212925,3706,0,7,1,0,2.0862,-2.0000,0.0000,0.0500,2.0850,-2.0000,0.0000,0.0500,722,0,1,
13.5131,10645,212945,3706,0,7,1,0,2.0862,-2.0000,0.0000,0.0500,2.0854,-2.0000,0.0000,0.0500,723,0,1,
13.5332,10646,212965,3705,0,7,1,0,2.0849,-2.0000,0.0000,0.0500,2.0856,-2.0000,0.0000,0.0500,724,0,1,
13.5531,10647,212985,3705,0,7,1,0,2.0849,-2.0000,0.0000,0.0500,2.0853,-2.0000,0.0000,0.0500,725,0,1,
13.5731,10648,213005,3706,0,7,1,0,2.0862,-2.0000,0.0000,0.0500,2.0853,-2.0000,0.0000,0.0500,726,0,1,
13.5931,10649,213025,3706,0,7,1,0,2.0862,-2.0000,0.0000,0.0500,2.0856,-2.0000,0.0000,0.0500,727,0,1,
13.6131,10650,213045,3705,0,7,1,0,2.0849,-2.0000,0.0000,0.0500,2.0857,-2.0000,0.0000,0.0500,728,0,1,
13.6481,10651,213065,3705,0,8,1,0,2.0849,-2.0000,0.0000,0.0500,2.0854,-2.0000,0.0000,0.0500,729,0,1,
13.6550,10652,213085,3705,0,8,1,0,2.0849,-2.0000,0.0000,0.0500,2.0853,-2.0000,0.0000,0.0500,730,0,1,
13.6732,10653,213105,3706,0,7,1,0,2.0862,-2.0000,0.0000,0.0500,2.0853,-2.0000,0.0000,0.0500,731,0,1,
13.6931,10654,213125,3706,0,7,1,0,2.0862,-2.0000,0.0000,0.0500,2.0856,-2.0000,0.0000,0.0500,732,0,1,
13.7131,10655,213145,3706,0,7,1,0,2.0862,-2.0000,0.0000,0.0500,2.0858,-2.0000,0.0000,0.0500,733,0,1,
13.7331,10656,213165,3705,0,7,1,0,2.0849,-2.0000,0.0000,0.0500,2.0858,-2.0000,0.0000,0.0500,734,0,1,
13.7531,10657,213185,3705,0,7,1,0,2.0849,-2.0000,0.0000,0.0500,2.0855,-2.0000,0.0000,0.0500,735,0,1,
13.7731,10658,213205,3705,0,7,1,0,2.0849,-2.0000,0.0000,0.0500,2.0853,-2.0000,0.0000,0.0500,736,0,1,
13.7931,10659,213225,3706,0,7,1,0,2.0862,-2.0000,0.0000,0.0500,2.0853,-2.0000,0.0000,0.0500,737,0,1,
13.8131,10660,213245,3706,0,7,1,0,2.0862,-2.0000,0.0000,0.0500,2.0856,-2.0000,0.0000,0.0500,738,0,1,
13.8331,10661,213265,3706,0,7,1,0,2.0862,-2.0000,0.0000,0.0500,2.0858,-2.0000,0.0000,0.0500,739,0,1,
13.8531,10662,213285,3706,0,8,1,0,2.0862,-2.0000,0.0000,0.0500,2.0859,-2.0000,0.0000,0.0500,740,0,1,
13.8731,10663,213305,3706,0,7,1,0,2.0862,-2.0000,0.0000,0.0500,2.0860,-2.0000,0.0000,0.0500,741,0,1,
13.9131,10665,213345,3706,0,7,1,0,2.0862,-2.0000,0.0000,0.0500,2.0861,-2.0000,0.0000,0.0500,743,0,1,
13.9330,10666,213365,3706,0,8,1,0,2.0862,-2.0000,0.0000,0.0500,2.0861,-2.0000,0.0000,0.0500,744,0,1,
13.9531,10667,213385,3705,0,8,1,0,2.0849,-2.0000,0.0000,0.0500,2.0860,-2.0000,0.0000,0.0500,745,0,1,
13.9731,10668,213405,3705,0,7,1,0,2.0849,-2.0000,0.0000,0.0500,2.0856,-2.0000,0.0000,0.0500,746,0,1,
13.9931,10669,213425,3706,0,7,1,0,2.0862,-2.0000,0.0000,0.0500,2.0855,-2.0000,0.0000,0.0500,747,0,1,
14.0131,10670,213445,3706,0,7,1,0,2.0862,-2.0000,0.0000,0.0500,2.0857,-2.0000,0.0000,0.0500,748,0,1,
14.0331,10671,213465,3705,0,7,1,0,2.0849,-2.0000,0.0000,0.0500,2.0857,-2.0000,0.0000,0.0500,749,0,1,
14.0532,10672,213485,3705,0,7,1,0,2.0849,-2.0000,0.0000,0.0500,2.0854,-2.0000,0.0000,0.0500,750,0,1,
14.0731,10673,213505,3705,0,7,1,0,2.0849,-2.0000,0.0000,0.0500,2.0852,-2.0000,0.0000,0.0500,751,0,1,
14.0931,10674,213525,3706,0,7,1,0,2.0862,-2.0000,0.0000,0.0500,2.0852,-2.0000,0.0000,0.0500,752,0,1,
14.1130,10675,213545,3706,0,7,1,0,2.0862,-2.0000,0.0000,0.0500,2.0855,-2.0000,0.0000,0.0500,753,0,1,
14.1331,10676,213565,3705,0,7,1,0,2.0849,-2.0000,0.0000,0.0500,2.0857,-2.0000,0.0000,0.0500,754,0,1,
14.1620,10677,213585,3705,0,7,1,0,2.0849,-2.0000,0.0000,0.0500,2.0855,-2.0000,0.0000,0.0500,755,0,1,
14.1731,10678,213605,3705,0,7,1,0,2.0849,-2.0000,0.0000,0.0500,2.0854,-2.0000,0.0000,0.0500,756,0,1,
14.1931,10679,213625,3705,0,7,1,0,2.0849,-2.0000,0.0000,0.0500,2.0852,-2.0000,0.0000,0.0500,757,0,1,
14.2131,10680,213645,3704,0,7,1,0,2.0836,-2.0000,0.0000,0.0500,2.0850,-2.0000,0.0000,0.0500,758,0,1,
14.2331,10681,213665,3705,0,7,1,0,2.0849,-2.0000,0.0000,0.0500,2.0846,-2.0000,0.0000,0.0500,759,0,1,
14.2531,10682,213685,3706,0,7,1,0,2.0862,-2.0000,0.0000,0.0500,2.0849,-2.0000,0.0000,0.0500,760,0,1,
14.2731,10683,213705,3706,0,8,1,0,2.0862,-2.0000,0.0000,0.0500,2.0853,-2.0000,0.0000,0.0500,761,0,1,
14.2931,10684,213725,3705,0,7,1,0,2.0849,-2.0000,0.0000,0.0500,2.0855,-2.0000,0.0000,0.0500,762,0,1,
14.3131,10685,213745,3706,0,7,1,0,2.0862,-2.0000,0.0000,0.0500,2.0854,-2.0000,0.0000,0.0500,763,0,1,
14.3331,10686,213765,3705,0,7,1,0,2.0849,-2.0000,0.0000,0.0500,2.0856,-2.0000,0.0000,0.0500,764,0,1,
14.3531,10687,213785,3705,0,7,1,0,2.0849,-2.0000,0.0000,0.0500,2.0853,-2.0000,0.0000,0.0500,765,0,1,
14.3731,10688,213805,3705,0,7,1,0,2.0849,-2.0000,0.0000,0.0500,2.0852,-2.0000,0.0000,0.0500,766,0,1,
14.4133,10690,213845,3705,0,7,1,0,2.0849,-2.0000,0.0000,0.0500,2.0851,-2.0000,0.0000,0.0500,768,0,1,7.11
14.4330,10691,213865,3705,0,7,1,0,2.0849,-2.0000,0.0000,0.0500,2.0850,-2.0000,0.0000,0.0500,769,0,1,
14.4531,10692,213885,3705,0,7,1,0,2.0849,-2.0000,0.0000,0.0500,2.0850,-2.0000,0.0000,0.0500,770,0,1,
14.4731,10693,213905,3705,0,7,1,0,2.0849,-2.0000,0.0000,0.0500,2.0849,-2.0000,0.0000,0.0500,771,0,1,
14.4932,10694,213925,3705,0,7,1,0,2.0849,-2.0000,0.0000,0.0500,2.0849,-2.0000,0.0000,0.0500,772,0,1,
14.5131,10695,213945,3705,0,7,1,0,2.0849,-2.0000,0.0000,0.0500,2.0849,-2.0000,0.0000,0.0500,773,0,1,
14.5332,10696,213965,3705,0,7,1,0,2.0849,-2.0000,0.0000,0.0500,2.0849,-2.0000,0.0000,0.0500,774,0,1,
14.5531,10697,213985,3705,0,7,1,0,2.0849,-2.0000,0.0000,0.0500,2.0849,-2.0000,0.0000,0.0500,775,0,1,
14.5732,10698,214005,3705,0,7,1,0,2.0849,-2.0000,0.0000,0.0500,2.0849,-2.0000,0.0000,0.0500,776,0,1,
14.5931,10699,214025,3705,0,7,1,0,2.0849,-2.0000,0.0000,0.0500,2.0849,-2.0000,0.0000,0.0500,777,0,1,
14.6131,10700,214045,3707,0,7,1,0,2.0874,-2.0000,0.0000,0.0500,2.0852,-2.0000,0.0000,0.0500,778,0,1,
14.6331,10701,214065,3708,0,7,1,0,2.0887,-2.0000,0.0000,0.0500,2.0861,-2.0000,0.0000,0.0500,779,0,1,
14.6732,10703,214105,3706,0,7,1,0,2.0862,-2.0000,0.0000,0.0500,2.0867,-2.0000,0.0000,0.0500,781,0,1,
14.6932,10704,214125,3705,0,7,1,0,2.0849,-2.0000,0.0000,0.0500,2.0864,-2.0000,0.0000,0.0500,782,0,1,
14.7133,10705,214145,3705,0,7,1,0,2.0849,-2.0000,0.0000,0.0500,2.0859,-2.0000,0.0000,0.0500,783,0,1,
14.7332,10706,214165,3704,0,7,1,0,2.0836,-2.0000,0.0000,0.0500,2.0853,-2.0000,0.0000,0.0500,784,0,1,
14.7532,10707,214185,3704,0,6,1,0,2.0836,-2.0000,0.0000,0.0500,2.0848,-2.0000,0.0000,0.0500,785,0,1,
14.7732,10708,214205,3704,0,6,1,0,2.0836,-2.0000,0.0000,0.0500,2.0843,-2.0000,0.0000,0.0500,786,0,1,
14.7931,10709,214225,3704,0,6,1,0,2.0836,-2.0000,0.0000,0.0500,2.0841,-2.0000,0.0000,0.0500,787,0,1,
14.8131,10710,214245,3705,0,7,1,0,2.0849,-2.0000,0.0000,0.0500,2.0841,-2.0000,0.0000,0.0500,788,0,1,
14.8331,10711,214265,3706,0,7,1,0,2.0862,-2.0000,0.0000,0.0500,2.0845,-2.0000,0.0000,0.0500,789,0,1,
14.8532,10712,214285,3706,0,7,1,0,2.0862,-2.0000,0.0000,0.0500,2.0851,-2.0000,0.0000,0.0500,790,0,1,
14.8731,10713,214305,3706,0,7,1,0,2.0862,-2.0000,0.0000,0.0500,2.0855,-2.0000,0.0000,0.0500,791,0,1,
14.8931,10714,214325,3705,0,7,1,0,2.0849,-2.0000,0.0000,0.0500,2.0856,-2.0000,0.0000,0.0500,792,0,1,
14.9190,10715,214345,3705,0,7,1,0,2.0849,-2.0000,0.0000,0.0500,2.0856,-2.0000,0.0000,0.0500,793,0,1,
14.9332,10716,214365,3704,0,7,1,0,2.0836,-2.0000,0.0000,0.0500,2.0852,-2.0000,0.0000,0.0500,794,0,1,
14.9531,10717,214385,3704,0,7,1,0,2.0836,-2.0000,0.0000,0.0500,2.0847,-2.0000,0.0000,0.0500,795,0,1,
14.9732,10718,214405,3705,0,7,1,0,2.0849,-2.0000,0.0000,0.0500,2.0844,-2.0000,0.0000,0.0500,796,0,1,
14.9931,10719,214425,3705,0,6,1,0,2.0849,-2.0000,0.0000,0.0500,2.0846,-2.0000,0.0000,0.0500,797,0,1,
15.0132,10720,214445,3705,0,6,1,0,2.0849,-2.0000,0.0000,0.0500,2.0847,-2.0000,0.0000,0.0500,798,0,1,
15.0332,10721,214465,3704,0,6,1,0,2.0836,-2.0000,0.0000,0.0500,2.0847,-2.0000,0.0000,0.0500,799,0,1,
15.0532,10722,214485,3705,0,6,1,0,2.0849,-2.0000,0.0000,0.0500,2.0844,-2.0000,0.0000,0.0500,800,0,1,
15.0731,10723,214505,3705,0,6,1,0,2.0849,-2.0000,0.0000,0.0500,2.0846,-2.0000,0.0000,0.0500,801,0,1,
15.0931,10724,214525,3705,0,7,1,0,2.0849,-2.0000,0.0000,0.0500,2.0847,-2.0000,0.0000,0.0500,802,0,1,
15.1132,10725,214545,3705,0,7,1,0,2.0849,-2.0000,0.0000,0.0500,2.0848,-2.0000,0.0000,0.0500,803,0,1,
15.1332,10726,214565,3705,0,7,1,0,2.0849,-2.0000,0.0000,0.0500,2.0848,-2.0000,0.0000,0.0500,804,0,1,
15.1731,10728,214605,3705,0,8,1,0,2.0849,-2.0000,0.0000,0.0500,2.0849,-2.0000,0.0000,0.0500,806,0,1,
15.1932,10729,214625,3704,0,8,1,0,2.0836,-2.0000,0.0000,0.0500,2.0848,-2.0000,0.0000,0.0500,807,0,1,
15.2131,10730,214645,3704,0,8,1,0,2.0836,-2.0000,0.0000,0.0500,2.0844,-2.0000,0.0000,0.0500,808,0,1,
15.2332,10731,214665,3705,0,8,1,0,2.0849,-2.0000,0.0000,0.0500,2.0842,-2.0000,0.0000,0.0500,809,0,1,
15.2532,10732,214685,3705,0,7,1,0,2.0849,-2.0000,0.0000,0.0500,2.0844,-2.0000,0.0000,0.0500,810,0,1,
15.2731,10733,214705,3705,0,7,1,0,2.0849,-2.0000,0.0000,0.0500,2.0846,-2.0000,0.0000,0.0500,811,0,1,
15.2931,10734,214725,3705,0,7,1,0,2.0849,-2.0000,0.0000,0.0500,2.0847,-2.0000,0.0000,0.0500,812,0,1,
15.3132,10735,214745,3706,0,7,1,0,2.0862,-2.0000,0.0000,0.0500,2.0849,-2.0000,0.0000,0.0500,813,0,1,
15.3333,10736,214765,3706,0,7,1,0,2.0862,-2.0000,0.0000,0.0500,2.0854,-2.0000,0.0000,0.0500,814,0,1,
15.3533,10737,214785,3706,0,7,1,0,2.0862,-2.0000,0.0000,0.0500,2.0857,-2.0000,0.0000,0.0500,815,0,1,
15.3731,10738,214805,3706,0,7,1,0,2.0862,-2.0000,0.0000,0.0500,2.0859,-2.0000,0.0000,0.0500,816,0,1,
15.3932,10739,214825,3705,0,7,1,0,2.0849,-2.0000,0.0000,0.0500,2.0859,-2.0000,0.0000,0.0500,817,0,1,
15.4258,10740,214845,3705,0,7,1,0,2.0849,-2.0000,0.0000,0.0500,2.0856,-2.0000,0.0000,0.0500,818,0,1,6.97
15.4331,10741,214865,3705,0,7,1,0,2.0849,-2.0000,0.0000,0.0500,2.0855,-2.0000,0.0000,0.0500,819,0,1,
15.4533,10742,214885,3705,0,7,1,0,2.0849,-2.0000,0.0000,0.0500,2.0853,-2.0000,0.0000,0.0500,820,0,1,
15.4732,10743,214905,3705,0,7,1,0,2.0849,-2.0000,0.0000,0.0500,2.0851,-2.0000,0.0000,0.0500,821,0,1,
15.4932,10744,214925,3704,0,7,1,0,2.0836,-2.0000,0.0000,0.0500,2.0849,-2.0000,0.0000,0.0500,822,0,1,
15.5132,10745,214945,3705,0,7,1,0,2.0849,-2.0000,0.0000,0.0500,2.0845,-2.0000,0.0000,0.0500,823,0,1,
15.5331,10746,214965,3705,0,7,1,0,2.0849,-2.0000,0.0000,0.0500,2.0847,-2.0000,0.0000,0.0500,824,0,1,
15.5532,10747,214985,3704,0,7,1,0,2.0836,-2.0000,0.0000,0.0500,2.0846,-2.0000,0.0000,0.0500,825,0,1,
15.5732,10748,215005,3704,0,7,1,0,2.0836,-2.0000,0.0000,0.0500,2.0843,-2.0000,0.0000,0.0500,826,0,1,
15.5932,10749,215025,3704,0,7,1,0,2.0836,-2.0000,0.0000,0.0500,2.0841,-2.0000,0.0000,0.0500,827,0,1,
15.6131,10750,215045,3704,0,7,1,0,2.0836,-2.0000,0.0000,0.0500,2.0839,-2.0000,0.0000,0.0500,828,0,1,
15.6332,10751,215065,3704,0,7,1,0,2.0836,-2.0000,0.0000,0.0500,2.0838,-2.0000,0.0000,0.0500,829,0,1,
15.6687,10752,215085,3704,0,7,1,0,2.0836,-2.0000,0.0000,0.0500,2.0837,-2.0000,0.0000,0.0500,830,0,1,
15.6759,10753,215105,3704,0,7,1,0,2.0836,-2.0000,0.0000,0.0500,2.0837,-2.0000,0.0000,0.0500,831,0,1,
15.6932,10754,215125,3704,0,8,1,0,2.0836,-2.0000,0.0000,0.0500,2.0837,-2.0000,0.0000,0.0500,832,0,1,
15.7131,10755,215145,3704,0,8,1,0,2.0836,-2.0000,0.0000,0.0500,2.0837,-2.0000,0.0000,0.0500,833,0,1,
15.7332,10756,215165,3704,0,8,1,0,2.0836,-2.0000,0.0000,0.0500,2.0837,-2.0000,0.0000,0.0500,834,0,1,
15.7531,10757,215185,3704,0,7,1,0,2.0836,-2.0000,0.0000,0.0500,2.0837,-2.0000,0.0000,0.0500,835,0,1,
15.7732,10758,215205,3705,0,7,1,0,2.0849,-2.0000,0.0000,0.0500,2.0838,-2.0000,0.0000,0.0500,836,0,1,
15.7932,10759,215225,3704,0,7,1,0,2.0836,-2.0000,0.0000,0.0500,2.0840,-2.0000,0.0000,0.0500,837,0,1,
15.8132,10760,215245,3705,0,7,1,0,2.0849,-2.0000,0.0000,0.0500,2.0840,-2.0000,0.0000,0.0500,838,0,1,
15.8332,10761,215265,3705,0,7,1,0,2.0849,-2.0000,0.0000,0.0500,2.0843,-2.0000,0.0000,0.0500,839,0,1,
15.8531,10762,215285,3705,0,7,1,0,2.0849,-2.0000,0.0000,0.0500,2.0846,-2.0000,0.0000,0.0500,840,0,1,
15.8731,10763,215305,3706,0,7,1,0,2.0862,-2.0000,0.0000,0.0500,2.0848,-2.0000,0.0000,0.0500,841,0,1,
15.8931,10764,215325,3705,0,7,1,0,2.0849,-2.0000,0.0000,0.0500,2.0851,-2.0000,0.0000,0.0500,842,0,1,
15.9257,10765,215345,3705,0,7,1,0,2.0849,-2.0000,0.0000,0.0500,2.0851,-2.0000,0.0000,0.0500,843,0,1,
15.9331,10766,215365,3705,0,7,1,0,2.0849,-2.0000,0.0000,0.0500,2.0850,-2.0000,0.0000,0.0500,844,0,1,
15.9533,10767,215385,3705,0,7,1,0,2.0849,-2.0000,0.0000,0.0500,2.0850,-2.0000,0.0000,0.0500,845,0,1,
15.9732,10768,215405,3704,0,7,1,0,2.0836,-2.0000,0.0000,0.0500,2.0848,-2.0000,0.0000,0.0500,846,0,1,
15.9932,10769,215425,3704,0,7,1,0,2.0836,-2.0000,0.0000,0.0500,2.0844,-2.0000,0.0000,0.0500,847,0,1,
16.0132,10770,215445,3705,0,7,1,0,2.0849,-2.0000,0.0000,0.0500,2.0842,-2.0000,0.0000,0.0500,848,0,1,
16.0331,10771,215465,3704,0,7,1,0,2.0836,-2.0000,0.0000,0.0500,2.0843,-2.0000,0.0000,0.0500,849,0,1,
16.0531,10772,215485,3705,0,7,1,0,2.0849,-2.0000,0.0000,0.0500,2.0842,-2.0000,0.0000,0.0500,850,0,1,
16.0731,10773,215505,3705,0,7,1,0,2.0849,-2.0000,0.0000,0.0500,2.0844,-2.0000,0.0000,0.0500,851,0,1,
16.0932,10774,215525,3705,0,7,1,0,2.0849,-2.0000,0.0000,0.0500,2.0846,-2.0000,0.0000,0.0500,852,0,1,
16.1132,10775,215545,3705,0,7,1,0,2.0849,-2.0000,0.0000,0.0500,2.0847,-2.0000,0.0000,0.0500,853,0,1,
16.1331,10776,215565,3705,0,7,1,0,2.0849,-2.0000,0.0000,0.0500,2.0848,-2.0000,0.0000,0.0500,854,0,1,
16.1532,10777,215585,3705,0,7,1,0,2.0849,-2.0000,0.0000,0.0500,2.0848,-2.0000,0.0000,0.0500,855,0,1,
16.1827,10778,215605,3705,0,7,1,0,2.0849,-2.0000,0.0000,0.0500,2.0848,-2.0000,0.0000,0.0500,856,0,1,
16.1931,10779,215625,3705,0,7,1,0,2.0849,-2.0000,0.0000,0.0500,2.0849,-2.0000,0.0000,0.0500,857,0,1,
16.2131,10780,215645,3705,0,8,1,0,2.0849,-2.0000,0.0000,0.0500,2.0849,-2.0000,0.0000,0.0500,858,0,1,
16.2332,10781,215665,3705,0,8,1,0,2.0849,-2.0000,0.0000,0.0500,2.0849,-2.0000,0.0000,0.0500,859,0,1,
16.2531,10782,215685,3705,0,8,1,0,2.0849,-2.0000,0.0000,0.0500,2.0849,-2.0000,0.0000,0.0500,860,0,1,
16.2731,10783,215705,3705,0,7,1,0,2.0849,-2.0000,0.0000,0.0500,2.0849,-2.0000,0.0000,0.0500,861,0,1,
16.2932,10784,215725,3705,0,7,1,0,2.0849,-2.0000,0.0000,0.0500,2.0849,-2.0000,0.0000,0.0500,862,0,1,
16.3131,10785,215745,3704,0,7,1,0,2.0836,-2.0000,0.0000,0.0500,2.0848,-2.0000,0.0000,0.0500,863,0,1,
16.3332,10786,215765,3705,0,7,1,0,2.0849,-2.0000,0.0000,0.0500,2.0844,-2.0000,0.0000,0.0500,864,0,1,
16.3531,10787,215785,3704,0,7,1,0,2.0836,-2.0000,0.0000,0.0500,2.0845,-2.0000,0.0000,0.0500,865,0,1,
16.3731,10788,215805,3704,0,7,1,0,2.0836,-2.0000,0.0000,0.0500,2.0841,-2.0000,0.0000,0.0500,866,0,1,
16.3932,10789,215825,3704,0,8,1,0,2.0836,-2.0000,0.0000,0.0500,2.0840,-2.0000,0.0000,0.0500,867,0,1,
16.4330,10791,215865,3706,0,7,1,0,2.0862,-2.0000,0.0000,0.0500,2.0841,-2.0000,0.0000,0.0500,869,0,1,8.57
16.4531,10792,215885,3706,0,7,1,0,2.0862,-2.0000,0.0000,0.0500,2.0848,-2.0000,0.0000,0.0500,870,0,1,
16.4731,10793,215905,3705,0,7,1,0,2.0849,-2.0000,0.0000,0.0500,2.0851,-2.0000,0.0000,0.0500,871,0,1,
16.4931,10794,215925,3705,0,7,1,0,2.0849,-2.0000,0.0000,0.0500,2.0850,-2.0000,0.0000,0.0500,872,0,1,
16.5132,10795,215945,3705,0,7,1,0,2.0849,-2.0000,0.0000,0.0500,2.0850,-2.0000,0.0000,0.0500,873,0,1,
16.5332,10796,215965,3705,0,7,1,0,2.0849,-2.0000,0.0000,0.0500,2.0850,-2.0000,0.0000,0.0500,874,0,1,
16.5532,10797,215985,3705,0,7,1,0,2.0849,-2.0000,0.0000,0.0500,2.0849,-2.0000,0.0000,0.0500,875,0,1,
16.5731,10798,216005,3705,0,7,1,0,2.0849,-2.0000,0.0000,0.0500,2.0849,-2.0000,0.0000,0.0500,876,0,1,
16.5932,10799,216025,3705,0,7,1,0,2.0849,-2.0000,0.0000,0.0500,2.0849,-2.0000,0.0000,0.0500,877,0,1,
16.6132,10800,216045,3705,0,8,1,0,2.0849,-2.0000,0.0000,0.0500,2.0849,-2.0000,0.0000,0.0500,878,0,1,
16.6332,10801,216065,3705,0,8,1,0,2.0849,-2.0000,0.0000,0.0500,2.0849,-2.0000,0.0000,0.0500,879,0,1,
16.6532,10802,216085,3706,0,8,1,0,2.0862,-2.0000,0.0000,0.0500,2.0850,-2.0000,0.0000,0.0500,880,0,1,
16.6827,10803,216105,3705,0,8,1,0,2.0849,-2.0000,0.0000,0.0500,2.0852,-2.0000,0.0000,0.0500,881,0,1,
16.6932,10804,216125,3705,0,7,1,0,2.0849,-2.0000,0.0000,0.0500,2.0852,-2.0000,0.0000,0.0500,882,0,1,
16.7133,10805,216145,3705,0,7,1,0,2.0849,-2.0000,0.0000,0.0500,2.0851,-2.0000,0.0000,0.0500,883,0,1,
16.7332,10806,216165,3704,0,7,1,0,2.0836,-2.0000,0.0000,0.0500,2.0849,-2.0000,0.0000,0.0500,884,0,1,
16.7532,10807,216185,3704,0,7,1,0,2.0836,-2.0000,0.0000,0.0500,2.0845,-2.0000,0.0000,0.0500,885,0,1,
16.7731,10808,216205,3705,0,7,1,0,2.0849,-2.0000,0.0000,0.0500,2.0842,-2.0000,0.0000,0.0500,886,0,1,
16.7931,10809,216225,3704,0,7,1,0,2.0836,-2.0000,0.0000,0.0500,2.0843,-2.0000,0.0000,0.0500,887,0,1,
16.8131,10810,216245,3705,0,7,1,0,2.0849,-2.0000,0.0000,0.0500,2.0842,-2.0000,0.0000,0.0500,888,0,1,
16.8332,10811,216265,3706,0,7,1,0,2.0862,-2.0000,0.0000,0.0500,2.0846,-2.0000,0.0000,0.0500,889,0,1,
16.8532,10812,216285,3705,0,7,1,0,2.0849,-2.0000,0.0000,0.0500,2.0850,-2.0000,0.0000,0.0500,890,0,1,
16.8731,10813,216305,3704,0,7,1,0,2.0836,-2.0000,0.0000,0.0500,2.0849,-2.0000,0.0000,0.0500,891,0,1,
16.8932,10814,216325,3705,0,7,1,0,2.0849,-2.0000,0.0000,0.0500,2.0846,-2.0000,0.0000,0.0500,892,0,1,
16.9187,10815,216345,3705,0,7,1,0,2.0849,-2.0000,0.0000,0.0500,2.0847,-2.0000,0.0000,0.0500,893,0,1,
16.9331,10816,216365,3705,0,7,1,0,2.0849,-2.0000,0.0000,0.0500,2.0847,-2.0000,0.0000,0.0500,894,0,1,
16.9531,10817,216385,3706,0,7,1,0,2.0862,-2.0000,0.0000,0.0500,2.0849,-2.0000,0.0000,0.0500,895,0,1,
16.9732,10818,216405,3705,0,7,1,0,2.0849,-2.0000,0.0000,0.0500,2.0852,-2.0000,0.0000,0.0500,896,0,1,
16.9932,10819,216425,3705,0,7,1,0,2.0849,-2.0000,0.0000,0.0500,2.0851,-2.0000,0.0000,0.0500,897,0,1,
17.0132,10820,216445,3705,0,7,1,0,2.0849,-2.0000,0.0000,0.0500,2.0850,-2.0000,0.0000,0.0500,898,0,1,
17.0332,10821,216465,3705,0,8,1,0,2.0849,-2.0000,0.0000,0.0500,2.0850,-2.0000,0.0000,0.0500,899,0,1,
17.0532,10822,216485,3705,0,8,1,0,2.0849,-2.0000,0.0000,0.0500,2.0850,-2.0000,0.0000,0.0500,900,0,1,
17.0732,10823,216505,3705,0,7,1,0,2.0849,-2.0000,0.0000,0.0500,2.0849,-2.0000,0.0000,0.0500,901,0,1,
17.0932,10824,216525,3705,0,7,1,0,2.0849,-2.0000,0.0000,0.0500,2.0849,-2.0000,0.0000,0.0500,902,0,1,
17.1132,10825,216545,3705,0,7,1,0,2.0849,-2.0000,0.0000,0.0500,2.0849,-2.0000,0.0000,0.0500,903,0,1,
17.1332,10826,216565,3705,0,7,1,0,2.0849,-2.0000,0.0000,0.0500,2.0849,-2.0000,0.0000,0.0500,904,0,1,
17.1532,10827,216585,3705,0,7,1,0,2.0849,-2.0000,0.0000,0.0500,2.0849,-2.0000,0.0000,0.0500,905,0,1,
17.1896,10828,216605,3705,0,7,1,0,2.0849,-2.0000,0.0000,0.0500,2.0849,-2.0000,0.0000,0.0500,906,0,1,
17.1931,10829,216625,3705,0,7,1,0,2.0849,-2.0000,0.0000,0.0500,2.0849,-2.0000,0.0000,0.0500,907,0,1,
17.2131,10830,216645,3705,0,7,1,0,2.0849,-2.0000,0.0000,0.0500,2.0849,-2.0000,0.0000,0.0500,908,0,1,
17.2331,10831,216665,3705,0,7,1,0,2.0849,-2.0000,0.0000,0.0500,2.0849,-2.0000,0.0000,0.0500,909,0,1,
17.2531,10832,216685,3706,0,7,1,0,2.0862,-2.0000,0.0000,0.0500,2.0850,-2.0000,0.0000,0.0500,910,0,1,
17.2731,10833,216705,3706,0,7,1,0,2.0862,-2.0000,0.0000,0.0500,2.0854,-2.0000,0.0000,0.0500,911,0,1,
17.2932,10834,216725,3705,0,7,1,0,2.0849,-2.0000,0.0000,0.0500,2.0856,-2.0000,0.0000,0.0500,912,0,1,
17.3132,10835,216745,3705,0,7,1,0,2.0849,-2.0000,0.0000,0.0500,2.0853,-2.0000,0.0000,0.0500,913,0,1,
17.3331,10836,216765,3705,0,7,1,0,2.0849,-2.0000,0.0000,0.0500,2.0852,-2.0000,0.0000,0.0500,914,0,1,
17.3532,10837,216785,3705,0,7,1,0,2.0849,-2.0000,0.0000,0.0500,2.0851,-2.0000,0.0000,0.0500,915,0,1,
17.3731,10838,216805,3705,0,7,1,0,2.0849,-2.0000,0.0000,0.0500,2.0850,-2.0000,0.0000,0.0500,916,0,1,
17.3932,10839,216825,3705,0,7,1,0,2.0849,-2.0000,0.0000,0.0500,2.0850,-2.0000,0.0000,0.0500,917,0,1,
17.4132,10840,216845,3705,0,7,1,0,2.0849,-2.0000,0.0000,0.0500,2.0849,-2.0000,0.0000,0.0500,918,0,1,
17.4398,10841,216865,3704,0,7,1,0,2.0836,-2.0000,0.0000,0.0500,2.0848,-2.0000,0.0000,0.0500,919,0,1,2.13
17.4533,10842,216885,3704,0,7,1,0,2.0836,-2.0000,0.0000,0.0500,2.0845,-2.0000,0.0000,0.0500,920,0,1,
17.4731,10843,216905,3705,0,7,1,0,2.0849,-2.0000,0.0000,0.0500,2.0843,-2.0000,0.0000,0.0500,921,0,1,
17.4932,10844,216925,3705,0,7,1,0,2.0849,-2.0000,0.0000,0.0500,2.0846,-2.0000,0.0000,0.0500,922,0,1,
17.5133,10845,216945,3706,0,7,1,0,2.0862,-2.0000,0.0000,0.0500,2.0848,-2.0000,0.0000,0.0500,923,0,1,
17.5332,10846,216965,3706,0,7,1,0,2.0862,-2.0000,0.0000,0.0500,2.0853,-2.0000,0.0000,0.0500,924,0,1,
17.5532,10847,216985,3705,0,7,1,0,2.0849,-2.0000,0.0000,0.0500,2.0855,-2.0000,0.0000,0.0500,925,0,1,
17.5732,10848,217005,3705,0,7,1,0,2.0849,-2.0000,0.0000,0.0500,2.0853,-2.0000,0.0000,0.0500,926,0,1,
17.5932,10849,217025,3703,0,6,1,0,2.0824,-2.0000,0.0000,0.0500,2.0849,-2.0000,0.0000,0.0500,927,0,1,
17.6132,10850,217045,3704,0,6,1,0,2.0836,-2.0000,0.0000,0.0500,2.0842,-2.0000,0.0000,0.0500,928,0,1,
17.6332,10851,217065,3705,0,7,1,0,2.0849,-2.0000,0.0000,0.0500,2.0841,-2.0000,0.0000,0.0500,929,0,1,
17.6532,10852,217085,3705,0,7,1,0,2.0849,-2.0000,0.0000,0.0500,2.0844,-2.0000,0.0000,0.0500,930,0,1,
17.6965,10854,217125,3705,0,7,1,0,2.0849,-2.0000,0.0000,0.0500,2.0846,-2.0000,0.0000,0.0500,932,0,1,
17.7133,10855,217145,3705,0,7,1,0,2.0849,-2.0000,0.0000,0.0500,2.0847,-2.0000,0.0000,0.0500,933,0,1,
17.7331,10856,217165,3706,0,7,1,0,2.0862,-2.0000,0.0000,0.0500,2.0849,-2.0000,0.0000,0.0500,934,0,1,
17.7532,10857,217185,3706,0,7,1,0,2.0862,-2.0000,0.0000,0.0500,2.0853,-2.0000,0.0000,0.0500,935,0,1,
17.7731,10858,217205,3706,0,7,1,0,2.0862,-2.0000,0.0000,0.0500,2.0856,-2.0000,0.0000,0.0500,936,0,1,
17.7932,10859,217225,3706,0,7,1,0,2.0862,-2.0000,0.0000,0.0500,2.0858,-2.0000,0.0000,0.0500,937,0,1,
17.8132,10860,217245,3705,0,8,1,0,2.0849,-2.0000,0.0000,0.0500,2.0858,-2.0000,0.0000,0.0500,938,0,1,
17.8332,10861,217265,3705,0,8,1,0,2.0849,-2.0000,0.0000,0.0500,2.0855,-2.0000,0.0000,0.0500,939,0,1,
17.8532,10862,217285,3705,0,7,1,0,2.0849,-2.0000,0.0000,0.0500,2.0853,-2.0000,0.0000,0.0500,940,0,1,
17.8733,10863,217305,3705,0,7,1,0,2.0849,-2.0000,0.0000,0.0500,2.0851,-2.0000,0.0000,0.0500,941,0,1,
17.8932,10864,217325,3704,0,7,1,0,2.0836,-2.0000,0.0000,0.0500,2.0849,-2.0000,0.0000,0.0500,942,0,1,
17.9131,10865,217345,3704,0,7,1,0,2.0836,-2.0000,0.0000,0.0500,2.0845,-2.0000,0.0000,0.0500,943,0,1,
17.9464,10866,217365,3704,0,7,1,0,2.0836,-2.0000,0.0000,0.0500,2.0843,-2.0000,0.0000,0.0500,944,0,1,
17.9531,10867,217385,3704,0,7,1,0,2.0836,-2.0000,0.0000,0.0500,2.0841,-2.0000,0.0000,0.0500,945,0,1,
17.9732,10868,217405,3705,0,7,1,0,2.0849,-2.0000,0.0000,0.0500,2.0841,-2.0000,0.0000,0.0500,946,0,1,
17.9931,10869,217425,3705,0,7,1,0,2.0849,-2.0000,0.0000,0.0500,2.0844,-2.0000,0.0000,0.0500,947,0,1,
18.0131,10870,217445,3705,0,7,1,0,2.0849,-2.0000,0.0000,0.0500,2.0846,-2.0000,0.0000,0.0500,948,0,1,
18.0332,10871,217465,3705,0,7,1,0,2.0849,-2.0000,0.0000,0.0500,2.0847,-2.0000,0.0000,0.0500,949,0,1,
18.0532,10872,217485,3706,0,7,1,0,2.0862,-2.0000,0.0000,0.0500,2.0849,-2.0000,0.0000,0.0500,950,0,1,
18.0732,10873,217505,3706,0,7,1,0,2.0862,-2.0000,0.0000,0.0500,2.0853,-2.0000,0.0000,0.0500,951,0,1,
18.0931,10874,217525,3706,0,7,1,0,2.0862,-2.0000,0.0000,0.0500,2.0857,-2.0000,0.0000,0.0500,952,0,1,
18.1132,10875,217545,3705,0,7,1,0,2.0849,-2.0000,0.0000,0.0500,2.0857,-2.0000,0.0000,0.0500,953,0,1,
18.1332,10876,217565,3705,0,7,1,0,2.0849,-2.0000,0.0000,0.0500,2.0854,-2.0000,0.0000,0.0500,954,0,1,
18.1532,10877,217585,3705,0,7,1,0,2.0849,-2.0000,0.0000,0.0500,2.0852,-2.0000,0.0000,0.0500,955,0,1,
18.1732,10878,217605,3705,0,7,1,0,2.0849,-2.0000,0.0000,0.0500,2.0851,-2.0000,0.0000,0.0500,956,0,1,
18.2033,10879,217625,3705,0,7,1,0,2.0849,-2.0000,0.0000,0.0500,2.0851,-2.0000,0.0000,0.0500,957,0,1,
18.2132,10880,217645,3705,0,8,1,0,2.0849,-2.0000,0.0000,0.0500,2.0850,-2.0000,0.0000,0.0500,958,0,1,
18.2332,10881,217665,3705,0,7,1,0,2.0849,-2.0000,0.0000,0.0500,2.0850,-2.0000,0.0000,0.0500,959,0,1,
18.2537,10882,217685,3705,0,7,1,0,2.0849,-2.0000,0.0000,0.0500,2.0850,-2.0000,0.0000,0.0500,960,0,1,
18.2731,10883,217705,3705,0,7,1,0,2.0849,-2.0000,0.0000,0.0500,2.0849,-2.0000,0.0000,0.0500,961,0,1,
18.2932,10884,217725,3706,0,7,1,0,2.0862,-2.0000,0.0000,0.0500,2.0851,-2.0000,0.0000,0.0500,962,0,1,
18.3132,10885,217745,3706,0,7,1,0,2.0862,-2.0000,0.0000,0.0500,2.0855,-2.0000,0.0000,0.0500,963,0,1,
18.3332,10886,217765,3707,0,7,1,0,2.0874,-2.0000,0.0000,0.0500,2.0859,-2.0000,0.0000,0.0500,964,0,1,
18.3532,10887,217785,3707,0,7,1,0,2.0874,-2.0000,0.0000,0.0500,2.0865,-2.0000,0.0000,0.0500,965,0,1,
18.3731,10888,217805,3706,0,7,1,0,2.0862,-2.0000,0.0000,0.0500,2.0867,-2.0000,0.0000,0.0500,966,0,1,
18.3932,10889,217825,3706,0,8,1,0,2.0862,-2.0000,0.0000,0.0500,2.0865,-2.0000,0.0000,0.0500,967,0,1,
18.4132,10890,217845,3706,0,8,1,0,2.0862,-2.0000,0.0000,0.0500,2.0864,-2.0000,0.0000,0.0500,968,0,1,
18.4533,10891,217865,3706,0,8,1,0,2.0862,-2.0000,0.0000,0.0500,2.0863,-2.0000,0.0000,0.0500,969,0,1,
18.4536,10892,217885,3705,0,7,1,0,2.0849,-2.0000,0.0000,0.0500,2.0862,-2.0000,0.0000,0.0500,970,0,1,2.11
18.4732,10893,217905,3705,0,7,1,0,2.0849,-2.0000,0.0000,0.0500,2.0857,-2.0000,0.0000,0.0500,971,0,1,
18.4931,10894,217925,3705,0,7,1,0,2.0849,-2.0000,0.0000,0.0500,2.0854,-2.0000,0.0000,0.0500,972,0,1,
18.5131,10895,217945,3706,0,7,1,0,2.0862,-2.0000,0.0000,0.0500,2.0853,-2.0000,0.0000,0.0500,973,0,1,
18.5333,10896,217965,3705,0,7,1,0,2.0849,-2.0000,0.0000,0.0500,2.0855,-2.0000,0.0000,0.0500,974,0,1,
18.5532,10897,217985,3705,0,7,1,0,2.0849,-2.0000,0.0000,0.0500,2.0853,-2.0000,0.0000,0.0500,975,0,1,
18.5732,10898,218005,3706,0,7,1,0,2.0862,-2.0000,0.0000,0.0500,2.0853,-2.0000,0.0000,0.0500,976,0,1,
18.5932,10899,218025,3705,0,8,1,0,2.0849,-2.0000,0.0000,0.0500,2.0854,-2.0000,0.0000,0.0500,977,0,1,
18.6132,10900,218045,3704,0,8,1,0,2.0836,-2.0000,0.0000,0.0500,2.0851,-2.0000,0.0000,0.0500,978,0,1,
18.6331,10901,218065,3704,0,7,1,0,2.0836,-2.0000,0.0000,0.0500,2.0846,-2.0000,0.0000,0.0500,979,0,1,
18.6531,10902,218085,3704,0,7,1,0,2.0836,-2.0000,0.0000,0.0500,2.0842,-2.0000,0.0000,0.0500,980,0,1,
18.6731,10903,218105,3704,0,8,1,0,2.0836,-2.0000,0.0000,0.0500,2.0840,-2.0000,0.0000,0.0500,981,0,1,
18.7033,10904,218125,3704,0,7,1,0,2.0836,-2.0000,0.0000,0.0500,2.0839,-2.0000,0.0000,0.0500,982,0,1,
18.7131,10905,218145,3703,0,7,1,0,2.0824,-2.0000,0.0000,0.0500,2.0837,-2.0000,0.0000,0.0500,983,0,1,
18.7331,10906,218165,3703,0,7,1,0,2.0824,-2.0000,0.0000,0.0500,2.0833,-2.0000,0.0000,0.0500,984,0,1,
18.7534,10907,218185,3703,0,7,1,0,2.0824,-2.0000,0.0000,0.0500,2.0829,-2.0000,0.0000,0.0500,985,0,1,
18.7731,10908,218205,3704,0,7,1,0,2.0836,-2.0000,0.0000,0.0500,2.0829,-2.0000,0.0000,0.0500,986,0,1,
18.7932,10909,218225,3704,0,7,1,0,2.0836,-2.0000,0.0000,0.0500,2.0831,-2.0000,0.0000,0.0500,987,0,1,
18.8133,10910,218245,3704,0,7,1,0,2.0836,-2.0000,0.0000,0.0500,2.0833,-2.0000,0.0000,0.0500,988,0,1,
18.8332,10911,218265,3704,0,7,1,0,2.0836,-2.0000,0.0000,0.0500,2.0834,-2.0000,0.0000,0.0500,989,0,1,
18.8532,10912,218285,3704,0,7,1,0,2.0836,-2.0000,0.0000,0.0500,2.0835,-2.0000,0.0000,0.0500,990,0,1,
18.8732,10913,218305,3705,0,7,1,0,2.0849,-2.0000,0.0000,0.0500,2.0837,-2.0000,0.0000,0.0500,991,0,1,
18.8932,10914,218325,3705,0,7,1,0,2.0849,-2.0000,0.0000,0.0500,2.0841,-2.0000,0.0000,0.0500,992,0,1,
18.9132,10915,218345,3706,0,7,1,0,2.0862,-2.0000,0.0000,0.0500,2.0846,-2.0000,0.0000,0.0500,993,0,1,
18.9331,10916,218365,3706,0,7,1,0,2.0862,-2.0000,0.0000,0.0500,2.0851,-2.0000,0.0000,0.0500,994,0,1,
18.9601,10917,218385,3705,0,7,1,0,2.0849,-2.0000,0.0000,0.0500,2.0851,-2.0000,0.0000,0.0500,995,0,1,
18.9732,10918,218405,3705,0,7,1,0,2.0849,-2.0000,0.0000,0.0500,2.0850,-2.0000,0.0000,0.0500,996,0,1,
18.9932,10919,218425,3705,0,7,1,0,2.0849,-2.0000,0.0000,0.0500,2.0850,-2.0000,0.0000,0.0500,997,0,1,
19.0133,10920,218445,3705,0,7,1,0,2.0849,-2.0000,0.0000,0.0500,2.0850,-2.0000,0.0000,0.0500,998,0,1,
19.0333,10921,218465,3706,0,7,1,0,2.0862,-2.0000,0.0000,0.0500,2.0851,-2.0000,0.0000,0.0500,999,0,1,
19.0532,10922,218485,3706,0,7,1,0,2.0862,-2.0000,0.0000,0.0500,2.0854,-2.0000,0.0000,0.0500,1000,0,1,
19.0732,10923,218505,3705,0,7,1,0,2.0849,-2.0000,0.0000,0.0500,2.0856,-2.0000,0.0000,0.0500,1001,0,1,
19.0932,10924,218525,3706,0,7,1,0,2.0862,-2.0000,0.0000,0.0500,2.0854,-2.0000,0.0000,0.0500,1002,0,1,
19.1132,10925,218545,3706,0,8,1,0,2.0862,-2.0000,0.0000,0.0500,2.0857,-2.0000,0.0000,0.0500,1003,0,1,
19.1332,10926,218565,3706,0,8,1,0,2.0862,-2.0000,0.0000,0.0500,2.0859,-2.0000,0.0000,0.0500,1004,0,1,
19.1532,10927,218585,3706,0,8,1,0,2.0862,-2.0000,0.0000,0.0500,2.0860,-2.0000,0.0000,0.0500,1005,0,1,
19.1732,10928,218605,3706,0,8,1,0,2.0862,-2.0000,0.0000,0.0500,2.0860,-2.0000,0.0000,0.0500,1006,0,1,
19.2033,10929,218625,3706,0,8,1,0,2.0862,-2.0000,0.0000,0.0500,2.0861,-2.0000,0.0000,0.0500,1007,0,1,
19.2132,10930,218645,3705,0,8,1,0,2.0849,-2.0000,0.0000,0.0500,2.0860,-2.0000,0.0000,0.0500,1008,0,1,
19.2332,10931,218665,3705,0,8,1,0,2.0849,-2.0000,0.0000,0.0500,2.0855,-2.0000,0.0000,0.0500,1009,0,1,
19.2531,10932,218685,3705,0,8,1,0,2.0849,-2.0000,0.0000,0.0500,2.0853,-2.0000,0.0000,0.0500,1010,0,1,
19.2733,10933,218705,3704,0,7,1,0,2.0836,-2.0000,0.0000,0.0500,2.0850,-2.0000,0.0000,0.0500,1011,0,1,
19.2932,10934,218725,3705,0,7,1,0,2.0849,-2.0000,0.0000,0.0500,2.0846,-2.0000,0.0000,0.0500,1012,0,1,
19.3133,10935,218745,3706,0,7,1,0,2.0862,-2.0000,0.0000,0.0500,2.0848,-2.0000,0.0000,0.0500,1013,0,1,
19.3331,10936,218765,3706,0,7,1,0,2.0862,-2.0000,0.0000,0.0500,2.0854,-2.0000,0.0000,0.0500,1014,0,1,
19.3532,10937,218785,3705,0,7,1,0,2.0849,-2.0000,0.0000,0.0500,2.0855,-2.0000,0.0000,0.0500,1015,0,1,
19.3732,10938,218805,3705,0,7,1,0,2.0849,-2.0000,0.0000,0.0500,2.0853,-2.0000,0.0000,0.0500,1016,0,1,
19.3932,10939,218825,3706,0,8,1,0,2.0862,-2.0000,0.0000,0.0500,2.0853,-2.0000,0.0000,0.0500,1017,0,1,
19.4131,10940,218845,3705,0,8,1,0,2.0849,-2.0000,0.0000,0.0500,2.0855,-2.0000,0.0000,0.0500,1018,0,1,
19.4332,10941,218865,3705,0,7,1,0,2.0849,-2.0000,0.0000,0.0500,2.0852,-2.0000,0.0000,0.0500,1019,0,1,
19.4672,10942,218885,3705,0,8,1,0,2.0849,-2.0000,0.0000,0.0500,2.0851,-2.0000,0.0000,0.0500,1020,0,1,7.19
19.4732,10943,218905,3704,0,8,1,0,2.0836,-2.0000,0.0000,0.0500,2.0850,-2.0000,0.0000,0.0500,1021,0,1,
19.4932,10944,218925,3703,0,8,1,0,2.0824,-2.0000,0.0000,0.0500,2.0844,-2.0000,0.0000,0.0500,1022,0,1,
19.5132,10945,218945,3704,0,8,1,0,2.0836,-2.0000,0.0000,0.0500,2.0837,-2.0000,0.0000,0.0500,1023,0,1,
19.5332,10946,218965,3704,0,8,1,0,2.0836,-2.0000,0.0000,0.0500,2.0837,-2.0000,0.0000,0.0500,1024,0,1,
19.5532,10947,218985,3705,0,8,1,0,2.0849,-2.0000,0.0000,0.0500,2.0838,-2.0000,0.0000,0.0500,1025,0,1,
19.5732,10948,219005,3704,0,7,1,0,2.0836,-2.0000,0.0000,0.0500,2.0841,-2.0000,0.0000,0.0500,1026,0,1,
19.5932,10949,219025,3705,0,7,1,0,2.0849,-2.0000,0.0000,0.0500,2.0840,-2.0000,0.0000,0.0500,1027,0,1,
19.6131,10950,219045,3705,0,7,1,0,2.0849,-2.0000,0.0000,0.0500,2.0844,-2.0000,0.0000,0.0500,1028,0,1,
19.6332,10951,219065,3705,0,7,1,0,2.0849,-2.0000,0.0000,0.0500,2.0846,-2.0000,0.0000,0.0500,1029,0,1,
19.6533,10952,219085,3704,0,7,1,0,2.0836,-2.0000,0.0000,0.0500,2.0846,-2.0000,0.0000,0.0500,1030,0,1,
19.6732,10953,219105,3704,0,7,1,0,2.0836,-2.0000,0.0000,0.0500,2.0843,-2.0000,0.0000,0.0500,1031,0,1,
19.7170,10955,219145,3706,0,7,1,0,2.0862,-2.0000,0.0000,0.0500,2.0843,-2.0000,0.0000,0.0500,1033,0,1,
19.7333,10956,219165,3706,0,7,1,0,2.0862,-2.0000,0.0000,0.0500,2.0849,-2.0000,0.0000,0.0500,1034,0,1,
19.7532,10957,219185,3706,0,7,1,0,2.0862,-2.0000,0.0000,0.0500,2.0853,-2.0000,0.0000,0.0500,1035,0,1,
19.7732,10958,219205,3705,0,7,1,0,2.0849,-2.0000,0.0000,0.0500,2.0856,-2.0000,0.0000,0.0500,1036,0,1,
19.7931,10959,219225,3705,0,7,1,0,2.0849,-2.0000,0.0000,0.0500,2.0853,-2.0000,0.0000,0.0500,1037,0,1,
19.8132,10960,219245,3706,0,7,1,0,2.0862,-2.0000,0.0000,0.0500,2.0853,-2.0000,0.0000,0.0500,1038,0,1,
19.8332,10961,219265,3705,0,7,1,0,2.0849,-2.0000,0.0000,0.0500,2.0855,-2.0000,0.0000,0.0500,1039,0,1,
19.8533,10962,219285,3705,0,7,1,0,2.0849,-2.0000,0.0000,0.0500,2.0852,-2.0000,0.0000,0.0500,1040,0,1,
19.8732,10963,219305,3704,0,8,1,0,2.0836,-2.0000,0.0000,0.0500,2.0850,-2.0000,0.0000,0.0500,1041,0,1,
19.8932,10964,219325,3705,0,7,1,0,2.0849,-2.0000,0.0000,0.0500,2.0847,-2.0000,0.0000,0.0500,1042,0,1,
19.9132,10965,219345,3705,0,8,1,0,2.0849,-2.0000,0.0000,0.0500,2.0848,-2.0000,0.0000,0.0500,1043,0,1,
19.9333,10966,219365,3707,0,8,1,0,2.0874,-2.0000,0.0000,0.0500,2.0851,-2.0000,0.0000,0.0500,1044,0,1,
19.9671,10967,219385,3706,0,7,1,0,2.0862,-2.0000,0.0000,0.0500,2.0856,-2.0000,0.0000,0.0500,1045,0,1,
19.9731,10968,219405,3705,0,7,1,0,2.0849,-2.0000,0.0000,0.0500,2.0856,-2.0000,0.0000,0.0500,1046,0,1,
19.9932,10969,219425,3704,0,7,1,0,2.0836,-2.0000,0.0000,0.0500,2.0852,-2.0000,0.0000,0.0500,1047,0,1,
20.0132,10970,219445,3705,0,7,1,0,2.0849,-2.0000,0.0000,0.0500,2.0847,-2.0000,0.0000,0.0500,1048,0,1,
20.0332,10971,219465,3706,0,7,1,0,2.0862,-2.0000,0.0000,0.0500,2.0849,-2.0000,0.0000,0.0500,1049,0,1,
20.0532,10972,219485,3706,0,7,1,0,2.0862,-2.0000,0.0000,0.0500,2.0854,-2.0000,0.0000,0.0500,1050,0,1,
20.0732,10973,219505,3706,0,7,1,0,2.0862,-2.0000,0.0000,0.0500,2.0857,-2.0000,0.0000,0.0500,1051,0,1,
20.0932,10974,219525,3706,0,7,1,0,2.0862,-2.0000,0.0000,0.0500,2.0858,-2.0000,0.0000,0.0500,1052,0,1,
20.1131,10975,219545,3706,0,8,1,0,2.0862,-2.0000,0.0000,0.0500,2.0860,-2.0000,0.0000,0.0500,1053,0,1,
20.1332,10976,219565,3705,0,8,1,0,2.0849,-2.0000,0.0000,0.0500,2.0859,-2.0000,0.0000,0.0500,1054,0,1,
20.1532,10977,219585,3705,0,8,1,0,2.0849,-2.0000,0.0000,0.0500,2.0855,-2.0000,0.0000,0.0500,1055,0,1,
20.1732,10978,219605,3705,0,7,1,0,2.0849,-2.0000,0.0000,0.0500,2.0853,-2.0000,0.0000,0.0500,1056,0,1,
20.1931,10979,219625,3705,0,8,1,0,2.0849,-2.0000,0.0000,0.0500,2.0851,-2.0000,0.0000,0.0500,1057,0,1,
20.2240,10980,219645,3705,0,7,1,0,2.0849,-2.0000,0.0000,0.0500,2.0851,-2.0000,0.0000,0.0500,1058,0,1,
20.2332,10981,219665,3704,0,7,1,0,2.0836,-2.0000,0.0000,0.0500,2.0849,-2.0000,0.0000,0.0500,1059,0,1,
20.2532,10982,219685,3704,0,7,1,0,2.0836,-2.0000,0.0000,0.0500,2.0845,-2.0000,0.0000,0.0500,1060,0,1,
20.2732,10983,219705,3704,0,7,1,0,2.0836,-2.0000,0.0000,0.0500,2.0842,-2.0000,0.0000,0.0500,1061,0,1,
20.2932,10984,219725,3704,0,7,1,0,2.0836,-2.0000,0.0000,0.0500,2.0840,-2.0000,0.0000,0.0500,1062,0,1,
20.3132,10985,219745,3704,0,7,1,0,2.0836,-2.0000,0.0000,0.0500,2.0839,-2.0000,0.0000,0.0500,1063,0,1,
20.3332,10986,219765,3705,0,7,1,0,2.0849,-2.0000,0.0000,0.0500,2.0839,-2.0000,0.0000,0.0500,1064,0,1,
20.3531,10987,219785,3704,0,7,1,0,2.0836,-2.0000,0.0000,0.0500,2.0841,-2.0000,0.0000,0.0500,1065,0,1,
20.3732,10988,219805,3705,0,7,1,0,2.0849,-2.0000,0.0000,0.0500,2.0841,-2.0000,0.0000,0.0500,1066,0,1,
20.3932,10989,219825,3705,0,8,1,0,2.0849,-2.0000,0.0000,0.0500,2.0844,-2.0000,0.0000,0.0500,1067,0,1,
20.4132,10990,219845,3705,0,7,1,0,2.0849,-2.0000,0.0000,0.0500,2.0846,-2.0000,0.0000,0.0500,1068,0,1,
20.4332,10991,219865,3705,0,7,1,0,2.0849,-2.0000,0.0000,0.0500,2.0847,-2.0000,0.0000,0.0500,1069,0,1,
20.4740,10993,219905,3705,0,7,1,0,2.0849,-2.0000,0.0000,0.0500,2.0848,-2.0000,0.0000,0.0500,1071,0,1,13.86
20.4932,10994,219925,3706,0,8,1,0,2.0862,-2.0000,0.0000,0.0500,2.0850,-2.0000,0.0000,0.0500,1072,0,1,
20.5132,10995,219945,3706,0,7,1,0,2.0862,-2.0000,0.0000,0.0500,2.0854,-2.0000,0.0000,0.0500,1073,0,1,
20.5331,10996,219965,3705,0,7,1,0,2.0849,-2.0000,0.0000,0.0500,2.0856,-2.0000,0.0000,0.0500,1074,0,1,
20.5532,10997,219985,3705,0,7,1,0,2.0849,-2.0000,0.0000,0.0500,2.0853,-2.0000,0.0000,0.0500,1075,0,1,
20.5732,10998,220005,3706,0,7,1,0,2.0862,-2.0000,0.0000,0.0500,2.0853,-2.0000,0.0000,0.0500,1076,0,1,
20.5932,10999,220025,3706,0,7,1,0,2.0862,-2.0000,0.0000,0.0500,2.0856,-2.0000,0.0000,0.0500,1077,0,1,
20.6132,11000,220045,3706,0,7,1,0,2.0862,-2.0000,0.0000,0.0500,2.0858,-2.0000,0.0000,0.0500,1078,0,1,
20.6332,11001,220065,3706,0,7,1,0,2.0862,-2.0000,0.0000,0.0500,2.0859,-2.0000,0.0000,0.0500,1079,0,1,
20.6532,11002,220085,3705,0,8,1,0,2.0849,-2.0000,0.0000,0.0500,2.0859,-2.0000,0.0000,0.0500,1080,0,1,
20.6732,11003,220105,3705,0,7,1,0,2.0849,-2.0000,0.0000,0.0500,2.0856,-2.0000,0.0000,0.0500,1081,0,1,
20.6932,11004,220125,3705,0,8,1,0,2.0849,-2.0000,0.0000,0.0500,2.0853,-2.0000,0.0000,0.0500,1082,0,1,
20.7241,11005,220145,3705,0,7,1,0,2.0849,-2.0000,0.0000,0.0500,2.0852,-2.0000,0.0000,0.0500,1083,0,1,
20.7332,11006,220165,3705,0,7,1,0,2.0849,-2.0000,0.0000,0.0500,2.0852,-2.0000,0.0000,0.0500,1084,0,1,
20.7531,11007,220185,3704,0,7,1,0,2.0836,-2.0000,0.0000,0.0500,2.0849,-2.0000,0.0000,0.0500,1085,0,1,
20.7731,11008,220205,3704,0,7,1,0,2.0836,-2.0000,0.0000,0.0500,2.0845,-2.0000,0.0000,0.0500,1086,0,1,
20.7933,11009,220225,3705,0,7,1,0,2.0849,-2.0000,0.0000,0.0500,2.0843,-2.0000,0.0000,0.0500,1087,0,1,
20.8131,11010,220245,3705,0,8,1,0,2.0849,-2.0000,0.0000,0.0500,2.0845,-2.0000,0.0000,0.0500,1088,0,1,
20.8332,11011,220265,3703,0,8,1,0,2.0824,-2.0000,0.0000,0.0500,2.0844,-2.0000,0.0000,0.0500,1089,0,1,
20.8532,11012,220285,3703,0,8,1,0,2.0824,-2.0000,0.0000,0.0500,2.0837,-2.0000,0.0000,0.0500,1090,0,1,
20.8732,11013,220305,3704,0,8,1,0,2.0836,-2.0000,0.0000,0.0500,2.0834,-2.0000,0.0000,0.0500,1091,0,1,
20.8932,11014,220325,3704,0,7,1,0,2.0836,-2.0000,0.0000,0.0500,2.0835,-2.0000,0.0000,0.0500,1092,0,1,
20.9132,11015,220345,3706,0,7,1,0,2.0862,-2.0000,0.0000,0.0500,2.0838,-2.0000,0.0000,0.0500,1093,0,1,
20.9331,11016,220365,3705,0,7,1,0,2.0849,-2.0000,0.0000,0.0500,2.0846,-2.0000,0.0000,0.0500,1094,0,1,
20.9532,11017,220385,3705,0,7,1,0,2.0849,-2.0000,0.0000,0.0500,2.0847,-2.0000,0.0000,0.0500,1095,0,1,
20.9809,11018,220405,3705,0,7,1,0,2.0849,-2.0000,0.0000,0.0500,2.0848,-2.0000,0.0000,0.0500,1096,0,1,
20.9931,11019,220425,3704,0,7,1,0,2.0836,-2.0000,0.0000,0.0500,2.0847,-2.0000,0.0000,0.0500,1097,0,1,
21.0132,11020,220445,3706,0,7,1,0,2.0862,-2.0000,0.0000,0.0500,2.0845,-2.0000,0.0000,0.0500,1098,0,1,
21.0332,11021,220465,3707,0,7,1,0,2.0874,-2.0000,0.0000,0.0500,2.0852,-2.0000,0.0000,0.0500,1099,0,1,
21.0532,11022,220485,3706,0,7,1,0,2.0862,-2.0000,0.0000,0.0500,2.0858,-2.0000,0.0000,0.0500,1100,0,1,
21.0732,11023,220505,3706,0,6,1,0,2.0862,-2.0000,0.0000,0.0500,2.0860,-2.0000,0.0000,0.0500,1101,0,1,
21.0932,11024,220525,3705,0,7,1,0,2.0849,-2.0000,0.0000,0.0500,2.0859,-2.0000,0.0000,0.0500,1102,0,1,
21.1131,11025,220545,3705,0,7,1,0,2.0849,-2.0000,0.0000,0.0500,2.0855,-2.0000,0.0000,0.0500,1103,0,1,
21.1332,11026,220565,3704,0,7,1,0,2.0836,-2.0000,0.0000,0.0500,2.0852,-2.0000,0.0000,0.0500,1104,0,1,
21.1533,11027,220585,3704,0,7,1,0,2.0836,-2.0000,0.0000,0.0500,2.0845,-2.0000,0.0000,0.0500,1105,0,1,
21.1731,11028,220605,3705,0,7,1,0,2.0849,-2.0000,0.0000,0.0500,2.0844,-2.0000,0.0000,0.0500,1106,0,1,
21.1932,11029,220625,3704,0,7,1,0,2.0836,-2.0000,0.0000,0.0500,2.0844,-2.0000,0.0000,0.0500,1107,0,1,
21.2309,11030,220645,3704,0,7,1,0,2.0836,-2.0000,0.0000,0.0500,2.0842,-2.0000,0.0000,0.0500,1108,0,1,
21.2332,11031,220665,3704,0,7,1,0,2.0836,-2.0000,0.0000,0.0500,2.0841,-2.0000,0.0000,0.0500,1109,0,1,
21.2534,11032,220685,3705,0,7,1,0,2.0849,-2.0000,0.0000,0.0500,2.0841,-2.0000,0.0000,0.0500,1110,0,1,
21.2732,11033,220705,3706,0,7,1,0,2.0862,-2.0000,0.0000,0.0500,2.0845,-2.0000,0.0000,0.0500,1111,0,1,
21.2931,11034,220725,3705,0,7,1,0,2.0849,-2.0000,0.0000,0.0500,2.0850,-2.0000,0.0000,0.0500,1112,0,1,
21.3132,11035,220745,3705,0,8,1,0,2.0849,-2.0000,0.0000,0.0500,2.0849,-2.0000,0.0000,0.0500,1113,0,1,
21.3332,11036,220765,3705,0,8,1,0,2.0849,-2.0000,0.0000,0.0500,2.0849,-2.0000,0.0000,0.0500,1114,0,1,
21.3532,11037,220785,3704,0,7,1,0,2.0836,-2.0000,0.0000,0.0500,2.0848,-2.0000,0.0000,0.0500,1115,0,1,
21.3732,11038,220805,3704,0,7,1,0,2.0836,-2.0000,0.0000,0.0500,2.0844,-2.0000,0.0000,0.0500,1116,0,1,
21.3932,11039,220825,3705,0,7,1,0,2.0849,-2.0000,0.0000,0.0500,2.0842,-2.0000,0.0000,0.0500,1117,0,1,
21.4132,11040,220845,3705,0,7,1,0,2.0849,-2.0000,0.0000,0.0500,2.0845,-2.0000,0.0000,0.0500,1118,0,1,
21.4332,11041,220865,3704,0,8,1,0,2.0836,-2.0000,0.0000,0.0500,2.0845,-2.0000,0.0000,0.0500,1119,0,1,
21.4532,11042,220885,3705,0,7,1,0,2.0849,-2.0000,0.0000,0.0500,2.0843,-2.0000,0.0000,0.0500,1120,0,1,
21.4881,11043,220905,3705,0,7,1,0,2.0849,-2.0000,0.0000,0.0500,2.0844,-2.0000,0.0000,0.0500,1121,0,1,7.42
21.4932,11044,220925,3704,0,7,1,0,2.0836,-2.0000,0.0000,0.0500,2.0844,-2.0000,0.0000,0.0500,1122,0,1,
21.5132,11045,220945,3704,0,7,1,0,2.0836,-2.0000,0.0000,0.0500,2.0841,-2.0000,0.0000,0.0500,1123,0,1,
21.5334,11046,220965,3705,0,7,1,0,2.0849,-2.0000,0.0000,0.0500,2.0840,-2.0000,0.0000,0.0500,1124,0,1,
21.5533,11047,220985,3705,0,7,1,0,2.0849,-2.0000,0.0000,0.0500,2.0843,-2.0000,0.0000,0.0500,1125,0,1,
21.5733,11048,221005,3705,0,7,1,0,2.0849,-2.0000,0.0000,0.0500,2.0845,-2.0000,0.0000,0.0500,1126,0,1,
21.5932,11049,221025,3705,0,7,1,0,2.0849,-2.0000,0.0000,0.0500,2.0847,-2.0000,0.0000,0.0500,1127,0,1,
21.6132,11050,221045,3705,0,8,1,0,2.0849,-2.0000,0.0000,0.0500,2.0848,-2.0000,0.0000,0.0500,1128,0,1,
21.6332,11051,221065,3705,0,7,1,0,2.0849,-2.0000,0.0000,0.0500,2.0848,-2.0000,0.0000,0.0500,1129,0,1,
21.6532,11052,221085,3704,0,7,1,0,2.0836,-2.0000,0.0000,0.0500,2.0847,-2.0000,0.0000,0.0500,1130,0,1,
21.6732,11053,221105,3705,0,8,1,0,2.0849,-2.0000,0.0000,0.0500,2.0845,-2.0000,0.0000,0.0500,1131,0,1,
21.6932,11054,221125,3706,0,8,1,0,2.0862,-2.0000,0.0000,0.0500,2.0848,-2.0000,0.0000,0.0500,1132,0,1,
21.7132,11055,221145,3707,0,7,1,0,2.0874,-2.0000,0.0000,0.0500,2.0854,-2.0000,0.0000,0.0500,1133,0,1,
21.7379,11056,221165,3707,0,7,1,0,2.0874,-2.0000,0.0000,0.0500,2.0858,-2.0000,0.0000,0.0500,1134,0,1,
21.7532,11057,221185,3706,0,7,1,0,2.0862,-2.0000,0.0000,0.0500,2.0861,-2.0000,0.0000,0.0500,1135,0,1,
21.7732,11058,221205,3706,0,7,1,0,2.0862,-2.0000,0.0000,0.0500,2.0861,-2.0000,0.0000,0.0500,1136,0,1,
21.7932,11059,221225,3706,0,7,1,0,2.0862,-2.0000,0.0000,0.0500,2.0861,-2.0000,0.0000,0.0500,1137,0,1,
21.8132,11060,221245,3705,0,7,1,0,2.0849,-2.0000,0.0000,0.0500,2.0860,-2.0000,0.0000,0.0500,1138,0,1,
21.8332,11061,221265,3706,0,7,1,0,2.0862,-2.0000,0.0000,0.0500,2.0857,-2.0000,0.0000,0.0500,1139,0,1,
21.8531,11062,221285,3706,0,7,1,0,2.0862,-2.0000,0.0000,0.0500,2.0859,-2.0000,0.0000,0.0500,1140,0,1,
21.8732,11063,221305,3706,0,7,1,0,2.0862,-2.0000,0.0000,0.0500,2.0860,-2.0000,0.0000,0.0500,1141,0,1,
21.8932,11064,221325,3706,0,7,1,0,2.0862,-2.0000,0.0000,0.0500,2.0860,-2.0000,0.0000,0.0500,1142,0,1,
21.9132,11065,221345,3706,0,7,1,0,2.0862,-2.0000,0.0000,0.0500,2.0861,-2.0000,0.0000,0.0500,1143,0,1,
21.9332,11066,221365,3706,0,8,1,0,2.0862,-2.0000,0.0000,0.0500,2.0861,-2.0000,0.0000,0.0500,1144,0,1,
21.9532,11067,221385,3706,0,8,1,0,2.0862,-2.0000,0.0000,0.0500,2.0861,-2.0000,0.0000,0.0500,1145,0,1,
21.9877,11068,221405,3707,0,9,1,0,2.0874,-2.0000,0.0000,0.0500,2.0863,-2.0000,0.0000,0.0500,1146,0,1,
21.9947,11069,221425,3707,0,8,1,0,2.0874,-2.0000,0.0000,0.0500,2.0864,-2.0000,0.0000,0.0500,1147,0,1,
22.0132,11070,221445,3707,0,8,1,0,2.0874,-2.0000,0.0000,0.0500,2.0867,-2.0000,0.0000,0.0500,1148,0,1,
22.0333,11071,221465,3705,0,7,1,0,2.0849,-2.0000,0.0000,0.0500,2.0867,-2.0000,0.0000,0.0500,1149,0,1,
22.0532,11072,221485,3704,0,7,1,0,2.0836,-2.0000,0.0000,0.0500,2.0860,-2.0000,0.0000,0.0500,1150,0,1,
22.0732,11073,221505,3704,0,7,1,0,2.0836,-2.0000,0.0000,0.0500,2.0850,-2.0000,0.0000,0.0500,1151,0,1,
22.0934,11074,221525,3705,0,8,1,0,2.0849,-2.0000,0.0000,0.0500,2.0847,-2.0000,0.0000,0.0500,1152,0,1,
22.1132,11075,221545,3705,0,7,1,0,2.0849,-2.0000,0.0000,0.0500,2.0848,-2.0000,0.0000,0.0500,1153,0,1,
22.1333,11076,221565,3705,0,7,1,0,2.0849,-2.0000,0.0000,0.0500,2.0848,-2.0000,0.0000,0.0500,1154,0,1,
22.1532,11077,221585,3705,0,7,1,0,2.0849,-2.0000,0.0000,0.0500,2.0849,-2.0000,0.0000,0.0500,1155,0,1,
22.1733,11078,221605,3705,0,8,1,0,2.0849,-2.0000,0.0000,0.0500,2.0849,-2.0000,0.0000,0.0500,1156,0,1,
22.1932,11079,221625,3705,0,8,1,0,2.0849,-2.0000,0.0000,0.0500,2.0849,-2.0000,0.0000,0.0500,1157,0,1,
22.2132,11080,221645,3704,0,7,1,0,2.0836,-2.0000,0.0000,0.0500,2.0848,-2.0000,0.0000,0.0500,1158,0,1,
22.2447,11081,221665,3704,0,7,1,0,2.0836,-2.0000,0.0000,0.0500,2.0845,-2.0000,0.0000,0.0500,1159,0,1,
22.2532,11082,221685,3704,0,7,1,0,2.0836,-2.0000,0.0000,0.0500,2.0844,-2.0000,0.0000,0.0500,1160,0,1,
22.2732,11083,221705,3704,0,7,1,0,2.0836,-2.0000,0.0000,0.0500,2.0841,-2.0000,0.0000,0.0500,1161,0,1,
22.2931,11084,221725,3703,0,7,1,0,2.0824,-2.0000,0.0000,0.0500,2.0838,-2.0000,0.0000,0.0500,1162,0,1,
22.3132,11085,221745,3704,0,7,1,0,2.0836,-2.0000,0.0000,0.0500,2.0834,-2.0000,0.0000,0.0500,1163,0,1,
22.3332,11086,221765,3702,0,7,1,0,2.0811,-2.0000,0.0000,0.0500,2.0832,-2.0000,0.0000,0.0500,1164,0,1,
22.3533,11087,221785,3705,0,6,1,0,2.0849,-2.0000,0.0000,0.0500,2.0827,-2.0000,0.0000,0.0500,1165,0,1,
22.3732,11088,221805,3705,0,7,1,0,2.0849,-2.0000,0.0000,0.0500,2.0835,-2.0000,0.0000,0.0500,1166,0,1,
22.3932,11089,221825,3705,0,7,1,0,2.0849,-2.0000,0.0000,0.0500,2.0840,-2.0000,0.0000,0.0500,1167,0,1,
22.4133,11090,221845,3705,0,7,1,0,2.0849,-2.0000,0.0000,0.0500,2.0844,-2.0000,0.0000,0.0500,1168,0,1,
22.4332,11091,221865,3706,0,7,1,0,2.0862,-2.0000,0.0000,0.0500,2.0847,-2.0000,0.0000,0.0500,1169,0,1,
22.4532,11092,221885,3705,0,7,1,0,2.0849,-2.0000,0.0000,0.0500,2.0852,-2.0000,0.0000,0.0500,1170,0,1,
22.4948,11094,221925,3705,0,7,1,0,2.0849,-2.0000,0.0000,0.0500,2.0851,-2.0000,0.0000,0.0500,1172,0,1,13.82
22.5132,11095,221945,3705,0,8,1,0,2.0849,-2.0000,0.0000,0.0500,2.0850,-2.0000,0.0000,0.0500,1173,0,1,
22.5332,11096,221965,3705,0,8,1,0,2.0849,-2.0000,0.0000,0.0500,2.0850,-2.0000,0.0000,0.0500,1174,0,1,
22.5533,11097,221985,3705,0,8,1,0,2.0849,-2.0000,0.0000,0.0500,2.0849,-2.0000,0.0000,0.0500,1175,0,1,
22.5732,11098,222005,3705,0,8,1,0,2.0849,-2.0000,0.0000,0.0500,2.0849,-2.0000,0.0000,0.0500,1176,0,1,
22.5933,11099,222025,3704,0,8,1,0,2.0836,-2.0000,0.0000,0.0500,2.0848,-2.0000,0.0000,0.0500,1177,0,1,
22.6132,11100,222045,3705,0,7,1,0,2.0849,-2.0000,0.0000,0.0500,2.0845,-2.0000,0.0000,0.0500,1178,0,1,
22.6331,11101,222065,3705,0,7,1,0,2.0849,-2.0000,0.0000,0.0500,2.0846,-2.0000,0.0000,0.0500,1179,0,1,
22.6533,11102,222085,3705,0,7,1,0,2.0849,-2.0000,0.0000,0.0500,2.0847,-2.0000,0.0000,0.0500,1180,0,1,
22.6733,11103,222105,3705,0,7,1,0,2.0849,-2.0000,0.0000,0.0500,2.0848,-2.0000,0.0000,0.0500,1181,0,1,
22.6932,11104,222125,3705,0,8,1,0,2.0849,-2.0000,0.0000,0.0500,2.0848,-2.0000,0.0000,0.0500,1182,0,1,
22.7132,11105,222145,3705,0,8,1,0,2.0849,-2.0000,0.0000,0.0500,2.0849,-2.0000,0.0000,0.0500,1183,0,1,
22.7452,11106,222165,3705,0,8,1,0,2.0849,-2.0000,0.0000,0.0500,2.0849,-2.0000,0.0000,0.0500,1184,0,1,
22.7532,11107,222185,3706,0,7,1,0,2.0862,-2.0000,0.0000,0.0500,2.0850,-2.0000,0.0000,0.0500,1185,0,1,
22.7732,11108,222205,3706,0,8,1,0,2.0862,-2.0000,0.0000,0.0500,2.0855,-2.0000,0.0000,0.0500,1186,0,1,
22.7932,11109,222225,3706,0,8,1,0,2.0862,-2.0000,0.0000,0.0500,2.0857,-2.0000,0.0000,0.0500,1187,0,1,
22.8133,11110,222245,3707,0,8,1,0,2.0874,-2.0000,0.0000,0.0500,2.0860,-2.0000,0.0000,0.0500,1188,0,1,
22.8332,11111,222265,3705,0,8,1,0,2.0849,-2.0000,0.0000,0.0500,2.0863,-2.0000,0.0000,0.0500,1189,0,1,
22.8531,11112,222285,3706,0,8,1,0,2.0862,-2.0000,0.0000,0.0500,2.0859,-2.0000,0.0000,0.0500,1190,0,1,
22.8733,11113,222305,3706,0,7,1,0,2.0862,-2.0000,0.0000,0.0500,2.0860,-2.0000,0.0000,0.0500,1191,0,1,
22.8932,11114,222325,3705,0,8,1,0,2.0849,-2.0000,0.0000,0.0500,2.0859,-2.0000,0.0000,0.0500,1192,0,1,
22.9131,11115,222345,3705,0,8,1,0,2.0849,-2.0000,0.0000,0.0500,2.0855,-2.0000,0.0000,0.0500,1193,0,1,
22.9333,11116,222365,3705,0,7,1,0,2.0849,-2.0000,0.0000,0.0500,2.0853,-2.0000,0.0000,0.0500,1194,0,1,
22.9532,11117,222385,3705,0,7,1,0,2.0849,-2.0000,0.0000,0.0500,2.0852,-2.0000,0.0000,0.0500,1195,0,1,
22.9876,11118,222405,3706,0,7,1,0,2.0862,-2.0000,0.0000,0.0500,2.0852,-2.0000,0.0000,0.0500,1196,0,1,
22.9946,11119,222425,3706,0,7,1,0,2.0862,-2.0000,0.0000,0.0500,2.0853,-2.0000,0.0000,0.0500,1197,0,1,
23.0132,11120,222445,3706,0,7,1,0,2.0862,-2.0000,0.0000,0.0500,2.0856,-2.0000,0.0000,0.0500,1198,0,1,
23.0332,11121,222465,3706,0,7,1,0,2.0862,-2.0000,0.0000,0.0500,2.0858,-2.0000,0.0000,0.0500,1199,0,1,
23.0533,11122,222485,3706,0,7,1,0,2.0862,-2.0000,0.0000,0.0500,2.0859,-2.0000,0.0000,0.0500,1200,0,1,
23.0732,11123,222505,3706,0,7,1,0,2.0862,-2.0000,0.0000,0.0500,2.0860,-2.0000,0.0000,0.0500,1201,0,1,
23.0932,11124,222525,3706,0,7,1,0,2.0862,-2.0000,0.0000,0.0500,2.0861,-2.0000,0.0000,0.0500,1202,0,1,
23.1132,11125,222545,3707,0,7,1,0,2.0874,-2.0000,0.0000,0.0500,2.0862,-2.0000,0.0000,0.0500,1203,0,1,
23.1332,11126,222565,3707,0,7,1,0,2.0874,-2.0000,0.0000,0.0500,2.0866,-2.0000,0.0000,0.0500,1204,0,1,
23.1532,11127,222585,3706,0,7,1,0,2.0862,-2.0000,0.0000,0.0500,2.0868,-2.0000,0.0000,0.0500,1205,0,1,
23.1732,11128,222605,3707,0,7,1,0,2.0874,-2.0000,0.0000,0.0500,2.0867,-2.0000,0.0000,0.0500,1206,0,1,
23.1932,11129,222625,3706,0,8,1,0,2.0862,-2.0000,0.0000,0.0500,2.0868,-2.0000,0.0000,0.0500,1207,0,1,
23.2132,11130,222645,3705,0,8,1,0,2.0849,-2.0000,0.0000,0.0500,2.0864,-2.0000,0.0000,0.0500,1208,0,1,
23.2517,11131,222665,3706,0,8,1,0,2.0862,-2.0000,0.0000,0.0500,2.0861,-2.0000,0.0000,0.0500,1209,0,1,
23.2533,11132,222685,3705,0,7,1,0,2.0849,-2.0000,0.0000,0.0500,2.0860,-2.0000,0.0000,0.0500,1210,0,1,
23.2732,11133,222705,3705,0,7,1,0,2.0849,-2.0000,0.0000,0.0500,2.0856,-2.0000,0.0000,0.0500,1211,0,1,
23.2932,11134,222725,3705,0,8,1,0,2.0849,-2.0000,0.0000,0.0500,2.0853,-2.0000,0.0000,0.0500,1212,0,1,
23.3132,11135,222745,3705,0,8,1,0,2.0849,-2.0000,0.0000,0.0500,2.0852,-2.0000,0.0000,0.0500,1213,0,1,
23.3332,11136,222765,3705,0,8,1,0,2.0849,-2.0000,0.0000,0.0500,2.0851,-2.0000,0.0000,0.0500,1214,0,1,
23.3533,11137,222785,3705,0,8,1,0,2.0849,-2.0000,0.0000,0.0500,2.0850,-2.0000,0.0000,0.0500,1215,0,1,
23.3732,11138,222805,3705,0,7,1,0,2.0849,-2.0000,0.0000,0.0500,2.0850,-2.0000,0.0000,0.0500,1216,0,1,
23.3932,11139,222825,3705,0,7,1,0,2.0849,-2.0000,0.0000,0.0500,2.0849,-2.0000,0.0000,0.0500,1217,0,1,
23.4133,11140,222845,3704,0,7,1,0,2.0836,-2.0000,0.0000,0.0500,2.0848,-2.0000,0.0000,0.0500,1218,0,1,
23.4333,11141,222865,3705,0,7,1,0,2.0849,-2.0000,0.0000,0.0500,2.0845,-2.0000,0.0000,0.0500,1219,0,1,
23.4533,11142,222885,3704,0,7,1,0,2.0836,-2.0000,0.0000,0.0500,2.0845,-2.0000,0.0000,0.0500,1220,0,1,
23.4732,11143,222905,3705,0,7,1,0,2.0849,-2.0000,0.0000,0.0500,2.0843,-2.0000,0.0000,0.0500,1221,0,1,
23.5019,11144,222925,3704,0,7,1,0,2.0836,-2.0000,0.0000,0.0500,2.0844,-2.0000,0.0000,0.0500,1222,0,1,2.25
23.5132,11145,222945,3705,0,7,1,0,2.0849,-2.0000,0.0000,0.0500,2.0843,-2.0000,0.0000,0.0500,1223,0,1,
23.5333,11146,222965,3705,0,7,1,0,2.0849,-2.0000,0.0000,0.0500,2.0846,-2.0000,0.0000,0.0500,1224,0,1,
23.5533,11147,222985,3705,0,7,1,0,2.0849,-2.0000,0.0000,0.0500,2.0847,-2.0000,0.0000,0.0500,1225,0,1,
23.5732,11148,223005,3705,0,7,1,0,2.0849,-2.0000,0.0000,0.0500,2.0848,-2.0000,0.0000,0.0500,1226,0,1,
23.5933,11149,223025,3704,0,7,1,0,2.0836,-2.0000,0.0000,0.0500,2.0847,-2.0000,0.0000,0.0500,1227,0,1,
23.6132,11150,223045,3704,0,7,1,0,2.0836,-2.0000,0.0000,0.0500,2.0843,-2.0000,0.0000,0.0500,1228,0,1,
23.6332,11151,223065,3704,0,7,1,0,2.0836,-2.0000,0.0000,0.0500,2.0841,-2.0000,0.0000,0.0500,1229,0,1,
23.6532,11152,223085,3704,0,7,1,0,2.0836,-2.0000,0.0000,0.0500,2.0839,-2.0000,0.0000,0.0500,1230,0,1,
23.6732,11153,223105,3704,0,7,1,0,2.0836,-2.0000,0.0000,0.0500,2.0838,-2.0000,0.0000,0.0500,1231,0,1,
23.6934,11154,223125,3704,0,7,1,0,2.0836,-2.0000,0.0000,0.0500,2.0838,-2.0000,0.0000,0.0500,1232,0,1,
23.7132,11155,223145,3705,0,7,1,0,2.0849,-2.0000,0.0000,0.0500,2.0838,-2.0000,0.0000,0.0500,1233,0,1,
23.7583,11157,223185,3705,0,7,1,0,2.0849,-2.0000,0.0000,0.0500,2.0843,-2.0000,0.0000,0.0500,1235,0,1,
23.7732,11158,223205,3706,0,7,1,0,2.0862,-2.0000,0.0000,0.0500,2.0846,-2.0000,0.0000,0.0500,1236,0,1,
23.7932,11159,223225,3706,0,7,1,0,2.0862,-2.0000,0.0000,0.0500,2.0852,-2.0000,0.0000,0.0500,1237,0,1,
23.8132,11160,223245,3705,0,7,1,0,2.0849,-2.0000,0.0000,0.0500,2.0854,-2.0000,0.0000,0.0500,1238,0,1,
23.8333,11161,223265,3705,0,7,1,0,2.0849,-2.0000,0.0000,0.0500,2.0853,-2.0000,0.0000,0.0500,1239,0,1,
23.8532,11162,223285,3706,0,7,1,0,2.0862,-2.0000,0.0000,0.0500,2.0853,-2.0000,0.0000,0.0500,1240,0,1,
23.8732,11163,223305,3706,0,7,1,0,2.0862,-2.0000,0.0000,0.0500,2.0856,-2.0000,0.0000,0.0500,1241,0,1,
23.8932,11164,223325,3705,0,7,1,0,2.0849,-2.0000,0.0000,0.0500,2.0857,-2.0000,0.0000,0.0500,1242,0,1,
23.9132,11165,223345,3705,0,7,1,0,2.0849,-2.0000,0.0000,0.0500,2.0854,-2.0000,0.0000,0.0500,1243,0,1,
23.9332,11166,223365,3705,0,7,1,0,2.0849,-2.0000,0.0000,0.0500,2.0852,-2.0000,0.0000,0.0500,1244,0,1,
23.9532,11167,223385,3705,0,7,1,0,2.0849,-2.0000,0.0000,0.0500,2.0851,-2.0000,0.0000,0.0500,1245,0,1,
23.9733,11168,223405,3705,0,7,1,0,2.0849,-2.0000,0.0000,0.0500,2.0850,-2.0000,0.0000,0.0500,1246,0,1,
24.0086,11169,223425,3704,0,7,1,0,2.0836,-2.0000,0.0000,0.0500,2.0849,-2.0000,0.0000,0.0500,1247,0,1,
24.0132,11170,223445,3704,0,7,1,0,2.0836,-2.0000,0.0000,0.0500,2.0847,-2.0000,0.0000,0.0500,1248,0,1,
24.0332,11171,223465,3704,0,7,1,0,2.0836,-2.0000,0.0000,0.0500,2.0844,-2.0000,0.0000,0.0500,1249,0,1,
24.0533,11172,223485,3704,0,7,1,0,2.0836,-2.0000,0.0000,0.0500,2.0841,-2.0000,0.0000,0.0500,1250,0,1,
24.0732,11173,223505,3705,0,7,1,0,2.0849,-2.0000,0.0000,0.0500,2.0841,-2.0000,0.0000,0.0500,1251,0,1,
24.0932,11174,223525,3705,0,7,1,0,2.0849,-2.0000,0.0000,0.0500,2.0843,-2.0000,0.0000,0.0500,1252,0,1,
24.1132,11175,223545,3705,0,7,1,0,2.0849,-2.0000,0.0000,0.0500,2.0846,-2.0000,0.0000,0.0500,1253,0,1,
24.1332,11176,223565,3705,0,7,1,0,2.0849,-2.0000,0.0000,0.0500,2.0847,-2.0000,0.0000,0.0500,1254,0,1,
24.1532,11177,223585,3705,0,7,1,0,2.0849,-2.0000,0.0000,0.0500,2.0848,-2.0000,0.0000,0.0500,1255,0,1,
24.1732,11178,223605,3705,0,7,1,0,2.0849,-2.0000,0.0000,0.0500,2.0848,-2.0000,0.0000,0.0500,1256,0,1,
24.1932,11179,223625,3705,0,7,1,0,2.0849,-2.0000,0.0000,0.0500,2.0849,-2.0000,0.0000,0.0500,1257,0,1,
24.2133,11180,223645,3704,0,6,1,0,2.0836,-2.0000,0.0000,0.0500,2.0847,-2.0000,0.0000,0.0500,1258,0,1,
24.2332,11181,223665,3705,0,7,1,0,2.0849,-2.0000,0.0000,0.0500,2.0845,-2.0000,0.0000,0.0500,1259,0,1,
24.2653,11182,223685,3706,0,7,1,0,2.0862,-2.0000,0.0000,0.0500,2.0847,-2.0000,0.0000,0.0500,1260,0,1,
24.2732,11183,223705,3705,0,7,1,0,2.0849,-2.0000,0.0000,0.0500,2.0847,-2.0000,0.0000,0.0500,1261,0,1,
24.2932,11184,223725,3705,0,7,1,0,2.0849,-2.0000,0.0000,0.0500,2.0848,-2.0000,0.0000,0.0500,1262,0,1,
24.3132,11185,223745,3705,0,8,1,0,2.0849,-2.0000,0.0000,0.0500,2.0848,-2.0000,0.0000,0.0500,1263,0,1,
24.3332,11186,223765,3705,0,7,1,0,2.0849,-2.0000,0.0000,0.0500,2.0849,-2.0000,0.0000,0.0500,1264,0,1,
24.3532,11187,223785,3706,0,8,1,0,2.0862,-2.0000,0.0000,0.0500,2.0850,-2.0000,0.0000,0.0500,1265,0,1,
24.3733,11188,223805,3706,0,8,1,0,2.0862,-2.0000,0.0000,0.0500,2.0854,-2.0000,0.0000,0.0500,1266,0,1,
24.3933,11189,223825,3706,0,8,1,0,2.0862,-2.0000,0.0000,0.0500,2.0857,-2.0000,0.0000,0.0500,1267,0,1,
24.4132,11190,223845,3705,0,8,1,0,2.0849,-2.0000,0.0000,0.0500,2.0857,-2.0000,0.0000,0.0500,1268,0,1,
24.4332,11191,223865,3705,0,7,1,0,2.0849,-2.0000,0.0000,0.0500,2.0854,-2.0000,0.0000,0.0500,1269,0,1,
24.4532,11192,223885,3705,0,7,1,0,2.0849,-2.0000,0.0000,0.0500,2.0852,-2.0000,0.0000,0.0500,1270,0,1,
24.4732,11193,223905,3705,0,7,1,0,2.0849,-2.0000,0.0000,0.0500,2.0851,-2.0000,0.0000,0.0500,1271,0,1,
24.5014,11194,223925,3706,0,7,1,0,2.0862,-2.0000,0.0000,0.0500,2.0852,-2.0000,0.0000,0.0500,1272,0,1,
24.5156,11195,223945,3705,0,7,1,0,2.0849,-2.0000,0.0000,0.0500,2.0851,-2.0000,0.0000,0.0500,1273,0,1,2.07
24.5332,11196,223965,3705,0,7,1,0,2.0849,-2.0000,0.0000,0.0500,2.0851,-2.0000,0.0000,0.0500,1274,0,1,
24.5532,11197,223985,3705,0,7,1,0,2.0849,-2.0000,0.0000,0.0500,2.0850,-2.0000,0.0000,0.0500,1275,0,1,
24.5732,11198,224005,3705,0,8,1,0,2.0849,-2.0000,0.0000,0.0500,2.0850,-2.0000,0.0000,0.0500,1276,0,1,
24.5933,11199,224025,3704,0,7,1,0,2.0836,-2.0000,0.0000,0.0500,2.0848,-2.0000,0.0000,0.0500,1277,0,1,
24.6132,11200,224045,3704,0,7,1,0,2.0836,-2.0000,0.0000,0.0500,2.0844,-2.0000,0.0000,0.0500,1278,0,1,
24.6332,11201,224065,3703,0,7,1,0,2.0824,-2.0000,0.0000,0.0500,2.0840,-2.0000,0.0000,0.0500,1279,0,1,
24.6532,11202,224085,3704,0,7,1,0,2.0836,-2.0000,0.0000,0.0500,2.0836,-2.0000,0.0000,0.0500,1280,0,1,
24.6732,11203,224105,3705,0,6,1,0,2.0849,-2.0000,0.0000,0.0500,2.0837,-2.0000,0.0000,0.0500,1281,0,1,
24.6932,11204,224125,3705,0,6,1,0,2.0849,-2.0000,0.0000,0.0500,2.0841,-2.0000,0.0000,0.0500,1282,0,1,
24.7132,11205,224145,3705,0,6,1,0,2.0849,-2.0000,0.0000,0.0500,2.0844,-2.0000,0.0000,0.0500,1283,0,1,
24.7332,11206,224165,3705,0,7,1,0,2.0849,-2.0000,0.0000,0.0500,2.0846,-2.0000,0.0000,0.0500,1284,0,1,
24.7721,11207,224185,3705,0,7,1,0,2.0849,-2.0000,0.0000,0.0500,2.0847,-2.0000,0.0000,0.0500,1285,0,1,
24.7732,11208,224205,3706,0,7,1,0,2.0862,-2.0000,0.0000,0.0500,2.0848,-2.0000,0.0000,0.0500,1286,0,1,
24.7932,11209,224225,3706,0,7,1,0,2.0862,-2.0000,0.0000,0.0500,2.0853,-2.0000,0.0000,0.0500,1287,0,1,
24.8132,11210,224245,3705,0,7,1,0,2.0849,-2.0000,0.0000,0.0500,2.0855,-2.0000,0.0000,0.0500,1288,0,1,
24.8332,11211,224265,3705,0,7,1,0,2.0849,-2.0000,0.0000,0.0500,2.0853,-2.0000,0.0000,0.0500,1289,0,1,
24.8532,11212,224285,3706,0,7,1,0,2.0862,-2.0000,0.0000,0.0500,2.0853,-2.0000,0.0000,0.0500,1290,0,1,
24.8732,11213,224305,3706,0,7,1,0,2.0862,-2.0000,0.0000,0.0500,2.0857,-2.0000,0.0000,0.0500,1291,0,1,
24.8932,11214,224325,3705,0,7,1,0,2.0849,-2.0000,0.0000,0.0500,2.0857,-2.0000,0.0000,0.0500,1292,0,1,
24.9132,11215,224345,3705,0,7,1,0,2.0849,-2.0000,0.0000,0.0500,2.0854,-2.0000,0.0000,0.0500,1293,0,1,
24.9333,11216,224365,3705,0,7,1,0,2.0849,-2.0000,0.0000,0.0500,2.0852,-2.0000,0.0000,0.0500,1294,0,1,
24.9532,11217,224385,3705,0,7,1,0,2.0849,-2.0000,0.0000,0.0500,2.0851,-2.0000,0.0000,0.0500,1295,0,1,
24.9732,11218,224405,3706,0,7,1,0,2.0862,-2.0000,0.0000,0.0500,2.0852,-2.0000,0.0000,0.0500,1296,0,1,
24.9932,11219,224425,3705,0,7,1,0,2.0849,-2.0000,0.0000,0.0500,2.0854,-2.0000,0.0000,0.0500,1297,0,1,
25.0223,11220,224445,3704,0,7,1,0,2.0836,-2.0000,0.0000,0.0500,2.0852,-2.0000,0.0000,0.0500,1298,0,1,
25.0332,11221,224465,3705,0,7,1,0,2.0849,-2.0000,0.0000,0.0500,2.0850,-2.0000,0.0000,0.0500,1299,0,1,
25.0532,11222,224485,3705,0,8,1,0,2.0849,-2.0000,0.0000,0.0500,2.0850,-2.0000,0.0000,0.0500,1300,0,1,
25.0732,11223,224505,3704,0,7,1,0,2.0836,-2.0000,0.0000,0.0500,2.0848,-2.0000,0.0000,0.0500,1301,0,1,
25.0933,11224,224525,3704,0,7,1,0,2.0836,-2.0000,0.0000,0.0500,2.0844,-2.0000,0.0000,0.0500,1302,0,1,
25.1132,11225,224545,3703,0,7,1,0,2.0824,-2.0000,0.0000,0.0500,2.0840,-2.0000,0.0000,0.0500,1303,0,1,
25.1333,11226,224565,3704,0,7,1,0,2.0836,-2.0000,0.0000,0.0500,2.0836,-2.0000,0.0000,0.0500,1304,0,1,
25.1532,11227,224585,3704,0,7,1,0,2.0836,-2.0000,0.0000,0.0500,2.0836,-2.0000,0.0000,0.0500,1305,0,1,
25.1732,11228,224605,3704,0,7,1,0,2.0836,-2.0000,0.0000,0.0500,2.0836,-2.0000,0.0000,0.0500,1306,0,1,
25.1932,11229,224625,3704,0,7,1,0,2.0836,-2.0000,0.0000,0.0500,2.0836,-2.0000,0.0000,0.0500,1307,0,1,
25.2132,11230,224645,3704,0,7,1,0,2.0836,-2.0000,0.0000,0.0500,2.0836,-2.0000,0.0000,0.0500,1308,0,1,
25.2332,11231,224665,3705,0,7,1,0,2.0849,-2.0000,0.0000,0.0500,2.0838,-2.0000,0.0000,0.0500,1309,0,1,
25.2732,11233,224705,3705,0,7,1,0,2.0849,-2.0000,0.0000,0.0500,2.0842,-2.0000,0.0000,0.0500,1311,0,1,
25.2934,11234,224725,3704,0,7,1,0,2.0836,-2.0000,0.0000,0.0500,2.0843,-2.0000,0.0000,0.0500,1312,0,1,
25.3132,11235,224745,3704,0,7,1,0,2.0836,-2.0000,0.0000,0.0500,2.0841,-2.0000,0.0000,0.0500,1313,0,1,
25.3333,11236,224765,3704,0,8,1,0,2.0836,-2.0000,0.0000,0.0500,2.0839,-2.0000,0.0000,0.0500,1314,0,1,
25.3532,11237,224785,3705,0,7,1,0,2.0849,-2.0000,0.0000,0.0500,2.0839,-2.0000,0.0000,0.0500,1315,0,1,
25.3732,11238,224805,3705,0,7,1,0,2.0849,-2.0000,0.0000,0.0500,2.0843,-2.0000,0.0000,0.0500,1316,0,1,
25.3933,11239,224825,3705,0,7,1,0,2.0849,-2.0000,0.0000,0.0500,2.0845,-2.0000,0.0000,0.0500,1317,0,1,
25.4132,11240,224845,3704,0,7,1,0,2.0836,-2.0000,0.0000,0.0500,2.0846,-2.0000,0.0000,0.0500,1318,0,1,
25.4332,11241,224865,3704,0,8,1,0,2.0836,-2.0000,0.0000,0.0500,2.0842,-2.0000,0.0000,0.0500,1319,0,1,
25.4532,11242,224885,3705,0,8,1,0,2.0849,-2.0000,0.0000,0.0500,2.0841,-2.0000,0.0000,0.0500,1320,0,1,
25.4733,11243,224905,3705,0,8,1,0,2.0849,-2.0000,0.0000,0.0500,2.0844,-2.0000,0.0000,0.0500,1321,0,1,
25.4932,11244,224925,3705,0,8,1,0,2.0849,-2.0000,0.0000,0.0500,2.0846,-2.0000,0.0000,0.0500,1322,0,1,
25.5333,11246,224965,3704,0,7,1,0,2.0836,-2.0000,0.0000,0.0500,2.0846,-2.0000,0.0000,0.0500,1324,0,1,7.10
25.5532,11247,224985,3705,0,7,1,0,2.0849,-2.0000,0.0000,0.0500,2.0843,-2.0000,0.0000,0.0500,1325,0,1,
25.5733,11248,225005,3705,0,7,1,0,2.0849,-2.0000,0.0000,0.0500,2.0845,-2.0000,0.0000,0.0500,1326,0,1,
25.5932,11249,225025,3705,0,7,1,0,2.0849,-2.0000,0.0000,0.0500,2.0847,-2.0000,0.0000,0.0500,1327,0,1,
25.6131,11250,225045,3705,0,7,1,0,2.0849,-2.0000,0.0000,0.0500,2.0848,-2.0000,0.0000,0.0500,1328,0,1,
25.6332,11251,225065,3705,0,7,1,0,2.0849,-2.0000,0.0000,0.0500,2.0848,-2.0000,0.0000,0.0500,1329,0,1,
25.6532,11252,225085,3705,0,7,1,0,2.0849,-2.0000,0.0000,0.0500,2.0848,-2.0000,0.0000,0.0500,1330,0,1,
25.6732,11253,225105,3705,0,7,1,0,2.0849,-2.0000,0.0000,0.0500,2.0849,-2.0000,0.0000,0.0500,1331,0,1,
25.6932,11254,225125,3706,0,7,1,0,2.0862,-2.0000,0.0000,0.0500,2.0850,-2.0000,0.0000,0.0500,1332,0,1,
25.7133,11255,225145,3706,0,7,1,0,2.0862,-2.0000,0.0000,0.0500,2.0854,-2.0000,0.0000,0.0500,1333,0,1,
25.7332,11256,225165,3705,0,7,1,0,2.0849,-2.0000,0.0000,0.0500,2.0856,-2.0000,0.0000,0.0500,1334,0,1,
25.7532,11257,225185,3705,0,7,1,0,2.0849,-2.0000,0.0000,0.0500,2.0854,-2.0000,0.0000,0.0500,1335,0,1,
25.7791,11258,225205,3705,0,7,1,0,2.0849,-2.0000,0.0000,0.0500,2.0853,-2.0000,0.0000,0.0500,1336,0,1,
25.7932,11259,225225,3705,0,7,1,0,2.0849,-2.0000,0.0000,0.0500,2.0852,-2.0000,0.0000,0.0500,1337,0,1,
25.8133,11260,225245,3705,0,7,1,0,2.0849,-2.0000,0.0000,0.0500,2.0851,-2.0000,0.0000,0.0500,1338,0,1,
25.8335,11261,225265,3704,0,7,1,0,2.0836,-2.0000,0.0000,0.0500,2.0849,-2.0000,0.0000,0.0500,1339,0,1,
25.8532,11262,225285,3706,0,7,1,0,2.0862,-2.0000,0.0000,0.0500,2.0847,-2.0000,0.0000,0.0500,1340,0,1,
25.8732,11263,225305,3706,0,7,1,0,2.0862,-2.0000,0.0000,0.0500,2.0852,-2.0000,0.0000,0.0500,1341,0,1,
25.8933,11264,225325,3706,0,7,1,0,2.0862,-2.0000,0.0000,0.0500,2.0856,-2.0000,0.0000,0.0500,1342,0,1,
25.9132,11265,225345,3706,0,8,1,0,2.0862,-2.0000,0.0000,0.0500,2.0858,-2.0000,0.0000,0.0500,1343,0,1,
25.9332,11266,225365,3706,0,8,1,0,2.0862,-2.0000,0.0000,0.0500,2.0859,-2.0000,0.0000,0.0500,1344,0,1,
25.9532,11267,225385,3706,0,8,1,0,2.0862,-2.0000,0.0000,0.0500,2.0860,-2.0000,0.0000,0.0500,1345,0,1,
25.9734,11268,225405,3705,0,7,1,0,2.0849,-2.0000,0.0000,0.0500,2.0859,-2.0000,0.0000,0.0500,1346,0,1,
25.9933,11269,225425,3705,0,7,1,0,2.0849,-2.0000,0.0000,0.0500,2.0855,-2.0000,0.0000,0.0500,1347,0,1,
26.0291,11270,225445,3705,0,7,1,0,2.0849,-2.0000,0.0000,0.0500,2.0854,-2.0000,0.0000,0.0500,1348,0,1,
26.0332,11271,225465,3706,0,7,1,0,2.0862,-2.0000,0.0000,0.0500,2.0854,-2.0000,0.0000,0.0500,1349,0,1,
26.0533,11272,225485,3707,0,7,1,0,2.0874,-2.0000,0.0000,0.0500,2.0859,-2.0000,0.0000,0.0500,1350,0,1,
26.0732,11273,225505,3707,0,7,1,0,2.0874,-2.0000,0.0000,0.0500,2.0864,-2.0000,0.0000,0.0500,1351,0,1,
26.0933,11274,225525,3706,0,7,1,0,2.0862,-2.0000,0.0000,0.0500,2.0867,-2.0000,0.0000,0.0500,1352,0,1,
26.1132,11275,225545,3706,0,6,1,0,2.0862,-2.0000,0.0000,0.0500,2.0865,-2.0000,0.0000,0.0500,1353,0,1,
26.1332,11276,225565,3706,0,6,1,0,2.0862,-2.0000,0.0000,0.0500,2.0864,-2.0000,0.0000,0.0500,1354,0,1,
26.1533,11277,225585,3706,0,7,1,0,2.0862,-2.0000,0.0000,0.0500,2.0863,-2.0000,0.0000,0.0500,1355,0,1,
26.1732,11278,225605,3705,0,7,1,0,2.0849,-2.0000,0.0000,0.0500,2.0861,-2.0000,0.0000,0.0500,1356,0,1,
26.1933,11279,225625,3705,0,7,1,0,2.0849,-2.0000,0.0000,0.0500,2.0856,-2.0000,0.0000,0.0500,1357,0,1,
26.2132,11280,225645,3706,0,7,1,0,2.0862,-2.0000,0.0000,0.0500,2.0855,-2.0000,0.0000,0.0500,1358,0,1,
26.2332,11281,225665,3705,0,7,1,0,2.0849,-2.0000,0.0000,0.0500,2.0856,-2.0000,0.0000,0.0500,1359,0,1,
26.2533,11282,225685,3705,0,7,1,0,2.0849,-2.0000,0.0000,0.0500,2.0854,-2.0000,0.0000,0.0500,1360,0,1,
26.2862,11283,225705,3705,0,6,1,0,2.0849,-2.0000,0.0000,0.0500,2.0853,-2.0000,0.0000,0.0500,1361,0,1,
26.2932,11284,225725,3705,0,8,1,0,2.0849,-2.0000,0.0000,0.0500,2.0852,-2.0000,0.0000,0.0500,1362,0,1,
26.3132,11285,225745,3705,0,8,1,0,2.0849,-2.0000,0.0000,0.0500,2.0851,-2.0000,0.0000,0.0500,1363,0,1,
26.3333,11286,225765,3705,0,8,1,0,2.0849,-2.0000,0.0000,0.0500,2.0850,-2.0000,0.0000,0.0500,1364,0,1,
26.3532,11287,225785,3705,0,8,1,0,2.0849,-2.0000,0.0000,0.0500,2.0850,-2.0000,0.0000,0.0500,1365,0,1,
26.3733,11288,225805,3705,0,8,1,0,2.0849,-2.0000,0.0000,0.0500,2.0850,-2.0000,0.0000,0.0500,1366,0,1,
26.3933,11289,225825,3705,0,8,1,0,2.0849,-2.0000,0.0000,0.0500,2.0849,-2.0000,0.0000,0.0500,1367,0,1,
26.4132,11290,225845,3705,0,7,1,0,2.0849,-2.0000,0.0000,0.0500,2.0849,-2.0000,0.0000,0.0500,1368,0,1,
26.4332,11291,225865,3704,0,7,1,0,2.0836,-2.0000,0.0000,0.0500,2.0848,-2.0000,0.0000,0.0500,1369,0,1,
26.4532,11292,225885,3704,0,8,1,0,2.0836,-2.0000,0.0000,0.0500,2.0844,-2.0000,0.0000,0.0500,1370,0,1,
26.4732,11293,225905,3705,0,8,1,0,2.0849,-2.0000,0.0000,0.0500,2.0842,-2.0000,0.0000,0.0500,1371,0,1,
26.4932,11294,225925,3705,0,7,1,0,2.0849,-2.0000,0.0000,0.0500,2.0845,-2.0000,0.0000,0.0500,1372,0,1,
26.5359,11296,225965,3705,0,7,1,0,2.0849,-2.0000,0.0000,0.0500,2.0846,-2.0000,0.0000,0.0500,1374,0,1,6.63
26.5533,11297,225985,3705,0,7,1,0,2.0849,-2.0000,0.0000,0.0500,2.0847,-2.0000,0.0000,0.0500,1375,0,1,
26.5732,11298,226005,3704,0,7,1,0,2.0836,-2.0000,0.0000,0.0500,2.0847,-2.0000,0.0000,0.0500,1376,0,1,
26.5932,11299,226025,3705,0,8,1,0,2.0849,-2.0000,0.0000,0.0500,2.0844,-2.0000,0.0000,0.0500,1377,0,1,
26.6132,11300,226045,3705,0,8,1,0,2.0849,-2.0000,0.0000,0.0500,2.0846,-2.0000,0.0000,0.0500,1378,0,1,
26.6333,11301,226065,3705,0,7,1,0,2.0849,-2.0000,0.0000,0.0500,2.0847,-2.0000,0.0000,0.0500,1379,0,1,
26.6532,11302,226085,3704,0,7,1,0,2.0836,-2.0000,0.0000,0.0500,2.0847,-2.0000,0.0000,0.0500,1380,0,1,
26.6733,11303,226105,3704,0,7,1,0,2.0836,-2.0000,0.0000,0.0500,2.0842,-2.0000,0.0000,0.0500,1381,0,1,
26.6933,11304,226125,3704,0,7,1,0,2.0836,-2.0000,0.0000,0.0500,2.0840,-2.0000,0.0000,0.0500,1382,0,1,
26.7133,11305,226145,3704,0,7,1,0,2.0836,-2.0000,0.0000,0.0500,2.0839,-2.0000,0.0000,0.0500,1383,0,1,
26.7332,11306,226165,3703,0,7,1,0,2.0824,-2.0000,0.0000,0.0500,2.0837,-2.0000,0.0000,0.0500,1384,0,1,
26.7533,11307,226185,3704,0,7,1,0,2.0836,-2.0000,0.0000,0.0500,2.0834,-2.0000,0.0000,0.0500,1385,0,1,
26.7858,11308,226205,3704,0,7,1,0,2.0836,-2.0000,0.0000,0.0500,2.0834,-2.0000,0.0000,0.0500,1386,0,1,
26.7932,11309,226225,3704,0,7,1,0,2.0836,-2.0000,0.0000,0.0500,2.0835,-2.0000,0.0000,0.0500,1387,0,1,
26.8132,11310,226245,3704,0,7,1,0,2.0836,-2.0000,0.0000,0.0500,2.0835,-2.0000,0.0000,0.0500,1388,0,1,
26.8332,11311,226265,3704,0,7,1,0,2.0836,-2.0000,0.0000,0.0500,2.0836,-2.0000,0.0000,0.0500,1389,0,1,
26.8533,11312,226285,3704,0,7,1,0,2.0836,-2.0000,0.0000,0.0500,2.0836,-2.0000,0.0000,0.0500,1390,0,1,
26.8732,11313,226305,3705,0,7,1,0,2.0849,-2.0000,0.0000,0.0500,2.0837,-2.0000,0.0000,0.0500,1391,0,1,
26.8932,11314,226325,3705,0,8,1,0,2.0849,-2.0000,0.0000,0.0500,2.0841,-2.0000,0.0000,0.0500,1392,0,1,
26.9132,11315,226345,3705,0,8,1,0,2.0849,-2.0000,0.0000,0.0500,2.0845,-2.0000,0.0000,0.0500,1393,0,1,
26.9333,11316,226365,3704,0,8,1,0,2.0836,-2.0000,0.0000,0.0500,2.0845,-2.0000,0.0000,0.0500,1394,0,1,
26.9532,11317,226385,3704,0,8,1,0,2.0836,-2.0000,0.0000,0.0500,2.0841,-2.0000,0.0000,0.0500,1395,0,1,
26.9732,11318,226405,3705,0,7,1,0,2.0849,-2.0000,0.0000,0.0500,2.0841,-2.0000,0.0000,0.0500,1396,0,1,
26.9934,11319,226425,3704,0,7,1,0,2.0836,-2.0000,0.0000,0.0500,2.0843,-2.0000,0.0000,0.0500,1397,0,1,
27.0132,11320,226445,3704,0,7,1,0,2.0836,-2.0000,0.0000,0.0500,2.0841,-2.0000,0.0000,0.0500,1398,0,1,
27.0431,11321,226465,3705,0,7,1,0,2.0849,-2.0000,0.0000,0.0500,2.0842,-2.0000,0.0000,0.0500,1399,0,1,
27.0532,11322,226485,3705,0,7,1,0,2.0849,-2.0000,0.0000,0.0500,2.0844,-2.0000,0.0000,0.0500,1400,0,1,
27.0733,11323,226505,3706,0,7,1,0,2.0862,-2.0000,0.0000,0.0500,2.0847,-2.0000,0.0000,0.0500,1401,0,1,
27.0932,11324,226525,3705,0,7,1,0,2.0849,-2.0000,0.0000,0.0500,2.0852,-2.0000,0.0000,0.0500,1402,0,1,
27.1132,11325,226545,3706,0,8,1,0,2.0862,-2.0000,0.0000,0.0500,2.0852,-2.0000,0.0000,0.0500,1403,0,1,
27.1333,11326,226565,3705,0,8,1,0,2.0849,-2.0000,0.0000,0.0500,2.0855,-2.0000,0.0000,0.0500,1404,0,1,
27.1533,11327,226585,3706,0,7,1,0,2.0862,-2.0000,0.0000,0.0500,2.0854,-2.0000,0.0000,0.0500,1405,0,1,
27.1733,11328,226605,3707,0,7,1,0,2.0874,-2.0000,0.0000,0.0500,2.0858,-2.0000,0.0000,0.0500,1406,0,1,
27.1932,11329,226625,3706,0,6,1,0,2.0862,-2.0000,0.0000,0.0500,2.0863,-2.0000,0.0000,0.0500,1407,0,1,
27.2133,11330,226645,3706,0,7,1,0,2.0862,-2.0000,0.0000,0.0500,2.0863,-2.0000,0.0000,0.0500,1408,0,1,
27.2333,11331,226665,3705,0,7,1,0,2.0849,-2.0000,0.0000,0.0500,2.0861,-2.0000,0.0000,0.0500,1409,0,1,
27.2533,11332,226685,3706,0,7,1,0,2.0862,-2.0000,0.0000,0.0500,2.0858,-2.0000,0.0000,0.0500,1410,0,1,
27.2859,11333,226705,3705,0,7,1,0,2.0849,-2.0000,0.0000,0.0500,2.0858,-2.0000,0.0000,0.0500,1411,0,1,
27.2932,11334,226725,3704,0,7,1,0,2.0836,-2.0000,0.0000,0.0500,2.0856,-2.0000,0.0000,0.0500,1412,0,1,
27.3132,11335,226745,3705,0,7,1,0,2.0849,-2.0000,0.0000,0.0500,2.0851,-2.0000,0.0000,0.0500,1413,0,1,
27.3333,11336,226765,3705,0,8,1,0,2.0849,-2.0000,0.0000,0.0500,2.0850,-2.0000,0.0000,0.0500,1414,0,1,
27.3532,11337,226785,3705,0,7,1,0,2.0849,-2.0000,0.0000,0.0500,2.0850,-2.0000,0.0000,0.0500,1415,0,1,
27.3733,11338,226805,3705,0,7,1,0,2.0849,-2.0000,0.0000,0.0500,2.0849,-2.0000,0.0000,0.0500,1416,0,1,
27.3933,11339,226825,3704,0,7,1,0,2.0836,-2.0000,0.0000,0.0500,2.0848,-2.0000,0.0000,0.0500,1417,0,1,
27.4133,11340,226845,3705,0,7,1,0,2.0849,-2.0000,0.0000,0.0500,2.0845,-2.0000,0.0000,0.0500,1418,0,1,
27.4332,11341,226865,3705,0,7,1,0,2.0849,-2.0000,0.0000,0.0500,2.0847,-2.0000,0.0000,0.0500,1419,0,1,
27.4532,11342,226885,3705,0,8,1,0,2.0849,-2.0000,0.0000,0.0500,2.0848,-2.0000,0.0000,0.0500,1420,0,1,
27.4733,11343,226905,3705,0,7,1,0,2.0849,-2.0000,0.0000,0.0500,2.0848,-2.0000,0.0000,0.0500,1421,0,1,
27.4933,11344,226925,3705,0,7,1,0,2.0849,-2.0000,0.0000,0.0500,2.0848,-2.0000,0.0000,0.0500,1422,0,1,
27.5133,11345,226945,3703,0,7,1,0,2.0824,-2.0000,0.0000,0.0500,2.0846,-2.0000,0.0000,0.0500,1423,0,1,
27.5532,11347,226985,3704,0,7,1,0,2.0836,-2.0000,0.0000,0.0500,2.0840,-2.0000,0.0000,0.0500,1425,0,1,6.97
27.5732,11348,227005,3704,0,7,1,0,2.0836,-2.0000,0.0000,0.0500,2.0838,-2.0000,0.0000,0.0500,1426,0,1,
27.5933,11349,227025,3706,0,7,1,0,2.0862,-2.0000,0.0000,0.0500,2.0840,-2.0000,0.0000,0.0500,1427,0,1,
27.6134,11350,227045,3706,0,7,1,0,2.0862,-2.0000,0.0000,0.0500,2.0849,-2.0000,0.0000,0.0500,1428,0,1,
27.6332,11351,227065,3706,0,7,1,0,2.0862,-2.0000,0.0000,0.0500,2.0853,-2.0000,0.0000,0.0500,1429,0,1,
27.6533,11352,227085,3706,0,7,1,0,2.0862,-2.0000,0.0000,0.0500,2.0856,-2.0000,0.0000,0.0500,1430,0,1,
27.6733,11353,227105,3706,0,7,1,0,2.0862,-2.0000,0.0000,0.0500,2.0858,-2.0000,0.0000,0.0500,1431,0,1,
27.6933,11354,227125,3706,0,7,1,0,2.0862,-2.0000,0.0000,0.0500,2.0860,-2.0000,0.0000,0.0500,1432,0,1,
27.7133,11355,227145,3706,0,7,1,0,2.0862,-2.0000,0.0000,0.0500,2.0860,-2.0000,0.0000,0.0500,1433,0,1,
27.7332,11356,227165,3706,0,7,1,0,2.0862,-2.0000,0.0000,0.0500,2.0861,-2.0000,0.0000,0.0500,1434,0,1,
27.7533,11357,227185,3705,0,7,1,0,2.0849,-2.0000,0.0000,0.0500,2.0860,-2.0000,0.0000,0.0500,1435,0,1,
27.7733,11358,227205,3705,0,7,1,0,2.0849,-2.0000,0.0000,0.0500,2.0855,-2.0000,0.0000,0.0500,1436,0,1,
27.8000,11359,227225,3706,0,7,1,0,2.0862,-2.0000,0.0000,0.0500,2.0855,-2.0000,0.0000,0.0500,1437,0,1,
27.8133,11360,227245,3705,0,7,1,0,2.0849,-2.0000,0.0000,0.0500,2.0856,-2.0000,0.0000,0.0500,1438,0,1,
27.8333,11361,227265,3706,0,7,1,0,2.0862,-2.0000,0.0000,0.0500,2.0855,-2.0000,0.0000,0.0500,1439,0,1,
27.8533,11362,227285,3706,0,7,1,0,2.0862,-2.0000,0.0000,0.0500,2.0857,-2.0000,0.0000,0.0500,1440,0,1,
27.8733,11363,227305,3706,0,7,1,0,2.0862,-2.0000,0.0000,0.0500,2.0859,-2.0000,0.0000,0.0500,1441,0,1,
27.8933,11364,227325,3706,0,7,1,0,2.0862,-2.0000,0.0000,0.0500,2.0860,-2.0000,0.0000,0.0500,1442,0,1,
27.9133,11365,227345,3707,0,7,1,0,2.0874,-2.0000,0.0000,0.0500,2.0862,-2.0000,0.0000,0.0500,1443,0,1,
27.9333,11366,227365,3706,0,7,1,0,2.0862,-2.0000,0.0000,0.0500,2.0865,-2.0000,0.0000,0.0500,1444,0,1,
27.9533,11367,227385,3706,0,7,1,0,2.0862,-2.0000,0.0000,0.0500,2.0864,-2.0000,0.0000,0.0500,1445,0,1,
27.9732,11368,227405,3706,0,7,1,0,2.0862,-2.0000,0.0000,0.0500,2.0863,-2.0000,0.0000,0.0500,1446,0,1,
27.9933,11369,227425,3705,0,7,1,0,2.0849,-2.0000,0.0000,0.0500,2.0861,-2.0000,0.0000,0.0500,1447,0,1,
28.0133,11370,227445,3705,0,7,1,0,2.0849,-2.0000,0.0000,0.0500,2.0856,-2.0000,0.0000,0.0500,1448,0,1,
28.0567,11372,227485,3705,0,7,1,0,2.0849,-2.0000,0.0000,0.0500,2.0854,-2.0000,0.0000,0.0500,1450,0,1,
28.0733,11373,227505,3706,0,7,1,0,2.0862,-2.0000,0.0000,0.0500,2.0853,-2.0000,0.0000,0.0500,1451,0,1,
28.0933,11374,227525,3706,0,7,1,0,2.0862,-2.0000,0.0000,0.0500,2.0857,-2.0000,0.0000,0.0500,1452,0,1,
28.1133,11375,227545,3705,0,7,1,0,2.0849,-2.0000,0.0000,0.0500,2.0857,-2.0000,0.0000,0.0500,1453,0,1,
28.1334,11376,227565,3705,0,7,1,0,2.0849,-2.0000,0.0000,0.0500,2.0854,-2.0000,0.0000,0.0500,1454,0,1,
28.1532,11377,227585,3705,0,7,1,0,2.0849,-2.0000,0.0000,0.0500,2.0852,-2.0000,0.0000,0.0500,1455,0,1,
28.1733,11378,227605,3705,0,7,1,0,2.0849,-2.0000,0.0000,0.0500,2.0851,-2.0000,0.0000,0.0500,1456,0,1,
28.1932,11379,227625,3705,0,7,1,0,2.0849,-2.0000,0.0000,0.0500,2.0850,-2.0000,0.0000,0.0500,1457,0,1,
28.2132,11380,227645,3705,0,7,1,0,2.0849,-2.0000,0.0000,0.0500,2.0850,-2.0000,0.0000,0.0500,1458,0,1,
28.2333,11381,227665,3705,0,7,1,0,2.0849,-2.0000,0.0000,0.0500,2.0850,-2.0000,0.0000,0.0500,1459,0,1,
28.2533,11382,227685,3705,0,7,1,0,2.0849,-2.0000,0.0000,0.0500,2.0849,-2.0000,0.0000,0.0500,1460,0,1,
28.2733,11383,227705,3705,0,7,1,0,2.0849,-2.0000,0.0000,0.0500,2.0849,-2.0000,0.0000,0.0500,1461,0,1,
28.3068,11384,227725,3705,0,7,1,0,2.0849,-2.0000,0.0000,0.0500,2.0849,-2.0000,0.0000,0.0500,1462,0,1,
28.3133,11385,227745,3704,0,7,1,0,2.0836,-2.0000,0.0000,0.0500,2.0848,-2.0000,0.0000,0.0500,1463,0,1,
28.3334,11386,227765,3704,0,7,1,0,2.0836,-2.0000,0.0000,0.0500,2.0844,-2.0000,0.0000,0.0500,1464,0,1,
28.3532,11387,227785,3705,0,7,1,0,2.0849,-2.0000,0.0000,0.0500,2.0842,-2.0000,0.0000,0.0500,1465,0,1,
28.3733,11388,227805,3705,0,7,1,0,2.0849,-2.0000,0.0000,0.0500,2.0845,-2.0000,0.0000,0.0500,1466,0,1,
28.3933,11389,227825,3705,0,7,1,0,2.0849,-2.0000,0.0000,0.0500,2.0846,-2.0000,0.0000,0.0500,1467,0,1,
28.4132,11390,227845,3706,0,7,1,0,2.0862,-2.0000,0.0000,0.0500,2.0849,-2.0000,0.0000,0.0500,1468,0,1,
28.4333,11391,227865,3705,0,8,1,0,2.0849,-2.0000,0.0000,0.0500,2.0853,-2.0000,0.0000,0.0500,1469,0,1,
28.4532,11392,227885,3705,0,7,1,0,2.0849,-2.0000,0.0000,0.0500,2.0851,-2.0000,0.0000,0.0500,1470,0,1,
28.4732,11393,227905,3706,0,7,1,0,2.0862,-2.0000,0.0000,0.0500,2.0852,-2.0000,0.0000,0.0500,1471,0,1,
28.4931,11394,227925,3705,0,7,1,0,2.0849,-2.0000,0.0000,0.0500,2.0855,-2.0000,0.0000,0.0500,1472,0,1,
28.5133,11395,227945,3705,0,7,1,0,2.0849,-2.0000,0.0000,0.0500,2.0853,-2.0000,0.0000,0.0500,1473,0,1,
28.5332,11396,227965,3706,0,7,1,0,2.0862,-2.0000,0.0000,0.0500,2.0852,-2.0000,0.0000,0.0500,1474,0,1,
28.5638,11397,227985,3705,0,7,1,0,2.0849,-2.0000,0.0000,0.0500,2.0853,-2.0000,0.0000,0.0500,1475,0,1,2.18
28.5733,11398,228005,3705,0,7,1,0,2.0849,-2.0000,0.0000,0.0500,2.0852,-2.0000,0.0000,0.0500,1476,0,1,
28.5932,11399,228025,3705,0,7,1,0,2.0849,-2.0000,0.0000,0.0500,2.0851,-2.0000,0.0000,0.0500,1477,0,1,
28.6132,11400,228045,3705,0,7,1,0,2.0849,-2.0000,0.0000,0.0500,2.0850,-2.0000,0.0000,0.0500,1478,0,1,
28.6332,11401,228065,3704,0,7,1,0,2.0836,-2.0000,0.0000,0.0500,2.0849,-2.0000,0.0000,0.0500,1479,0,1,
28.6533,11402,228085,3704,0,7,1,0,2.0836,-2.0000,0.0000,0.0500,2.0844,-2.0000,0.0000,0.0500,1480,0,1,
28.6732,11403,228105,3704,0,6,1,0,2.0836,-2.0000,0.0000,0.0500,2.0841,-2.0000,0.0000,0.0500,1481,0,1,
28.6933,11404,228125,3704,0,8,1,0,2.0836,-2.0000,0.0000,0.0500,2.0840,-2.0000,0.0000,0.0500,1482,0,1,
28.7133,11405,228145,3704,0,7,1,0,2.0836,-2.0000,0.0000,0.0500,2.0838,-2.0000,0.0000,0.0500,1483,0,1,
28.7333,11406,228165,3704,0,7,1,0,2.0836,-2.0000,0.0000,0.0500,2.0838,-2.0000,0.0000,0.0500,1484,0,1,
28.7532,11407,228185,3705,0,7,1,0,2.0849,-2.0000,0.0000,0.0500,2.0839,-2.0000,0.0000,0.0500,1485,0,1,
28.7732,11408,228205,3704,0,7,1,0,2.0836,-2.0000,0.0000,0.0500,2.0842,-2.0000,0.0000,0.0500,1486,0,1,
28.8136,11409,228225,3703,0,7,1,0,2.0824,-2.0000,0.0000,0.0500,2.0839,-2.0000,0.0000,0.0500,1487,0,1,
28.8139,11410,228245,3705,0,7,1,0,2.0849,-2.0000,0.0000,0.0500,2.0840,-2.0000,0.0000,0.0500,1488,0,1,
28.8333,11411,228265,3705,0,6,1,0,2.0849,-2.0000,0.0000,0.0500,2.0843,-2.0000,0.0000,0.0500,1489,0,1,
28.8533,11412,228285,3705,0,7,1,0,2.0849,-2.0000,0.0000,0.0500,2.0845,-2.0000,0.0000,0.0500,1490,0,1,
28.8733,11413,228305,3706,0,7,1,0,2.0862,-2.0000,0.0000,0.0500,2.0848,-2.0000,0.0000,0.0500,1491,0,1,
28.8932,11414,228325,3705,0,7,1,0,2.0849,-2.0000,0.0000,0.0500,2.0851,-2.0000,0.0000,0.0500,1492,0,1,
28.9133,11415,228345,3705,0,7,1,0,2.0849,-2.0000,0.0000,0.0500,2.0851,-2.0000,0.0000,0.0500,1493,0,1,
28.9332,11416,228365,3704,0,7,1,0,2.0836,-2.0000,0.0000,0.0500,2.0849,-2.0000,0.0000,0.0500,1494,0,1,
28.9533,11417,228385,3704,0,7,1,0,2.0836,-2.0000,0.0000,0.0500,2.0844,-2.0000,0.0000,0.0500,1495,0,1,
28.9733,11418,228405,3704,0,7,1,0,2.0836,-2.0000,0.0000,0.0500,2.0841,-2.0000,0.0000,0.0500,1496,0,1,
28.9933,11419,228425,3704,0,7,1,0,2.0836,-2.0000,0.0000,0.0500,2.0840,-2.0000,0.0000,0.0500,1497,0,1,
29.0134,11420,228445,3705,0,7,1,0,2.0849,-2.0000,0.0000,0.0500,2.0840,-2.0000,0.0000,0.0500,1498,0,1,
29.0333,11421,228465,3705,0,6,1,0,2.0849,-2.0000,0.0000,0.0500,2.0843,-2.0000,0.0000,0.0500,1499,0,1,
29.0639,11422,228485,3705,0,6,1,0,2.0849,-2.0000,0.0000,0.0500,2.0845,-2.0000,0.0000,0.0500,1500,0,1,
29.0733,11423,228505,3705,0,7,1,0,2.0849,-2.0000,0.0000,0.0500,2.0845,-2.0000,0.0000,0.0500,1501,0,1,
29.0933,11424,228525,3705,0,7,1,0,2.0849,-2.0000,0.0000,0.0500,2.0847,-2.0000,0.0000,0.0500,1502,0,1,
29.1133,11425,228545,3705,0,7,1,0,2.0849,-2.0000,0.0000,0.0500,2.0848,-2.0000,0.0000,0.0500,1503,0,1,
29.1333,11426,228565,3705,0,7,1,0,2.0849,-2.0000,0.0000,0.0500,2.0848,-2.0000,0.0000,0.0500,1504,0,1,
29.1533,11427,228585,3705,0,7,1,0,2.0849,-2.0000,0.0000,0.0500,2.0849,-2.0000,0.0000,0.0500,1505,0,1,
29.1733,11428,228605,3705,0,7,1,0,2.0849,-2.0000,0.0000,0.0500,2.0849,-2.0000,0.0000,0.0500,1506,0,1,
29.1933,11429,228625,3704,0,6,1,0,2.0836,-2.0000,0.0000,0.0500,2.0848,-2.0000,0.0000,0.0500,1507,0,1,
29.2133,11430,228645,3704,0,7,1,0,2.0836,-2.0000,0.0000,0.0500,2.0843,-2.0000,0.0000,0.0500,1508,0,1,
29.2334,11431,228665,3704,0,7,1,0,2.0836,-2.0000,0.0000,0.0500,2.0841,-2.0000,0.0000,0.0500,1509,0,1,
29.2533,11432,228685,3704,0,8,1,0,2.0836,-2.0000,0.0000,0.0500,2.0839,-2.0000,0.0000,0.0500,1510,0,1,
29.2732,11433,228705,3704,0,8,1,0,2.0836,-2.0000,0.0000,0.0500,2.0838,-2.0000,0.0000,0.0500,1511,0,1,
29.2932,11434,228725,3704,0,7,1,0,2.0836,-2.0000,0.0000,0.0500,2.0838,-2.0000,0.0000,0.0500,1512,0,1,
29.3206,11435,228745,3704,0,7,1,0,2.0836,-2.0000,0.0000,0.0500,2.0837,-2.0000,0.0000,0.0500,1513,0,1,
29.3333,11436,228765,3705,0,7,1,0,2.0849,-2.0000,0.0000,0.0500,2.0838,-2.0000,0.0000,0.0500,1514,0,1,
29.3533,11437,228785,3705,0,6,1,0,2.0849,-2.0000,0.0000,0.0500,2.0843,-2.0000,0.0000,0.0500,1515,0,1,
29.3733,11438,228805,3705,0,8,1,0,2.0849,-2.0000,0.0000,0.0500,2.0845,-2.0000,0.0000,0.0500,1516,0,1,
29.3933,11439,228825,3705,0,8,1,0,2.0849,-2.0000,0.0000,0.0500,2.0847,-2.0000,0.0000,0.0500,1517,0,1,
29.4132,11440,228845,3704,0,8,1,0,2.0836,-2.0000,0.0000,0.0500,2.0846,-2.0000,0.0000,0.0500,1518,0,1,
29.4334,11441,228865,3704,0,8,1,0,2.0836,-2.0000,0.0000,0.0500,2.0842,-2.0000,0.0000,0.0500,1519,0,1,
29.4532,11442,228885,3705,0,7,1,0,2.0849,-2.0000,0.0000,0.0500,2.0842,-2.0000,0.0000,0.0500,1520,0,1,
29.4733,11443,228905,3704,0,7,1,0,2.0836,-2.0000,0.0000,0.0500,2.0843,-2.0000,0.0000,0.0500,1521,0,1,
29.4933,11444,228925,3704,0,8,1,0,2.0836,-2.0000,0.0000,0.0500,2.0840,-2.0000,0.0000,0.0500,1522,0,1,
29.5133,11445,228945,3703,0,8,1,0,2.0824,-2.0000,0.0000,0.0500,2.0838,-2.0000,0.0000,0.0500,1523,0,1,
29.5333,11446,228965,3703,0,8,1,0,2.0824,-2.0000,0.0000,0.0500,2.0832,-2.0000,0.0000,0.0500,1524,0,1,
29.5733,11448,229005,3704,0,7,1,0,2.0836,-2.0000,0.0000,0.0500,2.0830,-2.0000,0.0000,0.0500,1526,0,1,6.99
29.5933,11449,229025,3704,0,7,1,0,2.0836,-2.0000,0.0000,0.0500,2.0833,-2.0000,0.0000,0.0500,1527,0,1,
29.6132,11450,229045,3704,0,7,1,0,2.0836,-2.0000,0.0000,0.0500,2.0834,-2.0000,0.0000,0.0500,1528,0,1,
29.6334,11451,229065,3704,0,7,1,0,2.0836,-2.0000,0.0000,0.0500,2.0835,-2.0000,0.0000,0.0500,1529,0,1,
29.6532,11452,229085,3704,0,7,1,0,2.0836,-2.0000,0.0000,0.0500,2.0836,-2.0000,0.0000,0.0500,1530,0,1,
29.6733,11453,229105,3705,0,7,1,0,2.0849,-2.0000,0.0000,0.0500,2.0837,-2.0000,0.0000,0.0500,1531,0,1,
29.6933,11454,229125,3704,0,7,1,0,2.0836,-2.0000,0.0000,0.0500,2.0841,-2.0000,0.0000,0.0500,1532,0,1,
29.7133,11455,229145,3705,0,7,1,0,2.0849,-2.0000,0.0000,0.0500,2.0841,-2.0000,0.0000,0.0500,1533,0,1,
29.7333,11456,229165,3706,0,7,1,0,2.0862,-2.0000,0.0000,0.0500,2.0845,-2.0000,0.0000,0.0500,1534,0,1,
29.7532,11457,229185,3705,0,7,1,0,2.0849,-2.0000,0.0000,0.0500,2.0850,-2.0000,0.0000,0.0500,1535,0,1,
29.7733,11458,229205,3706,0,7,1,0,2.0862,-2.0000,0.0000,0.0500,2.0851,-2.0000,0.0000,0.0500,1536,0,1,
29.7932,11459,229225,3706,0,7,1,0,2.0862,-2.0000,0.0000,0.0500,2.0855,-2.0000,0.0000,0.0500,1537,0,1,
29.8204,11460,229245,3707,0,7,1,0,2.0874,-2.0000,0.0000,0.0500,2.0857,-2.0000,0.0000,0.0500,1538,0,1,
29.8333,11461,229265,3707,0,7,1,0,2.0874,-2.0000,0.0000,0.0500,2.0862,-2.0000,0.0000,0.0500,1539,0,1,
29.8533,11462,229285,3706,0,7,1,0,2.0862,-2.0000,0.0000,0.0500,2.0866,-2.0000,0.0000,0.0500,1540,0,1,
29.8733,11463,229305,3706,0,7,1,0,2.0862,-2.0000,0.0000,0.0500,2.0864,-2.0000,0.0000,0.0500,1541,0,1,
29.8932,11464,229325,3706,0,7,1,0,2.0862,-2.0000,0.0000,0.0500,2.0863,-2.0000,0.0000,0.0500,1542,0,1,
29.9133,11465,229345,3705,0,7,1,0,2.0849,-2.0000,0.0000,0.0500,2.0861,-2.0000,0.0000,0.0500,1543,0,1,
29.9333,11466,229365,3706,0,7,1,0,2.0862,-2.0000,0.0000,0.0500,2.0858,-2.0000,0.0000,0.0500,1544,0,1,
29.9533,11467,229385,3706,0,7,1,0,2.0862,-2.0000,0.0000,0.0500,2.0860,-2.0000,0.0000,0.0500,1545,0,1,
29.9733,11468,229405,3706,0,7,1,0,2.0862,-2.0000,0.0000,0.0500,2.0860,-2.0000,0.0000,0.0500,1546,0,1,
29.9933,11469,229425,3706,0,7,1,0,2.0862,-2.0000,0.0000,0.0500,2.0861,-2.0000,0.0000,0.0500,1547,0,1,
30.0132,11470,229445,3706,0,7,1,0,2.0862,-2.0000,0.0000,0.0500,2.0861,-2.0000,0.0000,0.0500,1548,0,1,
30.0332,11471,229465,3706,0,7,1,0,2.0862,-2.0000,0.0000,0.0500,2.0861,-2.0000,0.0000,0.0500,1549,0,1,
30.0773,11472,229485,3705,0,7,1,0,2.0849,-2.0000,0.0000,0.0500,2.0860,-2.0000,0.0000,0.0500,1550,0,1,
30.0779,11473,229505,3707,0,7,1,0,2.0874,-2.0000,0.0000,0.0500,2.0862,-2.0000,0.0000,0.0500,1551,0,1,
30.0933,11474,229525,3706,0,7,1,0,2.0862,-2.0000,0.0000,0.0500,2.0864,-2.0000,0.0000,0.0500,1552,0,1,
30.1133,11475,229545,3706,0,7,1,0,2.0862,-2.0000,0.0000,0.0500,2.0863,-2.0000,0.0000,0.0500,1553,0,1,
30.1333,11476,229565,3706,0,7,1,0,2.0862,-2.0000,0.0000,0.0500,2.0862,-2.0000,0.0000,0.0500,1554,0,1,
30.1534,11477,229585,3706,0,7,1,0,2.0862,-2.0000,0.0000,0.0500,2.0862,-2.0000,0.0000,0.0500,1555,0,1,
30.1732,11478,229605,3706,0,7,1,0,2.0862,-2.0000,0.0000,0.0500,2.0862,-2.0000,0.0000,0.0500,1556,0,1,
30.1932,11479,229625,3706,0,8,1,0,2.0862,-2.0000,0.0000,0.0500,2.0862,-2.0000,0.0000,0.0500,1557,0,1,
30.2134,11480,229645,3706,0,8,1,0,2.0862,-2.0000,0.0000,0.0500,2.0862,-2.0000,0.0000,0.0500,1558,0,1,
30.2332,11481,229665,3706,0,8,1,0,2.0862,-2.0000,0.0000,0.0500,2.0862,-2.0000,0.0000,0.0500,1559,0,1,
30.2533,11482,229685,3706,0,8,1,0,2.0862,-2.0000,0.0000,0.0500,2.0862,-2.0000,0.0000,0.0500,1560,0,1,
30.2733,11483,229705,3706,0,7,1,0,2.0862,-2.0000,0.0000,0.0500,2.0862,-2.0000,0.0000,0.0500,1561,0,1,
30.2933,11484,229725,3706,0,7,1,0,2.0862,-2.0000,0.0000,0.0500,2.0862,-2.0000,0.0000,0.0500,1562,0,1,
30.3275,11485,229745,3706,0,7,1,0,2.0862,-2.0000,0.0000,0.0500,2.0862,-2.0000,0.0000,0.0500,1563,0,1,
30.3332,11486,229765,3705,0,7,1,0,2.0849,-2.0000,0.0000,0.0500,2.0860,-2.0000,0.0000,0.0500,1564,0,1,
30.3534,11487,229785,3705,0,7,1,0,2.0849,-2.0000,0.0000,0.0500,2.0856,-2.0000,0.0000,0.0500,1565,0,1,
30.3733,11488,229805,3705,0,7,1,0,2.0849,-2.0000,0.0000,0.0500,2.0853,-2.0000,0.0000,0.0500,1566,0,1,
30.3933,11489,229825,3705,0,7,1,0,2.0849,-2.0000,0.0000,0.0500,2.0852,-2.0000,0.0000,0.0500,1567,0,1,
30.4133,11490,229845,3704,0,7,1,0,2.0836,-2.0000,0.0000,0.0500,2.0850,-2.0000,0.0000,0.0500,1568,0,1,
30.4333,11491,229865,3704,0,7,1,0,2.0836,-2.0000,0.0000,0.0500,2.0844,-2.0000,0.0000,0.0500,1569,0,1,
30.4532,11492,229885,3705,0,7,1,0,2.0849,-2.0000,0.0000,0.0500,2.0843,-2.0000,0.0000,0.0500,1570,0,1,
30.4733,11493,229905,3704,0,7,1,0,2.0836,-2.0000,0.0000,0.0500,2.0844,-2.0000,0.0000,0.0500,1571,0,1,
30.4932,11494,229925,3705,0,7,1,0,2.0849,-2.0000,0.0000,0.0500,2.0843,-2.0000,0.0000,0.0500,1572,0,1,
30.5133,11495,229945,3706,0,7,1,0,2.0862,-2.0000,0.0000,0.0500,2.0846,-2.0000,0.0000,0.0500,1573,0,1,
30.5333,11496,229965,3705,0,7,1,0,2.0849,-2.0000,0.0000,0.0500,2.0851,-2.0000,0.0000,0.0500,1574,0,1,
30.5532,11497,229985,3705,0,7,1,0,2.0849,-2.0000,0.0000,0.0500,2.0850,-2.0000,0.0000,0.0500,1575,0,1,
30.5777,11498,230005,3705,0,7,1,0,2.0849,-2.0000,0.0000,0.0500,2.0850,-2.0000,0.0000,0.0500,1576,0,1,2.24
30.5934,11499,230025,3706,0,7,1,0,2.0862,-2.0000,0.0000,0.0500,2.0851,-2.0000,0.0000,0.0500,1577,0,1,
30.6133,11500,230045,3706,0,7,1,0,2.0862,-2.0000,0.0000,0.0500,2.0855,-2.0000,0.0000,0.0500,1578,0,1,
30.6332,11501,230065,3705,0,7,1,0,2.0849,-2.0000,0.0000,0.0500,2.0856,-2.0000,0.0000,0.0500,1579,0,1,
30.6532,11502,230085,3705,0,7,1,0,2.0849,-2.0000,0.0000,0.0500,2.0854,-2.0000,0.0000,0.0500,1580,0,1,
30.6733,11503,230105,3705,0,7,1,0,2.0849,-2.0000,0.0000,0.0500,2.0852,-2.0000,0.0000,0.0500,1581,0,1,
30.6933,11504,230125,3705,0,7,1,0,2.0849,-2.0000,0.0000,0.0500,2.0851,-2.0000,0.0000,0.0500,1582,0,1,
30.7134,11505,230145,3705,0,7,1,0,2.0849,-2.0000,0.0000,0.0500,2.0850,-2.0000,0.0000,0.0500,1583,0,1,
30.7333,11506,230165,3705,0,7,1,0,2.0849,-2.0000,0.0000,0.0500,2.0850,-2.0000,0.0000,0.0500,1584,0,1,
30.7532,11507,230185,3705,0,7,1,0,2.0849,-2.0000,0.0000,0.0500,2.0850,-2.0000,0.0000,0.0500,1585,0,1,
30.7734,11508,230205,3707,0,7,1,0,2.0874,-2.0000,0.0000,0.0500,2.0852,-2.0000,0.0000,0.0500,1586,0,1,
30.7933,11509,230225,3706,0,7,1,0,2.0862,-2.0000,0.0000,0.0500,2.0858,-2.0000,0.0000,0.0500,1587,0,1,
30.8343,11511,230265,3705,0,7,1,0,2.0849,-2.0000,0.0000,0.0500,2.0858,-2.0000,0.0000,0.0500,1589,0,1,
30.8533,11512,230285,3705,0,8,1,0,2.0849,-2.0000,0.0000,0.0500,2.0854,-2.0000,0.0000,0.0500,1590,0,1,
30.8733,11513,230305,3705,0,8,1,0,2.0849,-2.0000,0.0000,0.0500,2.0853,-2.0000,0.0000,0.0500,1591,0,1,
30.8932,11514,230325,3707,0,7,1,0,2.0874,-2.0000,0.0000,0.0500,2.0854,-2.0000,0.0000,0.0500,1592,0,1,
30.9132,11515,230345,3706,0,7,1,0,2.0862,-2.0000,0.0000,0.0500,2.0859,-2.0000,0.0000,0.0500,1593,0,1,
30.9333,11516,230365,3705,0,7,1,0,2.0849,-2.0000,0.0000,0.0500,2.0859,-2.0000,0.0000,0.0500,1594,0,1,
30.9533,11517,230385,3704,0,7,1,0,2.0836,-2.0000,0.0000,0.0500,2.0854,-2.0000,0.0000,0.0500,1595,0,1,
30.9734,11518,230405,3705,0,7,1,0,2.0849,-2.0000,0.0000,0.0500,2.0849,-2.0000,0.0000,0.0500,1596,0,1,
30.9932,11519,230425,3705,0,7,1,0,2.0849,-2.0000,0.0000,0.0500,2.0849,-2.0000,0.0000,0.0500,1597,0,1,
31.0133,11520,230445,3704,0,7,1,0,2.0836,-2.0000,0.0000,0.0500,2.0848,-2.0000,0.0000,0.0500,1598,0,1,
31.0332,11521,230465,3705,0,7,1,0,2.0849,-2.0000,0.0000,0.0500,2.0844,-2.0000,0.0000,0.0500,1599,0,1,
31.0533,11522,230485,3705,0,7,1,0,2.0849,-2.0000,0.0000,0.0500,2.0846,-2.0000,0.0000,0.0500,1600,0,1,
31.0842,11523,230505,3705,0,7,1,0,2.0849,-2.0000,0.0000,0.0500,2.0847,-2.0000,0.0000,0.0500,1601,0,1,
31.0933,11524,230525,3705,0,7,1,0,2.0849,-2.0000,0.0000,0.0500,2.0847,-2.0000,0.0000,0.0500,1602,0,1,
31.1133,11525,230545,3705,0,8,1,0,2.0849,-2.0000,0.0000,0.0500,2.0848,-2.0000,0.0000,0.0500,1603,0,1,
31.1332,11526,230565,3705,0,8,1,0,2.0849,-2.0000,0.0000,0.0500,2.0848,-2.0000,0.0000,0.0500,1604,0,1,
31.1533,11527,230585,3705,0,7,1,0,2.0849,-2.0000,0.0000,0.0500,2.0849,-2.0000,0.0000,0.0500,1605,0,1,
31.1734,11528,230605,3705,0,7,1,0,2.0849,-2.0000,0.0000,0.0500,2.0849,-2.0000,0.0000,0.0500,1606,0,1,
31.1933,11529,230625,3706,0,7,1,0,2.0862,-2.0000,0.0000,0.0500,2.0850,-2.0000,0.0000,0.0500,1607,0,1,
31.2133,11530,230645,3706,0,7,1,0,2.0862,-2.0000,0.0000,0.0500,2.0854,-2.0000,0.0000,0.0500,1608,0,1,
31.2334,11531,230665,3706,0,7,1,0,2.0862,-2.0000,0.0000,0.0500,2.0857,-2.0000,0.0000,0.0500,1609,0,1,
31.2533,11532,230685,3706,0,7,1,0,2.0862,-2.0000,0.0000,0.0500,2.0859,-2.0000,0.0000,0.0500,1610,0,1,
31.2733,11533,230705,3705,0,7,1,0,2.0849,-2.0000,0.0000,0.0500,2.0858,-2.0000,0.0000,0.0500,1611,0,1,
31.2933,11534,230725,3706,0,7,1,0,2.0862,-2.0000,0.0000,0.0500,2.0856,-2.0000,0.0000,0.0500,1612,0,1,
31.3132,11535,230745,3706,0,7,1,0,2.0862,-2.0000,0.0000,0.0500,2.0858,-2.0000,0.0000,0.0500,1613,0,1,
31.3413,11536,230765,3706,0,7,1,0,2.0862,-2.0000,0.0000,0.0500,2.0859,-2.0000,0.0000,0.0500,1614,0,1,
31.3532,11537,230785,3706,0,7,1,0,2.0862,-2.0000,0.0000,0.0500,2.0859,-2.0000,0.0000,0.0500,1615,0,1,
31.3733,11538,230805,3706,0,7,1,0,2.0862,-2.0000,0.0000,0.0500,2.0860,-2.0000,0.0000,0.0500,1616,0,1,
31.3932,11539,230825,3706,0,7,1,0,2.0862,-2.0000,0.0000,0.0500,2.0861,-2.0000,0.0000,0.0500,1617,0,1,
31.4132,11540,230845,3705,0,7,1,0,2.0849,-2.0000,0.0000,0.0500,2.0860,-2.0000,0.0000,0.0500,1618,0,1,
31.4332,11541,230865,3705,0,8,1,0,2.0849,-2.0000,0.0000,0.0500,2.0855,-2.0000,0.0000,0.0500,1619,0,1,
31.4533,11542,230885,3706,0,7,1,0,2.0862,-2.0000,0.0000,0.0500,2.0854,-2.0000,0.0000,0.0500,1620,0,1,
31.4733,11543,230905,3707,0,8,1,0,2.0874,-2.0000,0.0000,0.0500,2.0859,-2.0000,0.0000,0.0500,1621,0,1,
31.4932,11544,230925,3706,0,8,1,0,2.0862,-2.0000,0.0000,0.0500,2.0863,-2.0000,0.0000,0.0500,1622,0,1,
31.5132,11545,230945,3706,0,7,1,0,2.0862,-2.0000,0.0000,0.0500,2.0862,-2.0000,0.0000,0.0500,1623,0,1,
31.5332,11546,230965,3705,0,8,1,0,2.0849,-2.0000,0.0000,0.0500,2.0861,-2.0000,0.0000,0.0500,1624,0,1,
31.5533,11547,230985,3705,0,8,1,0,2.0849,-2.0000,0.0000,0.0500,2.0857,-2.0000,0.0000,0.0500,1625,0,1,
31.5932,11549,231025,3705,0,7,1,0,2.0849,-2.0000,0.0000,0.0500,2.0854,-2.0000,0.0000,0.0500,1627,0,1,7.13
31.6132,11550,231045,3704,0,7,1,0,2.0836,-2.0000,0.0000,0.0500,2.0851,-2.0000,0.0000,0.0500,1628,0,1,
31.6332,11551,231065,3704,0,7,1,0,2.0836,-2.0000,0.0000,0.0500,2.0845,-2.0000,0.0000,0.0500,1629,0,1,
31.6532,11552,231085,3705,0,7,1,0,2.0849,-2.0000,0.0000,0.0500,2.0843,-2.0000,0.0000,0.0500,1630,0,1,
31.6732,11553,231105,3704,0,7,1,0,2.0836,-2.0000,0.0000,0.0500,2.0844,-2.0000,0.0000,0.0500,1631,0,1,
31.6933,11554,231125,3704,0,7,1,0,2.0836,-2.0000,0.0000,0.0500,2.0842,-2.0000,0.0000,0.0500,1632,0,1,
31.7132,11555,231145,3704,0,6,1,0,2.0836,-2.0000,0.0000,0.0500,2.0840,-2.0000,0.0000,0.0500,1633,0,1,
31.7332,11556,231165,3704,0,6,1,0,2.0836,-2.0000,0.0000,0.0500,2.0838,-2.0000,0.0000,0.0500,1634,0,1,
31.7533,11557,231185,3705,0,6,1,0,2.0849,-2.0000,0.0000,0.0500,2.0839,-2.0000,0.0000,0.0500,1635,0,1,
31.7733,11558,231205,3705,0,7,1,0,2.0849,-2.0000,0.0000,0.0500,2.0843,-2.0000,0.0000,0.0500,1636,0,1,
31.7933,11559,231225,3705,0,7,1,0,2.0849,-2.0000,0.0000,0.0500,2.0845,-2.0000,0.0000,0.0500,1637,0,1,
31.8133,11560,231245,3705,0,7,1,0,2.0849,-2.0000,0.0000,0.0500,2.0847,-2.0000,0.0000,0.0500,1638,0,1,
31.8411,11561,231265,3706,0,7,1,0,2.0862,-2.0000,0.0000,0.0500,2.0848,-2.0000,0.0000,0.0500,1639,0,1,
31.8532,11562,231285,3705,0,7,1,0,2.0849,-2.0000,0.0000,0.0500,2.0851,-2.0000,0.0000,0.0500,1640,0,1,
31.8733,11563,231305,3705,0,7,1,0,2.0849,-2.0000,0.0000,0.0500,2.0850,-2.0000,0.0000,0.0500,1641,0,1,
31.8933,11564,231325,3706,0,7,1,0,2.0862,-2.0000,0.0000,0.0500,2.0851,-2.0000,0.0000,0.0500,1642,0,1,
31.9132,11565,231345,3704,0,7,1,0,2.0836,-2.0000,0.0000,0.0500,2.0853,-2.0000,0.0000,0.0500,1643,0,1,
31.9333,11566,231365,3706,0,7,1,0,2.0862,-2.0000,0.0000,0.0500,2.0850,-2.0000,0.0000,0.0500,1644,0,1,
31.9533,11567,231385,3704,0,8,1,0,2.0836,-2.0000,0.0000,0.0500,2.0851,-2.0000,0.0000,0.0500,1645,0,1,
31.9733,11568,231405,3705,0,7,1,0,2.0849,-2.0000,0.0000,0.0500,2.0846,-2.0000,0.0000,0.0500,1646,0,1,
31.9933,11569,231425,3705,0,7,1,0,2.0849,-2.0000,0.0000,0.0500,2.0847,-2.0000,0.0000,0.0500,1647,0,1,
32.0133,11570,231445,3705,0,8,1,0,2.0849,-2.0000,0.0000,0.0500,2.0848,-2.0000,0.0000,0.0500,1648,0,1,
32.0333,11571,231465,3705,0,8,1,0,2.0849,-2.0000,0.0000,0.0500,2.0848,-2.0000,0.0000,0.0500,1649,0,1,
32.0532,11572,231485,3705,0,8,1,0,2.0849,-2.0000,0.0000,0.0500,2.0849,-2.0000,0.0000,0.0500,1650,0,1,
32.0979,11573,231505,3705,0,7,1,0,2.0849,-2.0000,0.0000,0.0500,2.0849,-2.0000,0.0000,0.0500,1651,0,1,
32.0985,11574,231525,3706,0,7,1,0,2.0862,-2.0000,0.0000,0.0500,2.0850,-2.0000,0.0000,0.0500,1652,0,1,
32.1133,11575,231545,3706,0,7,1,0,2.0862,-2.0000,0.0000,0.0500,2.0853,-2.0000,0.0000,0.0500,1653,0,1,
32.1333,11576,231565,3706,0,7,1,0,2.0862,-2.0000,0.0000,0.0500,2.0856,-2.0000,0.0000,0.0500,1654,0,1,
32.1533,11577,231585,3706,0,7,1,0,2.0862,-2.0000,0.0000,0.0500,2.0858,-2.0000,0.0000,0.0500,1655,0,1,
32.1732,11578,231605,3705,0,8,1,0,2.0849,-2.0000,0.0000,0.0500,2.0858,-2.0000,0.0000,0.0500,1656,0,1,
32.1933,11579,231625,3705,0,7,1,0,2.0849,-2.0000,0.0000,0.0500,2.0855,-2.0000,0.0000,0.0500,1657,0,1,
32.2134,11580,231645,3705,0,8,1,0,2.0849,-2.0000,0.0000,0.0500,2.0853,-2.0000,0.0000,0.0500,1658,0,1,
32.2332,11581,231665,3705,0,8,1,0,2.0849,-2.0000,0.0000,0.0500,2.0851,-2.0000,0.0000,0.0500,1659,0,1,
32.2533,11582,231685,3706,0,7,1,0,2.0862,-2.0000,0.0000,0.0500,2.0852,-2.0000,0.0000,0.0500,1660,0,1,
32.2733,11583,231705,3706,0,7,1,0,2.0862,-2.0000,0.0000,0.0500,2.0855,-2.0000,0.0000,0.0500,1661,0,1,
32.2933,11584,231725,3706,0,7,1,0,2.0862,-2.0000,0.0000,0.0500,2.0858,-2.0000,0.0000,0.0500,1662,0,1,
32.3132,11585,231745,3706,0,7,1,0,2.0862,-2.0000,0.0000,0.0500,2.0859,-2.0000,0.0000,0.0500,1663,0,1,
32.3480,11586,231765,3706,0,7,1,0,2.0862,-2.0000,0.0000,0.0500,2.0860,-2.0000,0.0000,0.0500,1664,0,1,
32.3533,11587,231785,3705,0,7,1,0,2.0849,-2.0000,0.0000,0.0500,2.0859,-2.0000,0.0000,0.0500,1665,0,1,
32.3733,11588,231805,3705,0,7,1,0,2.0849,-2.0000,0.0000,0.0500,2.0856,-2.0000,0.0000,0.0500,1666,0,1,
32.3933,11589,231825,3705,0,7,1,0,2.0849,-2.0000,0.0000,0.0500,2.0853,-2.0000,0.0000,0.0500,1667,0,1,
32.4134,11590,231845,3705,0,7,1,0,2.0849,-2.0000,0.0000,0.0500,2.0852,-2.0000,0.0000,0.0500,1668,0,1,
32.4333,11591,231865,3705,0,7,1,0,2.0849,-2.0000,0.0000,0.0500,2.0851,-2.0000,0.0000,0.0500,1669,0,1,
32.4532,11592,231885,3705,0,7,1,0,2.0849,-2.0000,0.0000,0.0500,2.0850,-2.0000,0.0000,0.0500,1670,0,1,
32.4733,11593,231905,3705,0,7,1,0,2.0849,-2.0000,0.0000,0.0500,2.0850,-2.0000,0.0000,0.0500,1671,0,1,
32.4932,11594,231925,3706,0,7,1,0,2.0862,-2.0000,0.0000,0.0500,2.0851,-2.0000,0.0000,0.0500,1672,0,1,
32.5133,11595,231945,3706,0,7,1,0,2.0862,-2.0000,0.0000,0.0500,2.0854,-2.0000,0.0000,0.0500,1673,0,1,
32.5332,11596,231965,3706,0,7,1,0,2.0862,-2.0000,0.0000,0.0500,2.0857,-2.0000,0.0000,0.0500,1674,0,1,
32.5533,11597,231985,3706,0,7,1,0,2.0862,-2.0000,0.0000,0.0500,2.0859,-2.0000,0.0000,0.0500,1675,0,1,
32.5733,11598,232005,3705,0,7,1,0,2.0849,-2.0000,0.0000,0.0500,2.0859,-2.0000,0.0000,0.0500,1676,0,1,
32.6053,11599,232025,3706,0,7,1,0,2.0862,-2.0000,0.0000,0.0500,2.0857,-2.0000,0.0000,0.0500,1677,0,1,2.16
32.6133,11600,232045,3706,0,7,1,0,2.0862,-2.0000,0.0000,0.0500,2.0858,-2.0000,0.0000,0.0500,1678,0,1,
32.6332,11601,232065,3705,0,7,1,0,2.0849,-2.0000,0.0000,0.0500,2.0858,-2.0000,0.0000,0.0500,1679,0,1,
32.6533,11602,232085,3706,0,6,1,0,2.0862,-2.0000,0.0000,0.0500,2.0856,-2.0000,0.0000,0.0500,1680,0,1,
32.6732,11603,232105,3706,0,6,1,0,2.0862,-2.0000,0.0000,0.0500,2.0858,-2.0000,0.0000,0.0500,1681,0,1,
32.6933,11604,232125,3706,0,7,1,0,2.0862,-2.0000,0.0000,0.0500,2.0860,-2.0000,0.0000,0.0500,1682,0,1,
32.7133,11605,232145,3706,0,7,1,0,2.0862,-2.0000,0.0000,0.0500,2.0860,-2.0000,0.0000,0.0500,1683,0,1,
32.7332,11606,232165,3705,0,7,1,0,2.0849,-2.0000,0.0000,0.0500,2.0860,-2.0000,0.0000,0.0500,1684,0,1,
32.7533,11607,232185,3706,0,6,1,0,2.0862,-2.0000,0.0000,0.0500,2.0857,-2.0000,0.0000,0.0500,1685,0,1,
32.7733,11608,232205,3707,0,6,1,0,2.0874,-2.0000,0.0000,0.0500,2.0860,-2.0000,0.0000,0.0500,1686,0,1,
32.7933,11609,232225,3706,0,6,1,0,2.0862,-2.0000,0.0000,0.0500,2.0864,-2.0000,0.0000,0.0500,1687,0,1,
32.8133,11610,232245,3705,0,7,1,0,2.0849,-2.0000,0.0000,0.0500,2.0862,-2.0000,0.0000,0.0500,1688,0,1,
32.8479,11611,232265,3705,0,7,1,0,2.0849,-2.0000,0.0000,0.0500,2.0857,-2.0000,0.0000,0.0500,1689,0,1,
32.8550,11612,232285,3704,0,7,1,0,2.0836,-2.0000,0.0000,0.0500,2.0855,-2.0000,0.0000,0.0500,1690,0,1,
32.8733,11613,232305,3704,0,7,1,0,2.0836,-2.0000,0.0000,0.0500,2.0849,-2.0000,0.0000,0.0500,1691,0,1,
32.8932,11614,232325,3704,0,7,1,0,2.0836,-2.0000,0.0000,0.0500,2.0845,-2.0000,0.0000,0.0500,1692,0,1,
32.9133,11615,232345,3704,0,7,1,0,2.0836,-2.0000,0.0000,0.0500,2.0842,-2.0000,0.0000,0.0500,1693,0,1,
32.9333,11616,232365,3704,0,8,1,0,2.0836,-2.0000,0.0000,0.0500,2.0840,-2.0000,0.0000,0.0500,1694,0,1,
32.9533,11617,232385,3704,0,8,1,0,2.0836,-2.0000,0.0000,0.0500,2.0839,-2.0000,0.0000,0.0500,1695,0,1,
32.9733,11618,232405,3704,0,7,1,0,2.0836,-2.0000,0.0000,0.0500,2.0838,-2.0000,0.0000,0.0500,1696,0,1,
32.9933,11619,232425,3704,0,7,1,0,2.0836,-2.0000,0.0000,0.0500,2.0837,-2.0000,0.0000,0.0500,1697,0,1,
33.0134,11620,232445,3704,0,8,1,0,2.0836,-2.0000,0.0000,0.0500,2.0837,-2.0000,0.0000,0.0500,1698,0,1,
33.0334,11621,232465,3705,0,8,1,0,2.0849,-2.0000,0.0000,0.0500,2.0838,-2.0000,0.0000,0.0500,1699,0,1,
33.0534,11622,232485,3705,0,8,1,0,2.0849,-2.0000,0.0000,0.0500,2.0842,-2.0000,0.0000,0.0500,1700,0,1,
33.0733,11623,232505,3704,0,8,1,0,2.0836,-2.0000,0.0000,0.0500,2.0844,-2.0000,0.0000,0.0500,1701,0,1,
33.1053,11624,232525,3704,0,8,1,0,2.0836,-2.0000,0.0000,0.0500,2.0842,-2.0000,0.0000,0.0500,1702,0,1,
33.1132,11625,232545,3705,0,8,1,0,2.0849,-2.0000,0.0000,0.0500,2.0842,-2.0000,0.0000,0.0500,1703,0,1,
33.1333,11626,232565,3705,0,8,1,0,2.0849,-2.0000,0.0000,0.0500,2.0845,-2.0000,0.0000,0.0500,1704,0,1,
33.1532,11627,232585,3704,0,8,1,0,2.0836,-2.0000,0.0000,0.0500,2.0845,-2.0000,0.0000,0.0500,1705,0,1,
33.1735,11628,232605,3705,0,8,1,0,2.0849,-2.0000,0.0000,0.0500,2.0843,-2.0000,0.0000,0.0500,1706,0,1,
33.1933,11629,232625,3705,0,8,1,0,2.0849,-2.0000,0.0000,0.0500,2.0845,-2.0000,0.0000,0.0500,1707,0,1,
33.2133,11630,232645,3706,0,8,1,0,2.0862,-2.0000,0.0000,0.0500,2.0848,-2.0000,0.0000,0.0500,1708,0,1,
33.2333,11631,232665,3706,0,8,1,0,2.0862,-2.0000,0.0000,0.0500,2.0853,-2.0000,0.0000,0.0500,1709,0,1,
33.2536,11632,232685,3705,0,7,1,0,2.0849,-2.0000,0.0000,0.0500,2.0855,-2.0000,0.0000,0.0500,1710,0,1,
33.2733,11633,232705,3705,0,7,1,0,2.0849,-2.0000,0.0000,0.0500,2.0853,-2.0000,0.0000,0.0500,1711,0,1,
33.2933,11634,232725,3705,0,7,1,0,2.0849,-2.0000,0.0000,0.0500,2.0851,-2.0000,0.0000,0.0500,1712,0,1,
33.3133,11635,232745,3706,0,7,1,0,2.0862,-2.0000,0.0000,0.0500,2.0852,-2.0000,0.0000,0.0500,1713,0,1,
33.3480,11636,232765,3705,0,7,1,0,2.0849,-2.0000,0.0000,0.0500,2.0855,-2.0000,0.0000,0.0500,1714,0,1,
33.3550,11637,232785,3706,0,7,1,0,2.0862,-2.0000,0.0000,0.0500,2.0855,-2.0000,0.0000,0.0500,1715,0,1,
33.3733,11638,232805,3705,0,7,1,0,2.0849,-2.0000,0.0000,0.0500,2.0856,-2.0000,0.0000,0.0500,1716,0,1,
33.3932,11639,232825,3705,0,7,1,0,2.0849,-2.0000,0.0000,0.0500,2.0854,-2.0000,0.0000,0.0500,1717,0,1,
33.4133,11640,232845,3706,0,8,1,0,2.0862,-2.0000,0.0000,0.0500,2.0853,-2.0000,0.0000,0.0500,1718,0,1,
33.4333,11641,232865,3706,0,8,1,0,2.0862,-2.0000,0.0000,0.0500,2.0857,-2.0000,0.0000,0.0500,1719,0,1,
33.4533,11642,232885,3705,0,8,1,0,2.0849,-2.0000,0.0000,0.0500,2.0857,-2.0000,0.0000,0.0500,1720,0,1,
33.4733,11643,232905,3705,0,7,1,0,2.0849,-2.0000,0.0000,0.0500,2.0854,-2.0000,0.0000,0.0500,1721,0,1,
33.4933,11644,232925,3705,0,7,1,0,2.0849,-2.0000,0.0000,0.0500,2.0852,-2.0000,0.0000,0.0500,1722,0,1,
33.5133,11645,232945,3706,0,7,1,0,2.0862,-2.0000,0.0000,0.0500,2.0852,-2.0000,0.0000,0.0500,1723,0,1,
33.5333,11646,232965,3706,0,7,1,0,2.0862,-2.0000,0.0000,0.0500,2.0855,-2.0000,0.0000,0.0500,1724,0,1,
33.5534,11647,232985,3706,0,7,1,0,2.0862,-2.0000,0.0000,0.0500,2.0858,-2.0000,0.0000,0.0500,1725,0,1,
33.5732,11648,233005,3706,0,8,1,0,2.0862,-2.0000,0.0000,0.0500,2.0859,-2.0000,0.0000,0.0500,1726,0,1,
33.6131,11650,233045,3706,0,7,1,0,2.0862,-2.0000,0.0000,0.0500,2.0860,-2.0000,0.0000,0.0500,1728,0,1,2.25
33.6333,11651,233065,3705,0,7,1,0,2.0849,-2.0000,0.0000,0.0500,2.0859,-2.0000,0.0000,0.0500,1729,0,1,
33.6533,11652,233085,3705,0,7,1,0,2.0849,-2.0000,0.0000,0.0500,2.0855,-2.0000,0.0000,0.0500,1730,0,1,
33.6733,11653,233105,3705,0,7,1,0,2.0849,-2.0000,0.0000,0.0500,2.0853,-2.0000,0.0000,0.0500,1731,0,1,
33.6933,11654,233125,3705,0,7,1,0,2.0849,-2.0000,0.0000,0.0500,2.0852,-2.0000,0.0000,0.0500,1732,0,1,
33.7133,11655,233145,3705,0,7,1,0,2.0849,-2.0000,0.0000,0.0500,2.0851,-2.0000,0.0000,0.0500,1733,0,1,
33.7333,11656,233165,3705,0,7,1,0,2.0849,-2.0000,0.0000,0.0500,2.0850,-2.0000,0.0000,0.0500,1734,0,1,
33.7533,11657,233185,3705,0,7,1,0,2.0849,-2.0000,0.0000,0.0500,2.0850,-2.0000,0.0000,0.0500,1735,0,1,
33.7733,11658,233205,3705,0,7,1,0,2.0849,-2.0000,0.0000,0.0500,2.0849,-2.0000,0.0000,0.0500,1736,0,1,
33.7934,11659,233225,3705,0,7,1,0,2.0849,-2.0000,0.0000,0.0500,2.0849,-2.0000,0.0000,0.0500,1737,0,1,
33.8133,11660,233245,3704,0,7,1,0,2.0836,-2.0000,0.0000,0.0500,2.0848,-2.0000,0.0000,0.0500,1738,0,1,
33.8334,11661,233265,3704,0,6,1,0,2.0836,-2.0000,0.0000,0.0500,2.0844,-2.0000,0.0000,0.0500,1739,0,1,
33.8618,11662,233285,3704,0,7,1,0,2.0836,-2.0000,0.0000,0.0500,2.0842,-2.0000,0.0000,0.0500,1740,0,1,
33.8733,11663,233305,3705,0,7,1,0,2.0849,-2.0000,0.0000,0.0500,2.0842,-2.0000,0.0000,0.0500,1741,0,1,
33.8933,11664,233325,3705,0,7,1,0,2.0849,-2.0000,0.0000,0.0500,2.0845,-2.0000,0.0000,0.0500,1742,0,1,
33.9133,11665,233345,3704,0,8,1,0,2.0836,-2.0000,0.0000,0.0500,2.0845,-2.0000,0.0000,0.0500,1743,0,1,
33.9333,11666,233365,3703,0,8,1,0,2.0824,-2.0000,0.0000,0.0500,2.0841,-2.0000,0.0000,0.0500,1744,0,1,
33.9533,11667,233385,3704,0,8,1,0,2.0836,-2.0000,0.0000,0.0500,2.0835,-2.0000,0.0000,0.0500,1745,0,1,
33.9734,11668,233405,3705,0,8,1,0,2.0849,-2.0000,0.0000,0.0500,2.0837,-2.0000,0.0000,0.0500,1746,0,1,
33.9933,11669,233425,3706,0,8,1,0,2.0862,-2.0000,0.0000,0.0500,2.0843,-2.0000,0.0000,0.0500,1747,0,1,
34.0133,11670,233445,3706,0,7,1,0,2.0862,-2.0000,0.0000,0.0500,2.0849,-2.0000,0.0000,0.0500,1748,0,1,
34.0333,11671,233465,3705,0,7,1,0,2.0849,-2.0000,0.0000,0.0500,2.0852,-2.0000,0.0000,0.0500,1749,0,1,
34.0534,11672,233485,3705,0,7,1,0,2.0849,-2.0000,0.0000,0.0500,2.0851,-2.0000,0.0000,0.0500,1750,0,1,
34.0733,11673,233505,3705,0,7,1,0,2.0849,-2.0000,0.0000,0.0500,2.0850,-2.0000,0.0000,0.0500,1751,0,1,
34.1116,11674,233525,3705,0,7,1,0,2.0849,-2.0000,0.0000,0.0500,2.0850,-2.0000,0.0000,0.0500,1752,0,1,
34.1191,11675,233545,3705,0,7,1,0,2.0849,-2.0000,0.0000,0.0500,2.0850,-2.0000,0.0000,0.0500,1753,0,1,
34.1333,11676,233565,3705,0,7,1,0,2.0849,-2.0000,0.0000,0.0500,2.0850,-2.0000,0.0000,0.0500,1754,0,1,
34.1533,11677,233585,3706,0,7,1,0,2.0862,-2.0000,0.0000,0.0500,2.0851,-2.0000,0.0000,0.0500,1755,0,1,
34.1733,11678,233605,3706,0,7,1,0,2.0862,-2.0000,0.0000,0.0500,2.0855,-2.0000,0.0000,0.0500,1756,0,1,
34.1933,11679,233625,3706,0,7,1,0,2.0862,-2.0000,0.0000,0.0500,2.0857,-2.0000,0.0000,0.0500,1757,0,1,
34.2135,11680,233645,3705,0,7,1,0,2.0849,-2.0000,0.0000,0.0500,2.0858,-2.0000,0.0000,0.0500,1758,0,1,
34.2333,11681,233665,3705,0,7,1,0,2.0849,-2.0000,0.0000,0.0500,2.0855,-2.0000,0.0000,0.0500,1759,0,1,
34.2533,11682,233685,3704,0,7,1,0,2.0836,-2.0000,0.0000,0.0500,2.0852,-2.0000,0.0000,0.0500,1760,0,1,
34.2733,11683,233705,3705,0,7,1,0,2.0849,-2.0000,0.0000,0.0500,2.0847,-2.0000,0.0000,0.0500,1761,0,1,
34.2933,11684,233725,3706,0,7,1,0,2.0862,-2.0000,0.0000,0.0500,2.0849,-2.0000,0.0000,0.0500,1762,0,1,
34.3133,11685,233745,3704,0,7,1,0,2.0836,-2.0000,0.0000,0.0500,2.0852,-2.0000,0.0000,0.0500,1763,0,1,
34.3333,11686,233765,3704,0,7,1,0,2.0836,-2.0000,0.0000,0.0500,2.0846,-2.0000,0.0000,0.0500,1764,0,1,
34.3686,11687,233785,3705,0,7,1,0,2.0849,-2.0000,0.0000,0.0500,2.0845,-2.0000,0.0000,0.0500,1765,0,1,
34.3733,11688,233805,3705,0,7,1,0,2.0849,-2.0000,0.0000,0.0500,2.0846,-2.0000,0.0000,0.0500,1766,0,1,
34.3933,11689,233825,3705,0,7,1,0,2.0849,-2.0000,0.0000,0.0500,2.0847,-2.0000,0.0000,0.0500,1767,0,1,
34.4133,11690,233845,3705,0,7,1,0,2.0849,-2.0000,0.0000,0.0500,2.0848,-2.0000,0.0000,0.0500,1768,0,1,
34.4332,11691,233865,3705,0,7,1,0,2.0849,-2.0000,0.0000,0.0500,2.0848,-2.0000,0.0000,0.0500,1769,0,1,
34.4533,11692,233885,3705,0,7,1,0,2.0849,-2.0000,0.0000,0.0500,2.0848,-2.0000,0.0000,0.0500,1770,0,1,
34.4733,11693,233905,3705,0,7,1,0,2.0849,-2.0000,0.0000,0.0500,2.0849,-2.0000,0.0000,0.0500,1771,0,1,
34.4933,11694,233925,3704,0,7,1,0,2.0836,-2.0000,0.0000,0.0500,2.0848,-2.0000,0.0000,0.0500,1772,0,1,
34.5134,11695,233945,3705,0,7,1,0,2.0849,-2.0000,0.0000,0.0500,2.0845,-2.0000,0.0000,0.0500,1773,0,1,
34.5333,11696,233965,3705,0,7,1,0,2.0849,-2.0000,0.0000,0.0500,2.0847,-2.0000,0.0000,0.0500,1774,0,1,
34.5533,11697,233985,3705,0,7,1,0,2.0849,-2.0000,0.0000,0.0500,2.0847,-2.0000,0.0000,0.0500,1775,0,1,
34.5733,11698,234005,3705,0,7,1,0,2.0849,-2.0000,0.0000,0.0500,2.0848,-2.0000,0.0000,0.0500,1776,0,1,
34.5933,11699,234025,3705,0,7,1,0,2.0849,-2.0000,0.0000,0.0500,2.0848,-2.0000,0.0000,0.0500,1777,0,1,
34.6189,11700,234045,3705,0,7,1,0,2.0849,-2.0000,0.0000,0.0500,2.0849,-2.0000,0.0000,0.0500,1778,0,1,2.21
34.6333,11701,234065,3705,0,7,1,0,2.0849,-2.0000,0.0000,0.0500,2.0849,-2.0000,0.0000,0.0500,1779,0,1,
34.6533,11702,234085,3705,0,7,1,0,2.0849,-2.0000,0.0000,0.0500,2.0849,-2.0000,0.0000,0.0500,1780,0,1,
34.6732,11703,234105,3704,0,7,1,0,2.0836,-2.0000,0.0000,0.0500,2.0848,-2.0000,0.0000,0.0500,1781,0,1,
34.6934,11704,234125,3705,0,7,1,0,2.0849,-2.0000,0.0000,0.0500,2.0845,-2.0000,0.0000,0.0500,1782,0,1,
34.7133,11705,234145,3705,0,7,1,0,2.0849,-2.0000,0.0000,0.0500,2.0846,-2.0000,0.0000,0.0500,1783,0,1,
34.7333,11706,234165,3705,0,7,1,0,2.0849,-2.0000,0.0000,0.0500,2.0848,-2.0000,0.0000,0.0500,1784,0,1,
34.7533,11707,234185,3705,0,8,1,0,2.0849,-2.0000,0.0000,0.0500,2.0848,-2.0000,0.0000,0.0500,1785,0,1,
34.7733,11708,234205,3704,0,7,1,0,2.0836,-2.0000,0.0000,0.0500,2.0847,-2.0000,0.0000,0.0500,1786,0,1,
34.7933,11709,234225,3705,0,7,1,0,2.0849,-2.0000,0.0000,0.0500,2.0845,-2.0000,0.0000,0.0500,1787,0,1,
34.8133,11710,234245,3705,0,7,1,0,2.0849,-2.0000,0.0000,0.0500,2.0847,-2.0000,0.0000,0.0500,1788,0,1,
34.8333,11711,234265,3705,0,7,1,0,2.0849,-2.0000,0.0000,0.0500,2.0847,-2.0000,0.0000,0.0500,1789,0,1,
34.8618,11712,234285,3706,0,7,1,0,2.0862,-2.0000,0.0000,0.0500,2.0849,-2.0000,0.0000,0.0500,1790,0,1,
34.8758,11713,234305,3706,0,7,1,0,2.0862,-2.0000,0.0000,0.0500,2.0850,-2.0000,0.0000,0.0500,1791,0,1,
34.8933,11714,234325,3706,0,7,1,0,2.0862,-2.0000,0.0000,0.0500,2.0853,-2.0000,0.0000,0.0500,1792,0,1,
34.9133,11715,234345,3706,0,7,1,0,2.0862,-2.0000,0.0000,0.0500,2.0857,-2.0000,0.0000,0.0500,1793,0,1,
34.9333,11716,234365,3705,0,7,1,0,2.0849,-2.0000,0.0000,0.0500,2.0857,-2.0000,0.0000,0.0500,1794,0,1,
34.9533,11717,234385,3705,0,7,1,0,2.0849,-2.0000,0.0000,0.0500,2.0854,-2.0000,0.0000,0.0500,1795,0,1,
34.9734,11718,234405,3705,0,7,1,0,2.0849,-2.0000,0.0000,0.0500,2.0852,-2.0000,0.0000,0.0500,1796,0,1,
34.9933,11719,234425,3705,0,7,1,0,2.0849,-2.0000,0.0000,0.0500,2.0851,-2.0000,0.0000,0.0500,1797,0,1,
35.0132,11720,234445,3706,0,7,1,0,2.0862,-2.0000,0.0000,0.0500,2.0852,-2.0000,0.0000,0.0500,1798,0,1,
35.0333,11721,234465,3705,0,7,1,0,2.0849,-2.0000,0.0000,0.0500,2.0854,-2.0000,0.0000,0.0500,1799,0,1,
35.0533,11722,234485,3705,0,7,1,0,2.0849,-2.0000,0.0000,0.0500,2.0852,-2.0000,0.0000,0.0500,1800,0,1,
35.0733,11723,234505,3707,0,7,1,0,2.0874,-2.0000,0.0000,0.0500,2.0853,-2.0000,0.0000,0.0500,1801,0,1,
35.0933,11724,234525,3706,0,7,1,0,2.0862,-2.0000,0.0000,0.0500,2.0861,-2.0000,0.0000,0.0500,1802,0,1,
35.1187,11725,234545,3706,0,7,1,0,2.0862,-2.0000,0.0000,0.0500,2.0861,-2.0000,0.0000,0.0500,1803,0,1,
35.1333,11726,234565,3705,0,7,1,0,2.0849,-2.0000,0.0000,0.0500,2.0860,-2.0000,0.0000,0.0500,1804,0,1,
35.1533,11727,234585,3704,0,7,1,0,2.0836,-2.0000,0.0000,0.0500,2.0854,-2.0000,0.0000,0.0500,1805,0,1,
35.1734,11728,234605,3704,0,7,1,0,2.0836,-2.0000,0.0000,0.0500,2.0848,-2.0000,0.0000,0.0500,1806,0,1,
35.1932,11729,234625,3704,0,6,1,0,2.0836,-2.0000,0.0000,0.0500,2.0843,-2.0000,0.0000,0.0500,1807,0,1,
35.2133,11730,234645,3705,0,6,1,0,2.0849,-2.0000,0.0000,0.0500,2.0842,-2.0000,0.0000,0.0500,1808,0,1,
35.2332,11731,234665,3705,0,7,1,0,2.0849,-2.0000,0.0000,0.0500,2.0845,-2.0000,0.0000,0.0500,1809,0,1,
35.2533,11732,234685,3705,0,7,1,0,2.0849,-2.0000,0.0000,0.0500,2.0846,-2.0000,0.0000,0.0500,1810,0,1,
35.2733,11733,234705,3705,0,6,1,0,2.0849,-2.0000,0.0000,0.0500,2.0847,-2.0000,0.0000,0.0500,1811,0,1,
35.2932,11734,234725,3706,0,7,1,0,2.0862,-2.0000,0.0000,0.0500,2.0849,-2.0000,0.0000,0.0500,1812,0,1,
35.3133,11735,234745,3706,0,7,1,0,2.0862,-2.0000,0.0000,0.0500,2.0854,-2.0000,0.0000,0.0500,1813,0,1,
35.3333,11736,234765,3706,0,7,1,0,2.0862,-2.0000,0.0000,0.0500,2.0857,-2.0000,0.0000,0.0500,1814,0,1,
35.3533,11737,234785,3706,0,7,1,0,2.0862,-2.0000,0.0000,0.0500,2.0858,-2.0000,0.0000,0.0500,1815,0,1,
35.3826,11738,234805,3706,0,7,1,0,2.0862,-2.0000,0.0000,0.0500,2.0859,-2.0000,0.0000,0.0500,1816,0,1,
35.3933,11739,234825,3706,0,7,1,0,2.0862,-2.0000,0.0000,0.0500,2.0860,-2.0000,0.0000,0.0500,1817,0,1,
35.4134,11740,234845,3705,0,7,1,0,2.0849,-2.0000,0.0000,0.0500,2.0859,-2.0000,0.0000,0.0500,1818,0,1,
35.4333,11741,234865,3706,0,7,1,0,2.0862,-2.0000,0.0000,0.0500,2.0856,-2.0000,0.0000,0.0500,1819,0,1,
35.4533,11742,234885,3706,0,7,1,0,2.0862,-2.0000,0.0000,0.0500,2.0858,-2.0000,0.0000,0.0500,1820,0,1,
35.4732,11743,234905,3706,0,7,1,0,2.0862,-2.0000,0.0000,0.0500,2.0860,-2.0000,0.0000,0.0500,1821,0,1,
35.4933,11744,234925,3706,0,7,1,0,2.0862,-2.0000,0.0000,0.0500,2.0860,-2.0000,0.0000,0.0500,1822,0,1,
35.5133,11745,234945,3705,0,7,1,0,2.0849,-2.0000,0.0000,0.0500,2.0859,-2.0000,0.0000,0.0500,1823,0,1,
35.5333,11746,234965,3705,0,7,1,0,2.0849,-2.0000,0.0000,0.0500,2.0855,-2.0000,0.0000,0.0500,1824,0,1,
35.5533,11747,234985,3705,0,7,1,0,2.0849,-2.0000,0.0000,0.0500,2.0853,-2.0000,0.0000,0.0500,1825,0,1,
35.5733,11748,235005,3705,0,7,1,0,2.0849,-2.0000,0.0000,0.0500,2.0851,-2.0000,0.0000,0.0500,1826,0,1,
35.5933,11749,235025,3705,0,7,1,0,2.0849,-2.0000,0.0000,0.0500,2.0851,-2.0000,0.0000,0.0500,1827,0,1,
35.6333,11751,235065,3706,0,7,1,0,2.0862,-2.0000,0.0000,0.0500,2.0851,-2.0000,0.0000,0.0500,1829,0,1,13.81
35.6533,11752,235085,3706,0,7,1,0,2.0862,-2.0000,0.0000,0.0500,2.0855,-2.0000,0.0000,0.0500,1830,0,1,
35.6733,11753,235105,3707,0,7,1,0,2.0874,-2.0000,0.0000,0.0500,2.0859,-2.0000,0.0000,0.0500,1831,0,1,
35.6933,11754,235125,3707,0,7,1,0,2.0874,-2.0000,0.0000,0.0500,2.0864,-2.0000,0.0000,0.0500,1832,0,1,
35.7133,11755,235145,3706,0,7,1,0,2.0862,-2.0000,0.0000,0.0500,2.0866,-2.0000,0.0000,0.0500,1833,0,1,
35.7333,11756,235165,3706,0,7,1,0,2.0862,-2.0000,0.0000,0.0500,2.0864,-2.0000,0.0000,0.0500,1834,0,1,
35.7533,11757,235185,3705,0,7,1,0,2.0849,-2.0000,0.0000,0.0500,2.0862,-2.0000,0.0000,0.0500,1835,0,1,
35.7732,11758,235205,3705,0,7,1,0,2.0849,-2.0000,0.0000,0.0500,2.0857,-2.0000,0.0000,0.0500,1836,0,1,
35.7933,11759,235225,3705,0,7,1,0,2.0849,-2.0000,0.0000,0.0500,2.0854,-2.0000,0.0000,0.0500,1837,0,1,
35.8133,11760,235245,3705,0,7,1,0,2.0849,-2.0000,0.0000,0.0500,2.0852,-2.0000,0.0000,0.0500,1838,0,1,
35.8334,11761,235265,3706,0,7,1,0,2.0862,-2.0000,0.0000,0.0500,2.0852,-2.0000,0.0000,0.0500,1839,0,1,
35.8533,11762,235285,3706,0,7,1,0,2.0862,-2.0000,0.0000,0.0500,2.0856,-2.0000,0.0000,0.0500,1840,0,1,
35.8824,11763,235305,3706,0,7,1,0,2.0862,-2.0000,0.0000,0.0500,2.0857,-2.0000,0.0000,0.0500,1841,0,1,
35.8933,11764,235325,3706,0,7,1,0,2.0862,-2.0000,0.0000,0.0500,2.0858,-2.0000,0.0000,0.0500,1842,0,1,
35.9133,11765,235345,3706,0,7,1,0,2.0862,-2.0000,0.0000,0.0500,2.0859,-2.0000,0.0000,0.0500,1843,0,1,
35.9333,11766,235365,3706,0,7,1,0,2.0862,-2.0000,0.0000,0.0500,2.0860,-2.0000,0.0000,0.0500,1844,0,1,
35.9533,11767,235385,3707,0,7,1,0,2.0874,-2.0000,0.0000,0.0500,2.0862,-2.0000,0.0000,0.0500,1845,0,1,
35.9733,11768,235405,3706,0,7,1,0,2.0862,-2.0000,0.0000,0.0500,2.0866,-2.0000,0.0000,0.0500,1846,0,1,
35.9933,11769,235425,3706,0,7,1,0,2.0862,-2.0000,0.0000,0.0500,2.0864,-2.0000,0.0000,0.0500,1847,0,1,
36.0134,11770,235445,3705,0,7,1,0,2.0849,-2.0000,0.0000,0.0500,2.0862,-2.0000,0.0000,0.0500,1848,0,1,
36.0333,11771,235465,3705,0,7,1,0,2.0849,-2.0000,0.0000,0.0500,2.0857,-2.0000,0.0000,0.0500,1849,0,1,
36.0533,11772,235485,3705,0,7,1,0,2.0849,-2.0000,0.0000,0.0500,2.0854,-2.0000,0.0000,0.0500,1850,0,1,
36.0733,11773,235505,3706,0,9,1,0,2.0862,-2.0000,0.0000,0.0500,2.0853,-2.0000,0.0000,0.0500,1851,0,1,
36.0934,11774,235525,3705,0,8,1,0,2.0849,-2.0000,0.0000,0.0500,2.0855,-2.0000,0.0000,0.0500,1852,0,1,
36.1187,11775,235545,3705,0,8,1,0,2.0849,-2.0000,0.0000,0.0500,2.0853,-2.0000,0.0000,0.0500,1853,0,1,
36.1401,11776,235565,3705,0,8,1,0,2.0849,-2.0000,0.0000,0.0500,2.0852,-2.0000,0.0000,0.0500,1854,0,1,
36.1533,11777,235585,3705,0,7,1,0,2.0849,-2.0000,0.0000,0.0500,2.0851,-2.0000,0.0000,0.0500,1855,0,1,
36.1733,11778,235605,3706,0,7,1,0,2.0862,-2.0000,0.0000,0.0500,2.0852,-2.0000,0.0000,0.0500,1856,0,1,
36.1933,11779,235625,3706,0,7,1,0,2.0862,-2.0000,0.0000,0.0500,2.0855,-2.0000,0.0000,0.0500,1857,0,1,
36.2133,11780,235645,3706,0,7,1,0,2.0862,-2.0000,0.0000,0.0500,2.0858,-2.0000,0.0000,0.0500,1858,0,1,
36.2333,11781,235665,3706,0,7,1,0,2.0862,-2.0000,0.0000,0.0500,2.0859,-2.0000,0.0000,0.0500,1859,0,1,
36.2534,11782,235685,3706,0,7,1,0,2.0862,-2.0000,0.0000,0.0500,2.0860,-2.0000,0.0000,0.0500,1860,0,1,
36.2734,11783,235705,3706,0,7,1,0,2.0862,-2.0000,0.0000,0.0500,2.0861,-2.0000,0.0000,0.0500,1861,0,1,
36.2934,11784,235725,3707,0,7,1,0,2.0874,-2.0000,0.0000,0.0500,2.0862,-2.0000,0.0000,0.0500,1862,0,1,
36.3133,11785,235745,3706,0,7,1,0,2.0862,-2.0000,0.0000,0.0500,2.0865,-2.0000,0.0000,0.0500,1863,0,1,
36.3334,11786,235765,3706,0,7,1,0,2.0862,-2.0000,0.0000,0.0500,2.0864,-2.0000,0.0000,0.0500,1864,0,1,
36.3534,11787,235785,3705,0,7,1,0,2.0849,-2.0000,0.0000,0.0500,2.0862,-2.0000,0.0000,0.0500,1865,0,1,
36.3933,11789,235825,3704,0,7,1,0,2.0836,-2.0000,0.0000,0.0500,2.0856,-2.0000,0.0000,0.0500,1867,0,1,
36.4134,11790,235845,3704,0,7,1,0,2.0836,-2.0000,0.0000,0.0500,2.0848,-2.0000,0.0000,0.0500,1868,0,1,
36.4333,11791,235865,3705,0,7,1,0,2.0849,-2.0000,0.0000,0.0500,2.0845,-2.0000,0.0000,0.0500,1869,0,1,
36.4534,11792,235885,3705,0,7,1,0,2.0849,-2.0000,0.0000,0.0500,2.0847,-2.0000,0.0000,0.0500,1870,0,1,
36.4733,11793,235905,3705,0,7,1,0,2.0849,-2.0000,0.0000,0.0500,2.0848,-2.0000,0.0000,0.0500,1871,0,1,
36.4933,11794,235925,3706,0,7,1,0,2.0862,-2.0000,0.0000,0.0500,2.0849,-2.0000,0.0000,0.0500,1872,0,1,
36.5133,11795,235945,3705,0,7,1,0,2.0849,-2.0000,0.0000,0.0500,2.0853,-2.0000,0.0000,0.0500,1873,0,1,
36.5333,11796,235965,3706,0,7,1,0,2.0862,-2.0000,0.0000,0.0500,2.0853,-2.0000,0.0000,0.0500,1874,0,1,
36.5533,11797,235985,3705,0,6,1,0,2.0849,-2.0000,0.0000,0.0500,2.0855,-2.0000,0.0000,0.0500,1875,0,1,
36.5734,11798,236005,3705,0,6,1,0,2.0849,-2.0000,0.0000,0.0500,2.0853,-2.0000,0.0000,0.0500,1876,0,1,
36.5934,11799,236025,3704,0,6,1,0,2.0836,-2.0000,0.0000,0.0500,2.0850,-2.0000,0.0000,0.0500,1877,0,1,
36.6133,11800,236045,3705,0,6,1,0,2.0849,-2.0000,0.0000,0.0500,2.0847,-2.0000,0.0000,0.0500,1878,0,1,
36.6397,11801,236065,3704,0,6,1,0,2.0836,-2.0000,0.0000,0.0500,2.0846,-2.0000,0.0000,0.0500,1879,0,1,2.06
36.6533,11802,236085,3704,0,6,1,0,2.0836,-2.0000,0.0000,0.0500,2.0843,-2.0000,0.0000,0.0500,1880,0,1,
36.6733,11803,236105,3704,0,7,1,0,2.0836,-2.0000,0.0000,0.0500,2.0841,-2.0000,0.0000,0.0500,1881,0,1,
36.6933,11804,236125,3705,0,7,1,0,2.0849,-2.0000,0.0000,0.0500,2.0841,-2.0000,0.0000,0.0500,1882,0,1,
36.7133,11805,236145,3705,0,7,1,0,2.0849,-2.0000,0.0000,0.0500,2.0844,-2.0000,0.0000,0.0500,1883,0,1,
36.7333,11806,236165,3705,0,7,1,0,2.0849,-2.0000,0.0000,0.0500,2.0846,-2.0000,0.0000,0.0500,1884,0,1,
36.7533,11807,236185,3705,0,7,1,0,2.0849,-2.0000,0.0000,0.0500,2.0847,-2.0000,0.0000,0.0500,1885,0,1,
36.7733,11808,236205,3705,0,7,1,0,2.0849,-2.0000,0.0000,0.0500,2.0848,-2.0000,0.0000,0.0500,1886,0,1,
36.7933,11809,236225,3705,0,7,1,0,2.0849,-2.0000,0.0000,0.0500,2.0848,-2.0000,0.0000,0.0500,1887,0,1,
36.8133,11810,236245,3706,0,8,1,0,2.0862,-2.0000,0.0000,0.0500,2.0850,-2.0000,0.0000,0.0500,1888,0,1,
36.8333,11811,236265,3706,0,7,1,0,2.0862,-2.0000,0.0000,0.0500,2.0854,-2.0000,0.0000,0.0500,1889,0,1,
36.8532,11812,236285,3706,0,7,1,0,2.0862,-2.0000,0.0000,0.0500,2.0857,-2.0000,0.0000,0.0500,1890,0,1,
36.8892,11813,236305,3706,0,7,1,0,2.0862,-2.0000,0.0000,0.0500,2.0858,-2.0000,0.0000,0.0500,1891,0,1,
36.8935,11814,236325,3705,0,7,1,0,2.0849,-2.0000,0.0000,0.0500,2.0857,-2.0000,0.0000,0.0500,1892,0,1,
36.9133,11815,236345,3705,0,7,1,0,2.0849,-2.0000,0.0000,0.0500,2.0854,-2.0000,0.0000,0.0500,1893,0,1,
36.9333,11816,236365,3705,0,7,1,0,2.0849,-2.0000,0.0000,0.0500,2.0852,-2.0000,0.0000,0.0500,1894,0,1,
36.9533,11817,236385,3704,0,7,1,0,2.0836,-2.0000,0.0000,0.0500,2.0850,-2.0000,0.0000,0.0500,1895,0,1,
36.9733,11818,236405,3705,0,7,1,0,2.0849,-2.0000,0.0000,0.0500,2.0846,-2.0000,0.0000,0.0500,1896,0,1,
36.9933,11819,236425,3705,0,7,1,0,2.0849,-2.0000,0.0000,0.0500,2.0847,-2.0000,0.0000,0.0500,1897,0,1,
37.0133,11820,236445,3705,0,7,1,0,2.0849,-2.0000,0.0000,0.0500,2.0848,-2.0000,0.0000,0.0500,1898,0,1,
37.0333,11821,236465,3704,0,7,1,0,2.0836,-2.0000,0.0000,0.0500,2.0847,-2.0000,0.0000,0.0500,1899,0,1,
37.0533,11822,236485,3705,0,7,1,0,2.0849,-2.0000,0.0000,0.0500,2.0844,-2.0000,0.0000,0.0500,1900,0,1,
37.0733,11823,236505,3705,0,7,1,0,2.0849,-2.0000,0.0000,0.0500,2.0846,-2.0000,0.0000,0.0500,1901,0,1,
37.0934,11824,236525,3705,0,7,1,0,2.0849,-2.0000,0.0000,0.0500,2.0847,-2.0000,0.0000,0.0500,1902,0,1,
37.1134,11825,236545,3704,0,7,1,0,2.0836,-2.0000,0.0000,0.0500,2.0847,-2.0000,0.0000,0.0500,1903,0,1,
37.1461,11826,236565,3704,0,7,1,0,2.0836,-2.0000,0.0000,0.0500,2.0845,-2.0000,0.0000,0.0500,1904,0,1,
37.1533,11827,236585,3704,0,7,1,0,2.0836,-2.0000,0.0000,0.0500,2.0843,-2.0000,0.0000,0.0500,1905,0,1,
37.1735,11828,236605,3705,0,8,1,0,2.0849,-2.0000,0.0000,0.0500,2.0842,-2.0000,0.0000,0.0500,1906,0,1,
37.1934,11829,236625,3706,0,9,1,0,2.0862,-2.0000,0.0000,0.0500,2.0845,-2.0000,0.0000,0.0500,1907,0,1,
37.2134,11830,236645,3706,0,8,1,0,2.0862,-2.0000,0.0000,0.0500,2.0851,-2.0000,0.0000,0.0500,1908,0,1,
37.2333,11831,236665,3706,0,8,1,0,2.0862,-2.0000,0.0000,0.0500,2.0855,-2.0000,0.0000,0.0500,1909,0,1,
37.2533,11832,236685,3706,0,8,1,0,2.0862,-2.0000,0.0000,0.0500,2.0858,-2.0000,0.0000,0.0500,1910,0,1,
37.2733,11833,236705,3706,0,8,1,0,2.0862,-2.0000,0.0000,0.0500,2.0859,-2.0000,0.0000,0.0500,1911,0,1,
37.2932,11834,236725,3706,0,7,1,0,2.0862,-2.0000,0.0000,0.0500,2.0860,-2.0000,0.0000,0.0500,1912,0,1,
37.3132,11835,236745,3706,0,7,1,0,2.0862,-2.0000,0.0000,0.0500,2.0861,-2.0000,0.0000,0.0500,1913,0,1,
37.3333,11836,236765,3706,0,7,1,0,2.0862,-2.0000,0.0000,0.0500,2.0861,-2.0000,0.0000,0.0500,1914,0,1,
37.3533,11837,236785,3706,0,7,1,0,2.0862,-2.0000,0.0000,0.0500,2.0861,-2.0000,0.0000,0.0500,1915,0,1,
37.3894,11838,236805,3705,0,8,1,0,2.0849,-2.0000,0.0000,0.0500,2.0860,-2.0000,0.0000,0.0500,1916,0,1,
37.3963,11839,236825,3705,0,8,1,0,2.0849,-2.0000,0.0000,0.0500,2.0859,-2.0000,0.0000,0.0500,1917,0,1,
37.4133,11840,236845,3705,0,7,1,0,2.0849,-2.0000,0.0000,0.0500,2.0856,-2.0000,0.0000,0.0500,1918,0,1,
37.4334,11841,236865,3705,0,7,1,0,2.0849,-2.0000,0.0000,0.0500,2.0853,-2.0000,0.0000,0.0500,1919,0,1,
37.4532,11842,236885,3706,0,7,1,0,2.0862,-2.0000,0.0000,0.0500,2.0853,-2.0000,0.0000,0.0500,1920,0,1,
37.4732,11843,236905,3706,0,7,1,0,2.0862,-2.0000,0.0000,0.0500,2.0857,-2.0000,0.0000,0.0500,1921,0,1,
37.4933,11844,236925,3706,0,7,1,0,2.0862,-2.0000,0.0000,0.0500,2.0858,-2.0000,0.0000,0.0500,1922,0,1,
37.5133,11845,236945,3706,0,7,1,0,2.0862,-2.0000,0.0000,0.0500,2.0859,-2.0000,0.0000,0.0500,1923,0,1,
37.5334,11846,236965,3706,0,7,1,0,2.0862,-2.0000,0.0000,0.0500,2.0860,-2.0000,0.0000,0.0500,1924,0,1,
37.5533,11847,236985,3706,0,7,1,0,2.0862,-2.0000,0.0000,0.0500,2.0861,-2.0000,0.0000,0.0500,1925,0,1,
37.5732,11848,237005,3705,0,7,1,0,2.0849,-2.0000,0.0000,0.0500,2.0860,-2.0000,0.0000,0.0500,1926,0,1,
37.5935,11849,237025,3705,0,7,1,0,2.0849,-2.0000,0.0000,0.0500,2.0856,-2.0000,0.0000,0.0500,1927,0,1,
37.6133,11850,237045,3704,0,7,1,0,2.0836,-2.0000,0.0000,0.0500,2.0852,-2.0000,0.0000,0.0500,1928,0,1,
37.6467,11851,237065,3704,0,7,1,0,2.0836,-2.0000,0.0000,0.0500,2.0848,-2.0000,0.0000,0.0500,1929,0,1,
37.6533,11852,237085,3705,0,8,1,0,2.0849,-2.0000,0.0000,0.0500,2.0848,-2.0000,0.0000,0.0500,1930,0,1,7.43
37.6733,11853,237105,3704,0,8,1,0,2.0836,-2.0000,0.0000,0.0500,2.0847,-2.0000,0.0000,0.0500,1931,0,1,
37.6933,11854,237125,3704,0,7,1,0,2.0836,-2.0000,0.0000,0.0500,2.0843,-2.0000,0.0000,0.0500,1932,0,1,
37.7133,11855,237145,3704,0,7,1,0,2.0836,-2.0000,0.0000,0.0500,2.0841,-2.0000,0.0000,0.0500,1933,0,1,
37.7334,11856,237165,3704,0,7,1,0,2.0836,-2.0000,0.0000,0.0500,2.0839,-2.0000,0.0000,0.0500,1934,0,1,
37.7533,11857,237185,3704,0,7,1,0,2.0836,-2.0000,0.0000,0.0500,2.0838,-2.0000,0.0000,0.0500,1935,0,1,
37.7734,11858,237205,3704,0,7,1,0,2.0836,-2.0000,0.0000,0.0500,2.0838,-2.0000,0.0000,0.0500,1936,0,1,
37.7934,11859,237225,3705,0,7,1,0,2.0849,-2.0000,0.0000,0.0500,2.0838,-2.0000,0.0000,0.0500,1937,0,1,
37.8133,11860,237245,3706,0,7,1,0,2.0862,-2.0000,0.0000,0.0500,2.0843,-2.0000,0.0000,0.0500,1938,0,1,
37.8333,11861,237265,3706,0,7,1,0,2.0862,-2.0000,0.0000,0.0500,2.0850,-2.0000,0.0000,0.0500,1939,0,1,
37.8533,11862,237285,3706,0,7,1,0,2.0862,-2.0000,0.0000,0.0500,2.0855,-2.0000,0.0000,0.0500,1940,0,1,
37.8733,11863,237305,3706,0,7,1,0,2.0862,-2.0000,0.0000,0.0500,2.0857,-2.0000,0.0000,0.0500,1941,0,1,
37.9034,11864,237325,3706,0,7,1,0,2.0862,-2.0000,0.0000,0.0500,2.0858,-2.0000,0.0000,0.0500,1942,0,1,
37.9132,11865,237345,3707,0,6,1,0,2.0874,-2.0000,0.0000,0.0500,2.0860,-2.0000,0.0000,0.0500,1943,0,1,
37.9334,11866,237365,3706,0,6,1,0,2.0862,-2.0000,0.0000,0.0500,2.0864,-2.0000,0.0000,0.0500,1944,0,1,
37.9533,11867,237385,3705,0,6,1,0,2.0849,-2.0000,0.0000,0.0500,2.0862,-2.0000,0.0000,0.0500,1945,0,1,
37.9733,11868,237405,3705,0,7,1,0,2.0849,-2.0000,0.0000,0.0500,2.0857,-2.0000,0.0000,0.0500,1946,0,1,
37.9933,11869,237425,3705,0,7,1,0,2.0849,-2.0000,0.0000,0.0500,2.0854,-2.0000,0.0000,0.0500,1947,0,1,
38.0132,11870,237445,3706,0,7,1,0,2.0862,-2.0000,0.0000,0.0500,2.0854,-2.0000,0.0000,0.0500,1948,0,1,
38.0333,11871,237465,3706,0,7,1,0,2.0862,-2.0000,0.0000,0.0500,2.0856,-2.0000,0.0000,0.0500,1949,0,1,
38.0534,11872,237485,3706,0,7,1,0,2.0862,-2.0000,0.0000,0.0500,2.0858,-2.0000,0.0000,0.0500,1950,0,1,
38.0733,11873,237505,3706,0,7,1,0,2.0862,-2.0000,0.0000,0.0500,2.0860,-2.0000,0.0000,0.0500,1951,0,1,
38.0933,11874,237525,3704,0,7,1,0,2.0836,-2.0000,0.0000,0.0500,2.0858,-2.0000,0.0000,0.0500,1952,0,1,
38.1133,11875,237545,3705,0,7,1,0,2.0849,-2.0000,0.0000,0.0500,2.0852,-2.0000,0.0000,0.0500,1953,0,1,
38.1529,11876,237565,3705,0,7,1,0,2.0849,-2.0000,0.0000,0.0500,2.0851,-2.0000,0.0000,0.0500,1954,0,1,
38.1536,11877,237585,3705,0,7,1,0,2.0849,-2.0000,0.0000,0.0500,2.0851,-2.0000,0.0000,0.0500,1955,0,1,
38.1733,11878,237605,3706,0,7,1,0,2.0862,-2.0000,0.0000,0.0500,2.0851,-2.0000,0.0000,0.0500,1956,0,1,
38.1934,11879,237625,3706,0,7,1,0,2.0862,-2.0000,0.0000,0.0500,2.0855,-2.0000,0.0000,0.0500,1957,0,1,
38.2133,11880,237645,3706,0,7,1,0,2.0862,-2.0000,0.0000,0.0500,2.0858,-2.0000,0.0000,0.0500,1958,0,1,
38.2333,11881,237665,3706,0,7,1,0,2.0862,-2.0000,0.0000,0.0500,2.0859,-2.0000,0.0000,0.0500,1959,0,1,
38.2533,11882,237685,3705,0,8,1,0,2.0849,-2.0000,0.0000,0.0500,2.0859,-2.0000,0.0000,0.0500,1960,0,1,
38.2734,11883,237705,3706,0,8,1,0,2.0862,-2.0000,0.0000,0.0500,2.0857,-2.0000,0.0000,0.0500,1961,0,1,
38.2933,11884,237725,3705,0,7,1,0,2.0849,-2.0000,0.0000,0.0500,2.0857,-2.0000,0.0000,0.0500,1962,0,1,
38.3134,11885,237745,3706,0,7,1,0,2.0862,-2.0000,0.0000,0.0500,2.0856,-2.0000,0.0000,0.0500,1963,0,1,
38.3334,11886,237765,3706,0,7,1,0,2.0862,-2.0000,0.0000,0.0500,2.0858,-2.0000,0.0000,0.0500,1964,0,1,
38.3534,11887,237785,3706,0,8,1,0,2.0862,-2.0000,0.0000,0.0500,2.0859,-2.0000,0.0000,0.0500,1965,0,1,
38.3734,11888,237805,3707,0,8,1,0,2.0874,-2.0000,0.0000,0.0500,2.0861,-2.0000,0.0000,0.0500,1966,0,1,
38.4133,11890,237845,3706,0,8,1,0,2.0862,-2.0000,0.0000,0.0500,2.0865,-2.0000,0.0000,0.0500,1968,0,1,
38.4333,11891,237865,3706,0,8,1,0,2.0862,-2.0000,0.0000,0.0500,2.0863,-2.0000,0.0000,0.0500,1969,0,1,
38.4533,11892,237885,3706,0,8,1,0,2.0862,-2.0000,0.0000,0.0500,2.0863,-2.0000,0.0000,0.0500,1970,0,1,
38.4734,11893,237905,3706,0,8,1,0,2.0862,-2.0000,0.0000,0.0500,2.0862,-2.0000,0.0000,0.0500,1971,0,1,
38.4934,11894,237925,3705,0,8,1,0,2.0849,-2.0000,0.0000,0.0500,2.0861,-2.0000,0.0000,0.0500,1972,0,1,
38.5133,11895,237945,3705,0,8,1,0,2.0849,-2.0000,0.0000,0.0500,2.0857,-2.0000,0.0000,0.0500,1973,0,1,
38.5332,11896,237965,3705,0,7,1,0,2.0849,-2.0000,0.0000,0.0500,2.0854,-2.0000,0.0000,0.0500,1974,0,1,
38.5533,11897,237985,3706,0,7,1,0,2.0862,-2.0000,0.0000,0.0500,2.0853,-2.0000,0.0000,0.0500,1975,0,1,
38.5733,11898,238005,3706,0,7,1,0,2.0862,-2.0000,0.0000,0.0500,2.0857,-2.0000,0.0000,0.0500,1976,0,1,
38.5934,11899,238025,3705,0,8,1,0,2.0849,-2.0000,0.0000,0.0500,2.0857,-2.0000,0.0000,0.0500,1977,0,1,
38.6133,11900,238045,3706,0,7,1,0,2.0862,-2.0000,0.0000,0.0500,2.0855,-2.0000,0.0000,0.0500,1978,0,1,
38.6334,11901,238065,3705,0,7,1,0,2.0849,-2.0000,0.0000,0.0500,2.0856,-2.0000,0.0000,0.0500,1979,0,1,
38.6603,11902,238085,3705,0,7,1,0,2.0849,-2.0000,0.0000,0.0500,2.0855,-2.0000,0.0000,0.0500,1980,0,1,2.06
38.6735,11903,238105,3705,0,7,1,0,2.0849,-2.0000,0.0000,0.0500,2.0854,-2.0000,0.0000,0.0500,1981,0,1,
38.6934,11904,238125,3705,0,8,1,0,2.0849,-2.0000,0.0000,0.0500,2.0852,-2.0000,0.0000,0.0500,1982,0,1,
38.7134,11905,238145,3706,0,8,1,0,2.0862,-2.0000,0.0000,0.0500,2.0852,-2.0000,0.0000,0.0500,1983,0,1,
38.7334,11906,238165,3705,0,7,1,0,2.0849,-2.0000,0.0000,0.0500,2.0855,-2.0000,0.0000,0.0500,1984,0,1,
38.7534,11907,238185,3705,0,7,1,0,2.0849,-2.0000,0.0000,0.0500,2.0853,-2.0000,0.0000,0.0500,1985,0,1,
38.7734,11908,238205,3705,0,7,1,0,2.0849,-2.0000,0.0000,0.0500,2.0851,-2.0000,0.0000,0.0500,1986,0,1,
38.7933,11909,238225,3706,0,7,1,0,2.0862,-2.0000,0.0000,0.0500,2.0852,-2.0000,0.0000,0.0500,1987,0,1,
38.8133,11910,238245,3705,0,7,1,0,2.0849,-2.0000,0.0000,0.0500,2.0854,-2.0000,0.0000,0.0500,1988,0,1,
38.8333,11911,238265,3705,0,7,1,0,2.0849,-2.0000,0.0000,0.0500,2.0852,-2.0000,0.0000,0.0500,1989,0,1,
38.8534,11912,238285,3705,0,7,1,0,2.0849,-2.0000,0.0000,0.0500,2.0851,-2.0000,0.0000,0.0500,1990,0,1,
38.8734,11913,238305,3705,0,8,1,0,2.0849,-2.0000,0.0000,0.0500,2.0850,-2.0000,0.0000,0.0500,1991,0,1,
38.9031,11914,238325,3706,0,7,1,0,2.0862,-2.0000,0.0000,0.0500,2.0851,-2.0000,0.0000,0.0500,1992,0,1,
38.9133,11915,238345,3706,0,5,1,0,2.0862,-2.0000,0.0000,0.0500,2.0852,-2.0000,0.0000,0.0500,1993,0,1,
38.9333,11916,238365,3706,0,3,1,0,2.0862,-2.0000,0.0000,0.0500,2.0856,-2.0000,0.0000,0.0500,1994,0,1,
38.9534,11917,238385,3705,0,2,1,0,2.0849,-2.0000,0.0000,0.0500,2.0857,-2.0000,0.0000,0.0500,1995,0,1,
38.9734,11918,238405,3705,0,1,1,0,2.0849,-2.0000,0.0000,0.0500,2.0854,-2.0000,0.0000,0.0500,1996,0,1,
38.9933,11919,238425,3705,0,1,1,0,2.0849,-2.0000,0.0000,0.0500,2.0852,-2.0000,0.0000,0.0500,1997,0,1,
39.0135,11920,238445,3706,0,0,1,0,2.0862,-2.0000,0.0000,0.0500,2.0852,-2.0000,0.0000,0.0500,1998,0,1,
39.0333,11921,238465,3705,0,0,1,0,2.0849,-2.0000,0.0000,0.0500,2.0855,-2.0000,0.0000,0.0500,1999,0,1,
39.0534,11922,238485,3705,0,0,1,0,2.0849,-2.0000,0.0000,0.0500,2.0853,-2.0000,0.0000,0.0500,2000,0,1,
39.0733,11923,238505,3704,0,0,1,0,2.0836,-2.0000,0.0000,0.0500,2.0850,-2.0000,0.0000,0.0500,2001,0,1,
39.0934,11924,238525,3705,0,0,1,0,2.0849,-2.0000,0.0000,0.0500,2.0847,-2.0000,0.0000,0.0500,2002,0,1,
39.1134,11925,238545,3705,0,0,1,0,2.0849,-2.0000,0.0000,0.0500,2.0847,-2.0000,0.0000,0.0500,2003,0,1,
39.1334,11926,238565,3705,0,0,1,0,2.0849,-2.0000,0.0000,0.0500,2.0848,-2.0000,0.0000,0.0500,2004,0,1,
39.1607,11927,238585,3705,0,0,1,0,2.0849,-2.0000,0.0000,0.0500,2.0848,-2.0000,0.0000,0.0500,2005,0,1,
39.1733,11928,238605,3705,0,0,1,0,2.0849,-2.0000,0.0000,0.0500,2.0848,-2.0000,0.0000,0.0500,2006,0,1,
39.1934,11929,238625,3705,0,0,1,0,2.0849,-2.0000,0.0000,0.0500,2.0849,-2.0000,0.0000,0.0500,2007,0,1,
39.2133,11930,238645,3706,0,0,1,0,2.0862,-2.0000,0.0000,0.0500,2.0850,-2.0000,0.0000,0.0500,2008,0,1,
39.2334,11931,238665,3706,0,0,1,0,2.0862,-2.0000,0.0000,0.0500,2.0855,-2.0000,0.0000,0.0500,2009,0,1,
39.2533,11932,238685,3707,0,0,1,0,2.0874,-2.0000,0.0000,0.0500,2.0858,-2.0000,0.0000,0.0500,2010,0,1,
39.2733,11933,238705,3707,0,0,1,0,2.0874,-2.0000,0.0000,0.0500,2.0865,-2.0000,0.0000,0.0500,2011,0,1,
39.2934,11934,238725,3706,0,0,1,0,2.0862,-2.0000,0.0000,0.0500,2.0867,-2.0000,0.0000,0.0500,2012,0,1,
39.3133,11935,238745,3707,0,0,1,0,2.0874,-2.0000,0.0000,0.0500,2.0866,-2.0000,0.0000,0.0500,2013,0,1,
39.3334,11936,238765,3706,0,0,1,0,2.0862,-2.0000,0.0000,0.0500,2.0868,-2.0000,0.0000,0.0500,2014,0,1,
39.3534,11937,238785,3706,0,0,1,0,2.0862,-2.0000,0.0000,0.0500,2.0866,-2.0000,0.0000,0.0500,2015,0,1,
39.3733,11938,238805,3706,0,0,1,0,2.0862,-2.0000,0.0000,0.0500,2.0864,-2.0000,0.0000,0.0500,2016,0,1,
39.4031,11939,238825,3706,0,0,1,0,2.0862,-2.0000,0.0000,0.0500,2.0863,-2.0000,0.0000,0.0500,2017,0,1,
39.4173,11940,238845,3707,0,0,1,0,2.0874,-2.0000,0.0000,0.0500,2.0864,-2.0000,0.0000,0.0500,2018,0,1,
39.4333,11941,238865,3706,0,0,1,0,2.0862,-2.0000,0.0000,0.0500,2.0866,-2.0000,0.0000,0.0500,2019,0,1,
39.4533,11942,238885,3706,0,0,1,0,2.0862,-2.0000,0.0000,0.0500,2.0864,-2.0000,0.0000,0.0500,2020,0,1,
39.4733,11943,238905,3706,0,0,1,0,2.0862,-2.0000,0.0000,0.0500,2.0863,-2.0000,0.0000,0.0500,2021,0,1,
39.4933,11944,238925,3706,0,0,1,0,2.0862,-2.0000,0.0000,0.0500,2.0863,-2.0000,0.0000,0.0500,2022,0,1,
39.5134,11945,238945,3706,0,0,1,0,2.0862,-2.0000,0.0000,0.0500,2.0862,-2.0000,0.0000,0.0500,2023,0,1,
39.5334,11946,238965,3706,0,0,1,0,2.0862,-2.0000,0.0000,0.0500,2.0862,-2.0000,0.0000,0.0500,2024,0,1,
39.5534,11947,238985,3708,0,0,1,0,2.0887,-2.0000,0.0000,0.0500,2.0864,-2.0000,0.0000,0.0500,2025,0,1,
39.5734,11948,239005,3707,0,0,1,0,2.0874,-2.0000,0.0000,0.0500,2.0871,-2.0000,0.0000,0.0500,2026,0,1,
39.5934,11949,239025,3706,0,0,1,0,2.0862,-2.0000,0.0000,0.0500,2.0871,-2.0000,0.0000,0.0500,2027,0,1,
39.6133,11950,239045,3706,0,0,1,0,2.0862,-2.0000,0.0000,0.0500,2.0867,-2.0000,0.0000,0.0500,2028,0,1,
39.6333,11951,239065,3704,0,0,1,0,2.0836,-2.0000,0.0000,0.0500,2.0863,-2.0000,0.0000,0.0500,2029,0,1,
39.6598,11952,239085,3704,0,0,1,0,2.0836,-2.0000,0.0000,0.0500,2.0856,-2.0000,0.0000,0.0500,2030,0,1,
39.6734,11953,239105,3705,0,0,1,0,2.0849,-2.0000,0.0000,0.0500,2.0853,-2.0000,0.0000,0.0500,2031,0,1,2.02
39.6934,11954,239125,3705,0,0,1,0,2.0849,-2.0000,0.0000,0.0500,2.0852,-2.0000,0.0000,0.0500,2032,0,1,
39.7133,11955,239145,3705,0,0,1,0,2.0849,-2.0000,0.0000,0.0500,2.0851,-2.0000,0.0000,0.0500,2033,0,1,
39.7333,11956,239165,3706,0,0,1,0,2.0862,-2.0000,0.0000,0.0500,2.0851,-2.0000,0.0000,0.0500,2034,0,1,
39.7533,11957,239185,3706,0,0,1,0,2.0862,-2.0000,0.0000,0.0500,2.0856,-2.0000,0.0000,0.0500,2035,0,1,
39.7733,11958,239205,3705,0,0,1,0,2.0849,-2.0000,0.0000,0.0500,2.0856,-2.0000,0.0000,0.0500,2036,0,1,
39.7933,11959,239225,3705,0,0,1,0,2.0849,-2.0000,0.0000,0.0500,2.0854,-2.0000,0.0000,0.0500,2037,0,1,
39.8133,11960,239245,3705,0,0,1,0,2.0849,-2.0000,0.0000,0.0500,2.0852,-2.0000,0.0000,0.0500,2038,0,1,
39.8332,11961,239265,3705,0,0,1,0,2.0849,-2.0000,0.0000,0.0500,2.0851,-2.0000,0.0000,0.0500,2039,0,1,
39.8533,11962,239285,3705,0,0,1,0,2.0849,-2.0000,0.0000,0.0500,2.0850,-2.0000,0.0000,0.0500,2040,0,1,
39.8733,11963,239305,3705,0,0,1,0,2.0849,-2.0000,0.0000,0.0500,2.0850,-2.0000,0.0000,0.0500,2041,0,1,
39.8933,11964,239325,3705,0,0,1,0,2.0849,-2.0000,0.0000,0.0500,2.0849,-2.0000,0.0000,0.0500,2042,0,1,
39.9242,11965,239345,3704,0,0,1,0,2.0836,-2.0000,0.0000,0.0500,2.0848,-2.0000,0.0000,0.0500,2043,0,1,
39.9333,11966,239365,3704,0,0,1,0,2.0836,-2.0000,0.0000,0.0500,2.0846,-2.0000,0.0000,0.0500,2044,0,1,
39.9533,11967,239385,3705,0,0,1,0,2.0849,-2.0000,0.0000,0.0500,2.0844,-2.0000,0.0000,0.0500,2045,0,1,
39.9733,11968,239405,3705,0,0,1,0,2.0849,-2.0000,0.0000,0.0500,2.0846,-2.0000,0.0000,0.0500,2046,0,1,
39.9933,11969,239425,3705,0,0,1,0,2.0849,-2.0000,0.0000,0.0500,2.0847,-2.0000,0.0000,0.0500,2047,0,1,
40.0133,11970,239445,3705,0,0,1,0,2.0849,-2.0000,0.0000,0.0500,2.0848,-2.0000,0.0000,0.0500,2048,0,1,
40.0333,11971,239465,3705,0,0,1,0,2.0849,-2.0000,0.0000,0.0500,2.0848,-2.0000,0.0000,0.0500,2049,0,1,
40.0533,11972,239485,3705,0,0,1,0,2.0849,-2.0000,0.0000,0.0500,2.0849,-2.0000,0.0000,0.0500,2050,0,1,
40.0733,11973,239505,3705,0,0,1,0,2.0849,-2.0000,0.0000,0.0500,2.0849,-2.0000,0.0000,0.0500,2051,0,1,
40.0934,11974,239525,3705,0,0,1,0,2.0849,-2.0000,0.0000,0.0500,2.0849,-2.0000,0.0000,0.0500,2052,0,1,
40.1132,11975,239545,3706,0,0,1,0,2.0862,-2.0000,0.0000,0.0500,2.0850,-2.0000,0.0000,0.0500,2053,0,1,
40.1333,11976,239565,3705,0,0,1,0,2.0849,-2.0000,0.0000,0.0500,2.0854,-2.0000,0.0000,0.0500,2054,0,1,
40.1668,11977,239585,3705,0,0,1,0,2.0849,-2.0000,0.0000,0.0500,2.0852,-2.0000,0.0000,0.0500,2055,0,1,
40.1741,11978,239605,3705,0,0,1,0,2.0849,-2.0000,0.0000,0.0500,2.0852,-2.0000,0.0000,0.0500,2056,0,1,
40.1934,11979,239625,3705,0,0,1,0,2.0849,-2.0000,0.0000,0.0500,2.0851,-2.0000,0.0000,0.0500,2057,0,1,
40.2133,11980,239645,3705,0,3,1,0,2.0849,-2.0000,0.0000,0.0500,2.0850,-2.0000,0.0000,0.0500,2058,0,1,
40.2331,11981,239665,3705,0,18,1,0,2.0849,-2.0000,0.0000,0.0500,2.0850,-2.0000,0.0000,0.0500,2059,0,1,
40.2531,11982,239685,3705,0,43,1,0,2.0849,-2.0000,0.0000,0.0500,2.0850,-2.0000,0.0000,0.0500,2060,0,1,
40.2732,11983,239705,3705,0,72,1,0,2.0849,-2.0000,0.0005,0.0500,2.0849,-2.0000,0.0000,0.0500,2061,0,1,
40.2934,11984,239725,3705,0,107,1,0,2.0849,-2.0000,0.0018,0.0500,2.0849,-2.0000,0.0003,0.0500,2062,0,1,
40.3134,11985,239745,3705,0,142,1,0,2.0849,-2.0000,0.0031,0.0500,2.0849,-2.0000,0.0010,0.0500,2063,0,1,
40.3335,11986,239765,3705,0,178,1,0,2.0849,-2.0000,0.0045,0.0500,2.0849,-2.0000,0.0020,0.0500,2064,0,1,
40.3534,11987,239785,3705,0,217,1,0,2.0849,-2.0000,0.0059,0.0500,2.0849,-2.0000,0.0030,0.0500,2065,0,1,
40.3734,11988,239805,3705,0,256,1,0,2.0849,-2.0000,0.0074,0.0500,2.0849,-2.0000,0.0043,0.0500,2066,0,1,
40.3934,11989,239825,3705,0,296,1,0,2.0849,-2.0000,0.0089,0.0500,2.0849,-2.0000,0.0055,0.0500,2067,0,1,
40.4238,11990,239845,3705,0,334,1,0,2.0849,-2.0000,0.0103,0.0500,2.0849,-2.0000,0.0066,0.0500,2068,0,1,
40.4333,11991,239865,3705,0,377,1,0,2.0849,-2.0000,0.0120,0.0500,2.0849,-2.0000,0.0071,0.0500,2069,0,1,
40.4534,11992,239885,3705,0,419,1,0,2.0849,-2.0000,0.0135,0.0500,2.0849,-2.0000,0.0089,0.0500,2070,0,1,
40.4734,11993,239905,3705,0,457,1,0,2.0849,-2.0000,0.0150,0.0500,2.0849,-2.0000,0.0110,0.0500,2071,0,1,
40.4934,11994,239925,3705,0,494,1,0,2.0849,-2.0000,0.0164,0.0500,2.0849,-2.0000,0.0125,0.0500,2072,0,1,
40.5134,11995,239945,3705,0,525,1,0,2.0849,-2.0000,0.0175,0.0500,2.0849,-2.0000,0.0142,0.0500,2073,0,1,
40.5334,11996,239965,3705,0,548,1,0,2.0849,-2.0000,0.0184,0.0500,2.0849,-2.0000,0.0154,0.0500,2074,0,1,
40.5534,11997,239985,3706,0,564,1,0,2.0862,-2.0000,0.0190,0.0500,2.0850,-2.0000,0.0167,0.0500,2075,0,1,
40.5733,11998,240005,3705,0,573,1,0,2.0849,-2.0000,0.0194,0.0500,2.0853,-2.0000,0.0175,0.0500,2076,0,1,
40.5934,11999,240025,3705,0,580,1,0,2.0849,-2.0000,0.0196,0.0500,2.0852,-2.0000,0.0182,0.0500,2077,0,1,
40.6134,12000,240045,3704,0,584,1,0,2.0836,-2.0000,0.0198,0.0500,2.0849,-2.0000,0.0188,0.0500,2078,0,1,
40.6334,12001,240065,3704,0,586,1,0,2.0836,-2.0000,0.0198,0.0500,2.0845,-2.0000,0.0191,0.0500,2079,0,1,
40.6534,12002,240085,3705,0,588,1,0,2.0849,-2.0000,0.0199,0.0500,2.0843,-2.0000,0.0194,0.0500,2080,0,1,
40.6810,12003,240105,3705,0,589,1,0,2.0849,-2.0000,0.0200,0.0500,2.0844,-2.0000,0.0195,0.0500,2081,0,1,2.16
40.6934,12004,240125,3706,0,590,1,0,2.0862,-2.0000,0.0200,0.0500,2.0846,-2.0000,0.0196,0.0500,2082,0,1,
40.7134,12005,240145,3706,0,590,1,0,2.0862,-2.0000,0.0200,0.0500,2.0852,-2.0000,0.0198,0.0500,2083,0,1,
40.7334,12006,240165,3705,0,591,1,0,2.0849,-2.0000,0.0200,0.0500,2.0854,-2.0000,0.0199,0.0500,2084,0,1,
40.7534,12007,240185,3706,0,591,1,0,2.0862,-2.0000,0.0200,0.0500,2.0854,-2.0000,0.0199,0.0500,2085,0,1,
40.7734,12008,240205,3705,0,591,1,0,2.0849,-2.0000,0.0200,0.0500,2.0856,-2.0000,0.0200,0.0500,2086,0,1,
40.7934,12009,240225,3705,0,591,1,0,2.0849,-2.0000,0.0200,0.0500,2.0853,-2.0000,0.0200,0.0500,2087,0,1,
40.8134,12010,240245,3705,0,592,1,0,2.0849,-2.0000,0.0201,0.0500,2.0852,-2.0000,0.0200,0.0500,2088,0,1,
40.8334,12011,240265,3705,0,593,1,0,2.0849,-2.0000,0.0201,0.0500,2.0851,-2.0000,0.0200,0.0500,2089,0,1,
40.8534,12012,240285,3705,0,599,1,0,2.0849,-2.0000,0.0203,0.0500,2.0850,-2.0000,0.0201,0.0500,2090,0,1,
40.8734,12013,240305,3705,0,607,1,0,2.0849,-2.0000,0.0206,0.0500,2.0850,-2.0000,0.0202,0.0500,2091,0,1,
40.8934,12014,240325,3705,0,618,1,0,2.0849,-2.0000,0.0211,0.0500,2.0849,-2.0000,0.0204,0.0500,2092,0,1,
40.9305,12015,240345,3705,0,632,1,0,2.0849,-2.0000,0.0216,0.0500,2.0849,-2.0000,0.0207,0.0500,2093,0,1,
40.9334,12016,240365,3705,0,650,1,0,2.0849,-2.0000,0.0223,0.0500,2.0849,-2.0000,0.0208,0.0500,2094,0,1,
40.9534,12017,240385,3705,0,672,1,0,2.0849,-2.0000,0.0231,0.0500,2.0849,-2.0000,0.0215,0.0500,2095,0,1,
40.9734,12018,240405,3705,0,696,1,0,2.0849,-2.0000,0.0240,0.0500,2.0849,-2.0000,0.0221,0.0500,2096,0,1,
40.9933,12019,240425,3705,0,725,1,0,2.0849,-2.0000,0.0251,0.0500,2.0849,-2.0000,0.0229,0.0500,2097,0,1,
41.0134,12020,240445,3705,0,759,1,0,2.0849,-2.0000,0.0264,0.0500,2.0849,-2.0000,0.0239,0.0500,2098,0,1,
41.0334,12021,240465,3705,0,802,1,0,2.0849,-2.0000,0.0280,0.0500,2.0849,-2.0000,0.0249,0.0500,2099,0,1,
41.0534,12022,240485,3705,0,851,1,0,2.0849,-2.0000,0.0298,0.0500,2.0849,-2.0000,0.0264,0.0500,2100,0,1,
41.0734,12023,240505,3705,0,905,1,0,2.0849,-2.0000,0.0319,0.0500,2.0849,-2.0000,0.0278,0.0500,2101,0,1,
41.0935,12024,240525,3705,0,965,1,0,2.0849,-2.0000,0.0342,0.0500,2.0849,-2.0000,0.0297,0.0500,2102,0,1,
41.1135,12025,240545,3705,0,1027,1,0,2.0849,-2.0000,0.0365,0.0500,2.0849,-2.0000,0.0315,0.0500,2103,0,1,
41.1336,12026,240565,3705,0,1093,1,0,2.0849,-2.0000,0.0390,0.0500,2.0849,-2.0000,0.0334,0.0500,2104,0,1,
41.1535,12027,240585,3704,0,1161,1,0,2.0836,-2.0000,0.0415,0.0500,2.0848,-2.0000,0.0360,0.0500,2105,0,1,
41.1806,12028,240605,3704,0,1231,1,0,2.0836,-2.0000,0.0442,0.0500,2.0846,-2.0000,0.0373,0.0500,2106,0,1,
41.1937,12029,240625,3705,0,1301,1,0,2.0849,-2.0000,0.0468,0.0500,2.0845,-2.0000,0.0389,0.0500,2107,0,1,
41.2155,12030,240645,3705,0,1372,1,0,2.0849,-2.0000,0.0495,0.0500,2.0847,-2.0000,0.0424,0.0500,2108,0,1,
41.2336,12031,240665,3705,0,1443,1,0,2.0849,-2.0000,0.0522,0.0500,2.0848,-2.0000,0.0451,0.0500,2109,0,1,
41.2535,12032,240685,3705,0,1509,1,0,2.0849,-2.0000,0.0547,0.0500,2.0848,-2.0000,0.0478,0.0500,2110,0,1,
41.2735,12033,240705,3704,0,1574,1,0,2.0836,-2.0000,0.0571,0.0500,2.0847,-2.0000,0.0504,0.0500,2111,0,1,
41.2936,12034,240725,3704,0,1638,1,0,2.0836,-2.0000,0.0595,0.0500,2.0843,-2.0000,0.0534,0.0500,2112,0,1,
41.3135,12035,240745,3704,0,1697,1,0,2.0836,-2.0000,0.0618,0.0500,2.0841,-2.0000,0.0557,0.0500,2113,0,1,
41.3335,12036,240765,3705,0,1758,1,0,2.0849,-2.0000,0.0641,0.0500,2.0840,-2.0000,0.0584,0.0500,2114,0,1,
41.3536,12037,240785,3705,0,1813,1,0,2.0849,-2.0000,0.0662,0.0500,2.0843,-2.0000,0.0606,0.0500,2115,0,1,
41.3735,12038,240805,3704,0,1864,1,0,2.0836,-2.0000,0.0681,0.0500,2.0844,-2.0000,0.0627,0.0500,2116,0,1,
41.3935,12039,240825,3705,0,1908,1,0,2.0849,-2.0000,0.0697,0.0500,2.0842,-2.0000,0.0651,0.0500,2117,0,1,
41.4135,12040,240845,3705,0,1949,1,0,2.0849,-2.0000,0.0713,0.0500,2.0845,-2.0000,0.0668,0.0500,2118,0,1,
41.4445,12041,240865,3705,0,1989,1,0,2.0849,-2.0000,0.0728,0.0500,2.0846,-2.0000,0.0682,0.0500,2119,0,1,
41.4535,12042,240885,3705,0,2023,1,0,2.0849,-2.0000,0.0741,0.0500,2.0846,-2.0000,0.0688,0.0500,2120,0,1,
41.4735,12043,240905,3705,0,2048,1,0,2.0849,-2.0000,0.0750,0.0500,2.0847,-2.0000,0.0710,0.0500,2121,0,1,
41.4935,12044,240925,3705,0,2064,1,0,2.0849,-2.0000,0.0756,0.0500,2.0848,-2.0000,0.0725,0.0500,2122,0,1,
41.5136,12045,240945,3705,0,2075,1,0,2.0849,-2.0000,0.0760,0.0500,2.0848,-2.0000,0.0738,0.0500,2123,0,1,
41.5336,12046,240965,3705,0,2083,1,0,2.0849,-2.0000,0.0763,0.0500,2.0849,-2.0000,0.0746,0.0500,2124,0,1,
41.5536,12047,240985,3705,0,2087,1,0,2.0849,-2.0000,0.0765,0.0500,2.0849,-2.0000,0.0753,0.0500,2125,0,1,
41.5735,12048,241005,3705,0,2090,1,0,2.0849,-2.0000,0.0766,0.0500,2.0849,-2.0000,0.0757,0.0500,2126,0,1,
41.5936,12049,241025,3704,0,2093,1,0,2.0836,-2.0000,0.0767,0.0500,2.0848,-2.0000,0.0760,0.0500,2127,0,1,
41.6136,12050,241045,3704,0,2093,1,0,2.0836,-2.0000,0.0767,0.0500,2.0843,-2.0000,0.0763,0.0500,2128,0,1,
41.6336,12051,241065,3704,0,2094,1,0,2.0836,-2.0000,0.0768,0.0500,2.0841,-2.0000,0.0765,0.0500,2129,0,1,
41.6536,12052,241085,3704,0,2094,1,0,2.0836,-2.0000,0.0768,0.0500,2.0839,-2.0000,0.0766,0.0500,2130,0,1,
41.6876,12053,241105,3704,0,2094,1,0,2.0836,-2.0000,0.0768,0.0500,2.0838,-2.0000,0.0766,0.0500,2131,0,1,
41.6945,12054,241125,3704,0,2094,1,0,2.0836,-2.0000,0.0768,0.0500,2.0838,-2.0000,0.0767,0.0500,2132,0,1,6.83
41.7136,12055,241145,3704,0,2094,1,0,2.0836,-2.0000,0.0768,0.0500,2.0837,-2.0000,0.0767,0.0500,2133,0,1,
41.7336,12056,241165,3705,0,2096,1,0,2.0849,-2.0000,0.0768,0.0500,2.0838,-2.0000,0.0767,0.0500,2134,0,1,
41.7535,12057,241185,3705,0,2102,1,0,2.0849,-2.0000,0.0771,0.0500,2.0842,-2.0000,0.0768,0.0500,2135,0,1,
41.7736,12058,241205,3705,0,2111,1,0,2.0849,-2.0000,0.0774,0.0500,2.0845,-2.0000,0.0769,0.0500,2136,0,1,
41.7935,12059,241225,3704,0,2125,1,0,2.0836,-2.0000,0.0779,0.0500,2.0845,-2.0000,0.0771,0.0500,2137,0,1,
41.8136,12060,241245,3705,0,2143,1,0,2.0849,-2.0000,0.0786,0.0500,2.0843,-2.0000,0.0775,0.0500,2138,0,1,
41.8336,12061,241265,3706,0,2165,1,0,2.0862,-2.0000,0.0794,0.0500,2.0847,-2.0000,0.0780,0.0500,2139,0,1,
41.8536,12062,241285,3706,0,2194,1,0,2.0862,-2.0000,0.0805,0.0500,2.0852,-2.0000,0.0786,0.0500,2140,0,1,
41.8735,12063,241305,3706,0,2223,1,0,2.0862,-2.0000,0.0816,0.0500,2.0856,-2.0000,0.0795,0.0500,2141,0,1,
41.8936,12064,241325,3706,0,2256,1,0,2.0862,-2.0000,0.0829,0.0500,2.0858,-2.0000,0.0804,0.0500,2142,0,1,
41.9136,12065,241345,3706,0,2289,1,0,2.0862,-2.0000,0.0841,0.0500,2.0859,-2.0000,0.0813,0.0500,2143,0,1,
41.9447,12066,241365,3705,0,2323,1,0,2.0849,-2.0000,0.0854,0.0500,2.0859,-2.0000,0.0822,0.0500,2144,0,1,
41.9535,12067,241385,3705,0,2359,1,0,2.0849,-2.0000,0.0868,0.0500,2.0857,-2.0000,0.0830,0.0500,2145,0,1,
41.9735,12068,241405,3705,0,2398,1,0,2.0849,-2.0000,0.0882,0.0500,2.0854,-2.0000,0.0844,0.0500,2146,0,1,
41.9936,12069,241425,3705,0,2436,1,0,2.0849,-2.0000,0.0897,0.0500,2.0852,-2.0000,0.0859,0.0500,2147,0,1,
42.0136,12070,241445,3705,0,2477,1,0,2.0849,-2.0000,0.0912,0.0500,2.0851,-2.0000,0.0876,0.0500,2148,0,1,
42.0335,12071,241465,3705,0,2522,1,0,2.0849,-2.0000,0.0929,0.0500,2.0850,-2.0000,0.0890,0.0500,2149,0,1,
42.0535,12072,241485,3705,0,2570,1,0,2.0849,-2.0000,0.0947,0.0500,2.0850,-2.0000,0.0908,0.0500,2150,0,1,
42.0735,12073,241505,3706,0,2624,1,0,2.0862,-2.0000,0.0968,0.0500,2.0851,-2.0000,0.0923,0.0500,2151,0,1,
42.0935,12074,241525,3706,0,2677,1,0,2.0862,-2.0000,0.0988,0.0500,2.0855,-2.0000,0.0941,0.0500,2152,0,1,
42.1136,12075,241545,3705,0,2730,1,0,2.0849,-2.0000,0.1008,0.0500,2.0856,-2.0000,0.0962,0.0500,2153,0,1,
42.1335,12076,241565,3705,0,2784,1,0,2.0849,-2.0000,0.1028,0.0500,2.0854,-2.0000,0.0980,0.0500,2154,0,1,
42.1536,12077,241585,3705,0,2838,1,0,2.0849,-2.0000,0.1048,0.0500,2.0852,-2.0000,0.1001,0.0500,2155,0,1,
42.1945,12079,241625,3705,0,2941,1,0,2.0849,-2.0000,0.1087,0.0500,2.0851,-2.0000,0.1020,0.0500,2157,0,1,
42.2136,12080,241645,3704,0,2995,1,0,2.0836,-2.0000,0.1108,0.0500,2.0849,-2.0000,0.1050,0.0500,2158,0,1,
42.2336,12081,241665,3705,0,3050,1,0,2.0849,-2.0000,0.1128,0.0500,2.0846,-2.0000,0.1072,0.0500,2159,0,1,
42.2535,12082,241685,3705,0,3109,1,0,2.0849,-2.0000,0.1151,0.0500,2.0847,-2.0000,0.1097,0.0500,2160,0,1,
42.2736,12083,241705,3706,0,3163,1,0,2.0862,-2.0000,0.1171,0.0500,2.0849,-2.0000,0.1118,0.0500,2161,0,1,
42.2936,12084,241725,3706,0,3213,1,0,2.0862,-2.0000,0.1190,0.0500,2.0853,-2.0000,0.1138,0.0500,2162,0,1,
42.3136,12085,241745,3706,0,3253,1,0,2.0862,-2.0000,0.1205,0.0500,2.0857,-2.0000,0.1161,0.0500,2163,0,1,
42.3336,12086,241765,3706,0,3282,1,0,2.0862,-2.0000,0.1216,0.0500,2.0858,-2.0000,0.1177,0.0500,2164,0,1,
42.3536,12087,241785,3706,0,3300,1,0,2.0862,-2.0000,0.1223,0.0500,2.0860,-2.0000,0.1194,0.0500,2165,0,1,
42.3735,12088,241805,3705,0,3313,1,0,2.0849,-2.0000,0.1228,0.0500,2.0859,-2.0000,0.1204,0.0500,2166,0,1,
42.3936,12089,241825,3705,0,3322,1,0,2.0849,-2.0000,0.1231,0.0500,2.0856,-2.0000,0.1212,0.0500,2167,0,1,
42.4136,12090,241845,3705,0,3327,1,0,2.0849,-2.0000,0.1233,0.0500,2.0853,-2.0000,0.1220,0.0500,2168,0,1,
42.4536,12092,241885,3704,0,3331,1,0,2.0836,-2.0000,0.1234,0.0500,2.0850,-2.0000,0.1225,0.0500,2170,0,1,
42.4736,12093,241905,3703,0,3333,1,0,2.0824,-2.0000,0.1235,0.0500,2.0844,-2.0000,0.1228,0.0500,2171,0,1,
42.4935,12094,241925,3703,0,3333,1,0,2.0824,-2.0000,0.1235,0.0500,2.0836,-2.0000,0.1231,0.0500,2172,0,1,
42.5135,12095,241945,3703,0,3334,1,0,2.0824,-2.0000,0.1235,0.0500,2.0832,-2.0000,0.1232,0.0500,2173,0,1,
42.5336,12096,241965,3704,0,3332,1,0,2.0836,-2.0000,0.1235,0.0500,2.0830,-2.0000,0.1234,0.0500,2174,0,1,
42.5535,12097,241985,3704,0,3329,1,0,2.0836,-2.0000,0.1234,0.0500,2.0832,-2.0000,0.1234,0.0500,2175,0,1,
42.5737,12098,242005,3704,0,3312,1,0,2.0836,-2.0000,0.1227,0.0500,2.0834,-2.0000,0.1233,0.0500,2176,0,1,
42.5935,12099,242025,3704,0,3287,1,0,2.0836,-2.0000,0.1218,0.0500,2.0835,-2.0000,0.1230,0.0500,2177,0,1,
42.6136,12100,242045,3704,0,3246,1,0,2.0836,-2.0000,0.1202,0.0500,2.0835,-2.0000,0.1225,0.0500,2178,0,1,
42.6336,12101,242065,3704,0,3195,1,0,2.0836,-2.0000,0.1183,0.0500,2.0836,-2.0000,0.1214,0.0500,2179,0,1,
42.6535,12102,242085,3704,0,3133,1,0,2.0836,-2.0000,0.1160,0.0500,2.0836,-2.0000,0.1202,0.0500,2180,0,1,
42.6735,12103,242105,3705,0,3070,1,0,2.0849,-2.0000,0.1136,0.0500,2.0837,-2.0000,0.1183,0.0500,2181,0,1,
42.7017,12104,242125,3705,0,3000,1,0,2.0849,-2.0000,0.1109,0.0500,2.0840,-2.0000,0.1173,0.0500,2182,0,1,2.16
42.7136,12105,242145,3705,0,2923,1,0,2.0849,-2.0000,0.1080,0.0500,2.0841,-2.0000,0.1159,0.0500,2183,0,1,
42.7336,12106,242165,3705,0,2841,1,0,2.0849,-2.0000,0.1049,0.0500,2.0845,-2.0000,0.1125,0.0500,2184,0,1,
42.7536,12107,242185,3704,0,2751,1,0,2.0836,-2.0000,0.1015,0.0500,2.0845,-2.0000,0.1098,0.0500,2185,0,1,
42.7735,12108,242205,3705,0,2655,1,0,2.0849,-2.0000,0.0979,0.0500,2.0843,-2.0000,0.1068,0.0500,2186,0,1,
42.7935,12109,242225,3705,0,2556,1,0,2.0849,-2.0000,0.0942,0.0500,2.0846,-2.0000,0.1030,0.0500,2187,0,1,
42.8136,12110,242245,3705,0,2458,1,0,2.0849,-2.0000,0.0905,0.0500,2.0847,-2.0000,0.0998,0.0500,2188,0,1,
42.8336,12111,242265,3705,0,2359,1,0,2.0849,-2.0000,0.0868,0.0500,2.0848,-2.0000,0.0958,0.0500,2189,0,1,
42.8536,12112,242285,3705,0,2264,1,0,2.0849,-2.0000,0.0832,0.0500,2.0848,-2.0000,0.0925,0.0500,2190,0,1,
42.8736,12113,242305,3704,0,2171,1,0,2.0836,-2.0000,0.0797,0.0500,2.0847,-2.0000,0.0891,0.0500,2191,0,1,
42.8935,12114,242325,3705,0,2088,1,0,2.0849,-2.0000,0.0765,0.0500,2.0844,-2.0000,0.0851,0.0500,2192,0,1,
42.9136,12115,242345,3705,0,2018,1,0,2.0849,-2.0000,0.0739,0.0500,2.0846,-2.0000,0.0820,0.0500,2193,0,1,
42.9377,12116,242365,3705,0,1966,1,0,2.0849,-2.0000,0.0719,0.0500,2.0847,-2.0000,0.0790,0.0500,2194,0,1,
42.9535,12117,242385,3706,0,1930,1,0,2.0862,-2.0000,0.0706,0.0500,2.0848,-2.0000,0.0782,0.0500,2195,0,1,
42.9735,12118,242405,3706,0,1908,1,0,2.0862,-2.0000,0.0697,0.0500,2.0853,-2.0000,0.0755,0.0500,2196,0,1,
42.9935,12119,242425,3706,0,1894,1,0,2.0862,-2.0000,0.0692,0.0500,2.0857,-2.0000,0.0731,0.0500,2197,0,1,
43.0136,12120,242445,3705,0,1884,1,0,2.0849,-2.0000,0.0688,0.0500,2.0857,-2.0000,0.0717,0.0500,2198,0,1,
43.0335,12121,242465,3705,0,1877,1,0,2.0849,-2.0000,0.0686,0.0500,2.0854,-2.0000,0.0705,0.0500,2199,0,1,
43.0535,12122,242485,3705,0,1873,1,0,2.0849,-2.0000,0.0684,0.0500,2.0852,-2.0000,0.0698,0.0500,2200,0,1,
43.0736,12123,242505,3705,0,1870,1,0,2.0849,-2.0000,0.0683,0.0500,2.0851,-2.0000,0.0693,0.0500,2201,0,1,
43.0936,12124,242525,3705,0,1868,1,0,2.0849,-2.0000,0.0682,0.0500,2.0850,-2.0000,0.0689,0.0500,2202,0,1,
43.1136,12125,242545,3705,0,1867,1,0,2.0849,-2.0000,0.0682,0.0500,2.0850,-2.0000,0.0687,0.0500,2203,0,1,
43.1336,12126,242565,3704,0,1865,1,0,2.0836,-2.0000,0.0681,0.0500,2.0848,-2.0000,0.0685,0.0500,2204,0,1,
43.1536,12127,242585,3705,0,1865,1,0,2.0849,-2.0000,0.0681,0.0500,2.0845,-2.0000,0.0683,0.0500,2205,0,1,
43.1736,12128,242605,3705,0,1865,1,0,2.0849,-2.0000,0.0681,0.0500,2.0847,-2.0000,0.0682,0.0500,2206,0,1,
43.2088,12129,242625,3706,0,1864,1,0,2.0862,-2.0000,0.0681,0.0500,2.0849,-2.0000,0.0682,0.0500,2207,0,1,
43.2136,12130,242645,3706,0,1862,1,0,2.0862,-2.0000,0.0680,0.0500,2.0850,-2.0000,0.0682,0.0500,2208,0,1,
43.2336,12131,242665,3706,0,1858,1,0,2.0862,-2.0000,0.0678,0.0500,2.0854,-2.0000,0.0681,0.0500,2209,0,1,
43.2536,12132,242685,3706,0,1847,1,0,2.0862,-2.0000,0.0674,0.0500,2.0857,-2.0000,0.0680,0.0500,2210,0,1,
43.2736,12133,242705,3705,0,1828,1,0,2.0849,-2.0000,0.0667,0.0500,2.0857,-2.0000,0.0677,0.0500,2211,0,1,
43.2936,12134,242725,3705,0,1805,1,0,2.0849,-2.0000,0.0658,0.0500,2.0855,-2.0000,0.0673,0.0500,2212,0,1,
43.3135,12135,242745,3705,0,1770,1,0,2.0849,-2.0000,0.0645,0.0500,2.0852,-2.0000,0.0666,0.0500,2213,0,1,
43.3336,12136,242765,3705,0,1727,1,0,2.0849,-2.0000,0.0629,0.0500,2.0851,-2.0000,0.0657,0.0500,2214,0,1,
43.3536,12137,242785,3705,0,1683,1,0,2.0849,-2.0000,0.0612,0.0500,2.0850,-2.0000,0.0645,0.0500,2215,0,1,
43.3735,12138,242805,3704,0,1626,1,0,2.0836,-2.0000,0.0591,0.0500,2.0849,-2.0000,0.0632,0.0500,2216,0,1,
43.3935,12139,242825,3705,0,1567,1,0,2.0849,-2.0000,0.0569,0.0500,2.0846,-2.0000,0.0617,0.0500,2217,0,1,
43.4136,12140,242845,3705,0,1499,1,0,2.0849,-2.0000,0.0543,0.0500,2.0847,-2.0000,0.0596,0.0500,2218,0,1,
43.4336,12141,242865,3705,0,1433,1,0,2.0849,-2.0000,0.0518,0.0500,2.0848,-2.0000,0.0576,0.0500,2219,0,1,
43.4584,12142,242885,3705,0,1367,1,0,2.0849,-2.0000,0.0493,0.0500,2.0848,-2.0000,0.0570,0.0500,2220,0,1,
43.4736,12143,242905,3705,0,1308,1,0,2.0849,-2.0000,0.0471,0.0500,2.0848,-2.0000,0.0542,0.0500,2221,0,1,
43.4936,12144,242925,3706,0,1249,1,0,2.0862,-2.0000,0.0449,0.0500,2.0850,-2.0000,0.0516,0.0500,2222,0,1,
43.5135,12145,242945,3705,0,1196,1,0,2.0849,-2.0000,0.0429,0.0500,2.0853,-2.0000,0.0487,0.0500,2223,0,1,
43.5336,12146,242965,3704,0,1147,1,0,2.0836,-2.0000,0.0410,0.0500,2.0851,-2.0000,0.0465,0.0500,2224,0,1,
43.5536,12147,242985,3704,0,1105,1,0,2.0836,-2.0000,0.0394,0.0500,2.0846,-2.0000,0.0445,0.0500,2225,0,1,
43.5736,12148,243005,3705,0,1071,1,0,2.0849,-2.0000,0.0382,0.0500,2.0843,-2.0000,0.0423,0.0500,2226,0,1,
43.5935,12149,243025,3704,0,1048,1,0,2.0836,-2.0000,0.0373,0.0500,2.0844,-2.0000,0.0408,0.0500,2227,0,1,
43.6135,12150,243045,3704,0,1032,1,0,2.0836,-2.0000,0.0367,0.0500,2.0841,-2.0000,0.0393,0.0500,2228,0,1,
43.6335,12151,243065,3704,0,1022,1,0,2.0836,-2.0000,0.0363,0.0500,2.0839,-2.0000,0.0384,0.0500,2229,0,1,
43.6535,12152,243085,3705,0,1016,1,0,2.0849,-2.0000,0.0361,0.0500,2.0839,-2.0000,0.0375,0.0500,2230,0,1,
43.6736,12153,243105,3704,0,1012,1,0,2.0836,-2.0000,0.0359,0.0500,2.0841,-2.0000,0.0370,0.0500,2231,0,1,
43.7153,12155,243145,3704,0,1007,1,0,2.0836,-2.0000,0.0357,0.0500,2.0839,-2.0000,0.0365,0.0500,2233,0,1,13.94
43.7336,12156,243165,3705,0,1006,1,0,2.0849,-2.0000,0.0357,0.0500,2.0840,-2.0000,0.0363,0.0500,2234,0,1,
43.7536,12157,243185,3705,0,1005,1,0,2.0849,-2.0000,0.0357,0.0500,2.0843,-2.0000,0.0361,0.0500,2235,0,1,
43.7735,12158,243205,3704,0,1004,1,0,2.0836,-2.0000,0.0356,0.0500,2.0844,-2.0000,0.0359,0.0500,2236,0,1,
43.7936,12159,243225,3704,0,1002,1,0,2.0836,-2.0000,0.0355,0.0500,2.0841,-2.0000,0.0358,0.0500,2237,0,1,
43.8134,12160,243245,3704,0,997,1,0,2.0836,-2.0000,0.0354,0.0500,2.0839,-2.0000,0.0357,0.0500,2238,0,1,
43.8334,12161,243265,3702,0,991,1,0,2.0811,-2.0000,0.0351,0.0500,2.0836,-2.0000,0.0355,0.0500,2239,0,1,
43.8534,12162,243285,3703,0,981,1,0,2.0824,-2.0000,0.0348,0.0500,2.0829,-2.0000,0.0354,0.0500,2240,0,1,
43.8734,12163,243305,3704,0,967,1,0,2.0836,-2.0000,0.0342,0.0500,2.0828,-2.0000,0.0351,0.0500,2241,0,1,
43.8934,12164,243325,3704,0,948,1,0,2.0836,-2.0000,0.0335,0.0500,2.0831,-2.0000,0.0347,0.0500,2242,0,1,
43.9134,12165,243345,3704,0,922,1,0,2.0836,-2.0000,0.0325,0.0500,2.0833,-2.0000,0.0342,0.0500,2243,0,1,
43.9334,12166,243365,3704,0,885,1,0,2.0836,-2.0000,0.0311,0.0500,2.0834,-2.0000,0.0334,0.0500,2244,0,1,
43.9584,12167,243385,3703,0,846,1,0,2.0824,-2.0000,0.0297,0.0500,2.0833,-2.0000,0.0328,0.0500,2245,0,1,
43.9734,12168,243405,3704,0,802,1,0,2.0836,-2.0000,0.0280,0.0500,2.0833,-2.0000,0.0321,0.0500,2246,0,1,
43.9934,12169,243425,3704,0,753,1,0,2.0836,-2.0000,0.0262,0.0500,2.0834,-2.0000,0.0303,0.0500,2247,0,1,
44.0134,12170,243445,3704,0,702,1,0,2.0836,-2.0000,0.0242,0.0500,2.0835,-2.0000,0.0287,0.0500,2248,0,1,
44.0334,12171,243465,3705,0,647,1,0,2.0849,-2.0000,0.0222,0.0500,2.0837,-2.0000,0.0268,0.0500,2249,0,1,
44.0534,12172,243485,3705,0,587,1,0,2.0849,-2.0000,0.0199,0.0500,2.0841,-2.0000,0.0250,0.0500,2250,0,1,
44.0734,12173,243505,3706,0,525,1,0,2.0862,-2.0000,0.0175,0.0500,2.0845,-2.0000,0.0231,0.0500,2251,0,1,
44.0935,12174,243525,3706,0,463,1,0,2.0862,-2.0000,0.0152,0.0500,2.0852,-2.0000,0.0207,0.0500,2252,0,1,
44.1134,12175,243545,3706,0,399,1,0,2.0862,-2.0000,0.0128,0.0500,2.0855,-2.0000,0.0187,0.0500,2253,0,1,
44.1334,12176,243565,3706,0,333,1,0,2.0862,-2.0000,0.0103,0.0500,2.0858,-2.0000,0.0161,0.0500,2254,0,1,
44.1535,12177,243585,3705,0,265,1,0,2.0849,-2.0000,0.0077,0.0500,2.0858,-2.0000,0.0140,0.0500,2255,0,1,
44.1735,12178,243605,3705,0,195,1,0,2.0849,-2.0000,0.0051,0.0500,2.0854,-2.0000,0.0113,0.0500,2256,0,1,
44.2080,12179,243625,3705,0,128,1,0,2.0849,-2.0000,0.0026,0.0500,2.0852,-2.0000,0.0090,0.0500,2257,0,1,
44.2154,12180,243645,3705,0,83,1,0,2.0849,-2.0000,0.0009,0.0500,2.0852,-2.0000,0.0083,0.0500,2258,0,1,
44.2332,12181,243665,3705,0,54,1,0,2.0849,-2.0000,0.0000,0.0500,2.0851,-2.0000,0.0062,0.0500,2259,0,1,
44.2532,12182,243685,3705,0,35,1,0,2.0849,-2.0000,0.0000,0.0500,2.0850,-2.0000,0.0037,0.0500,2260,0,1,
44.2732,12183,243705,3705,0,23,1,0,2.0849,-2.0000,0.0000,0.0500,2.0850,-2.0000,0.0024,0.0500,2261,0,1,
44.2932,12184,243725,3705,0,14,1,0,2.0849,-2.0000,0.0000,0.0500,2.0850,-2.0000,0.0014,0.0500,2262,0,1,
44.3134,12185,243745,3705,0,9,1,0,2.0849,-2.0000,0.0000,0.0500,2.0849,-2.0000,0.0009,0.0500,2263,0,1,
44.3334,12186,243765,3705,0,6,1,0,2.0849,-2.0000,0.0000,0.0500,2.0849,-2.0000,0.0005,0.0500,2264,0,1,
44.3534,12187,243785,3705,0,4,1,0,2.0849,-2.0000,0.0000,0.0500,2.0849,-2.0000,0.0004,0.0500,2265,0,1,
44.3734,12188,243805,3705,0,2,1,0,2.0849,-2.0000,0.0000,0.0500,2.0849,-2.0000,0.0002,0.0500,2266,0,1,
44.3934,12189,243825,3705,0,1,1,0,2.0849,-2.0000,0.0000,0.0500,2.0849,-2.0000,0.0001,0.0500,2267,0,1,
44.4133,12190,243845,3705,0,1,1,0,2.0849,-2.0000,0.0000,0.0500,2.0849,-2.0000,0.0001,0.0500,2268,0,1,
44.4333,12191,243865,3706,0,0,1,0,2.0862,-2.0000,0.0000,0.0500,2.0850,-2.0000,0.0001,0.0500,2269,0,1,
44.4650,12192,243885,3706,0,0,1,0,2.0862,-2.0000,0.0000,0.0500,2.0853,-2.0000,0.0000,0.0500,2270,0,1,
44.4733,12193,243905,3706,0,0,1,0,2.0862,-2.0000,0.0000,0.0500,2.0854,-2.0000,0.0000,0.0500,2271,0,1,
44.4933,12194,243925,3706,0,0,1,0,2.0862,-2.0000,0.0000,0.0500,2.0857,-2.0000,0.0000,0.0500,2272,0,1,
44.5133,12195,243945,3706,0,0,1,0,2.0862,-2.0000,0.0000,0.0500,2.0859,-2.0000,0.0000,0.0500,2273,0,1,
44.5334,12196,243965,3705,0,0,1,0,2.0849,-2.0000,0.0000,0.0500,2.0858,-2.0000,0.0000,0.0500,2274,0,1,
44.5534,12197,243985,3705,0,0,1,0,2.0849,-2.0000,0.0000,0.0500,2.0855,-2.0000,0.0000,0.0500,2275,0,1,
44.5734,12198,244005,3705,0,0,1,0,2.0849,-2.0000,0.0000,0.0500,2.0853,-2.0000,0.0000,0.0500,2276,0,1,
44.5934,12199,244025,3705,0,0,1,0,2.0849,-2.0000,0.0000,0.0500,2.0851,-2.0000,0.0000,0.0500,2277,0,1,
44.6134,12200,244045,3705,0,0,1,0,2.0849,-2.0000,0.0000,0.0500,2.0850,-2.0000,0.0000,0.0500,2278,0,1,
44.6333,12201,244065,3704,0,0,1,0,2.0836,-2.0000,0.0000,0.0500,2.0849,-2.0000,0.0000,0.0500,2279,0,1,
44.6534,12202,244085,3705,0,0,1,0,2.0849,-2.0000,0.0000,0.0500,2.0845,-2.0000,0.0000,0.0500,2280,0,1,
44.6733,12203,244105,3707,0,0,1,0,2.0874,-2.0000,0.0000,0.0500,2.0849,-2.0000,0.0000,0.0500,2281,0,1,
44.6934,12204,244125,3706,0,0,1,0,2.0862,-2.0000,0.0000,0.0500,2.0858,-2.0000,0.0000,0.0500,2282,0,1,
44.7223,12205,244145,3705,0,0,1,0,2.0849,-2.0000,0.0000,0.0500,2.0857,-2.0000,0.0000,0.0500,2283,0,1,2.17
44.7334,12206,244165,3706,0,0,1,0,2.0862,-2.0000,0.0000,0.0500,2.0857,-2.0000,0.0000,0.0500,2284,0,1,
44.7534,12207,244185,3707,0,0,1,0,2.0874,-2.0000,0.0000,0.0500,2.0860,-2.0000,0.0000,0.0500,2285,0,1,
44.7734,12208,244205,3707,0,0,1,0,2.0874,-2.0000,0.0000,0.0500,2.0866,-2.0000,0.0000,0.0500,2286,0,1,
44.7934,12209,244225,3706,0,0,1,0,2.0862,-2.0000,0.0000,0.0500,2.0867,-2.0000,0.0000,0.0500,2287,0,1,
44.8134,12210,244245,3706,0,0,1,0,2.0862,-2.0000,0.0000,0.0500,2.0865,-2.0000,0.0000,0.0500,2288,0,1,
44.8334,12211,244265,3706,0,0,1,0,2.0862,-2.0000,0.0000,0.0500,2.0864,-2.0000,0.0000,0.0500,2289,0,1,
44.8534,12212,244285,3705,0,0,1,0,2.0849,-2.0000,0.0000,0.0500,2.0862,-2.0000,0.0000,0.0500,2290,0,1,
44.8734,12213,244305,3705,0,0,1,0,2.0849,-2.0000,0.0000,0.0500,2.0857,-2.0000,0.0000,0.0500,2291,0,1,
44.8934,12214,244325,3704,0,0,1,0,2.0836,-2.0000,0.0000,0.0500,2.0853,-2.0000,0.0000,0.0500,2292,0,1,
44.9134,12215,244345,3705,0,0,1,0,2.0849,-2.0000,0.0000,0.0500,2.0847,-2.0000,0.0000,0.0500,2293,0,1,
44.9334,12216,244365,3705,0,0,1,0,2.0849,-2.0000,0.0000,0.0500,2.0848,-2.0000,0.0000,0.0500,2294,0,1,
44.9733,12218,244405,3704,0,0,1,0,2.0836,-2.0000,0.0000,0.0500,2.0847,-2.0000,0.0000,0.0500,2296,0,1,
44.9933,12219,244425,3705,0,0,1,0,2.0849,-2.0000,0.0000,0.0500,2.0845,-2.0000,0.0000,0.0500,2297,0,1,
45.0134,12220,244445,3705,0,0,1,0,2.0849,-2.0000,0.0000,0.0500,2.0847,-2.0000,0.0000,0.0500,2298,0,1,
45.0334,12221,244465,3706,0,0,1,0,2.0862,-2.0000,0.0000,0.0500,2.0849,-2.0000,0.0000,0.0500,2299,0,1,
45.0535,12222,244485,3706,0,0,1,0,2.0862,-2.0000,0.0000,0.0500,2.0854,-2.0000,0.0000,0.0500,2300,0,1,
45.0735,12223,244505,3705,0,0,1,0,2.0849,-2.0000,0.0000,0.0500,2.0855,-2.0000,0.0000,0.0500,2301,0,1,
45.0933,12224,244525,3706,0,0,1,0,2.0862,-2.0000,0.0000,0.0500,2.0854,-2.0000,0.0000,0.0500,2302,0,1,
45.1134,12225,244545,3706,0,0,1,0,2.0862,-2.0000,0.0000,0.0500,2.0857,-2.0000,0.0000,0.0500,2303,0,1,
45.1334,12226,244565,3705,0,0,1,0,2.0849,-2.0000,0.0000,0.0500,2.0858,-2.0000,0.0000,0.0500,2304,0,1,
45.1534,12227,244585,3705,0,0,1,0,2.0849,-2.0000,0.0000,0.0500,2.0854,-2.0000,0.0000,0.0500,2305,0,1,
45.1733,12228,244605,3705,0,0,1,0,2.0849,-2.0000,0.0000,0.0500,2.0852,-2.0000,0.0000,0.0500,2306,0,1,
45.1934,12229,244625,3705,0,0,1,0,2.0849,-2.0000,0.0000,0.0500,2.0851,-2.0000,0.0000,0.0500,2307,0,1,
45.2220,12230,244645,3704,0,0,1,0,2.0836,-2.0000,0.0000,0.0500,2.0850,-2.0000,0.0000,0.0500,2308,0,1,
45.2335,12231,244665,3705,0,0,1,0,2.0849,-2.0000,0.0000,0.0500,2.0847,-2.0000,0.0000,0.0500,2309,0,1,
45.2534,12232,244685,3705,0,0,1,0,2.0849,-2.0000,0.0000,0.0500,2.0848,-2.0000,0.0000,0.0500,2310,0,1,
45.2734,12233,244705,3706,0,0,1,0,2.0862,-2.0000,0.0000,0.0500,2.0850,-2.0000,0.0000,0.0500,2311,0,1,
45.2934,12234,244725,3706,0,0,1,0,2.0862,-2.0000,0.0000,0.0500,2.0854,-2.0000,0.0000,0.0500,2312,0,1,
45.3133,12235,244745,3706,0,0,1,0,2.0862,-2.0000,0.0000,0.0500,2.0857,-2.0000,0.0000,0.0500,2313,0,1,
45.3334,12236,244765,3706,0,0,1,0,2.0862,-2.0000,0.0000,0.0500,2.0859,-2.0000,0.0000,0.0500,2314,0,1,
45.3533,12237,244785,3705,0,0,1,0,2.0849,-2.0000,0.0000,0.0500,2.0859,-2.0000,0.0000,0.0500,2315,0,1,
45.3734,12238,244805,3706,0,0,1,0,2.0862,-2.0000,0.0000,0.0500,2.0857,-2.0000,0.0000,0.0500,2316,0,1,
45.3934,12239,244825,3705,0,0,1,0,2.0849,-2.0000,0.0000,0.0500,2.0857,-2.0000,0.0000,0.0500,2317,0,1,
45.4134,12240,244845,3705,0,0,1,0,2.0849,-2.0000,0.0000,0.0500,2.0854,-2.0000,0.0000,0.0500,2318,0,1,
45.4334,12241,244865,3705,0,0,1,0,2.0849,-2.0000,0.0000,0.0500,2.0852,-2.0000,0.0000,0.0500,2319,0,1,
45.4789,12243,244905,3704,0,0,1,0,2.0836,-2.0000,0.0000,0.0500,2.0850,-2.0000,0.0000,0.0500,2321,0,1,
45.4933,12244,244925,3705,0,0,1,0,2.0849,-2.0000,0.0000,0.0500,2.0846,-2.0000,0.0000,0.0500,2322,0,1,
45.5134,12245,244945,3704,0,0,1,0,2.0836,-2.0000,0.0000,0.0500,2.0846,-2.0000,0.0000,0.0500,2323,0,1,
45.5334,12246,244965,3704,0,0,1,0,2.0836,-2.0000,0.0000,0.0500,2.0843,-2.0000,0.0000,0.0500,2324,0,1,
45.5535,12247,244985,3704,0,0,1,0,2.0836,-2.0000,0.0000,0.0500,2.0840,-2.0000,0.0000,0.0500,2325,0,1,
45.5734,12248,245005,3704,0,0,1,0,2.0836,-2.0000,0.0000,0.0500,2.0839,-2.0000,0.0000,0.0500,2326,0,1,
45.5934,12249,245025,3705,0,0,1,0,2.0849,-2.0000,0.0000,0.0500,2.0839,-2.0000,0.0000,0.0500,2327,0,1,
45.6134,12250,245045,3704,0,0,1,0,2.0836,-2.0000,0.0000,0.0500,2.0841,-2.0000,0.0000,0.0500,2328,0,1,
45.6334,12251,245065,3704,0,0,1,0,2.0836,-2.0000,0.0000,0.0500,2.0839,-2.0000,0.0000,0.0500,2329,0,1,
45.6534,12252,245085,3705,0,0,1,0,2.0849,-2.0000,0.0000,0.0500,2.0840,-2.0000,0.0000,0.0500,2330,0,1,
45.6734,12253,245105,3705,0,0,1,0,2.0849,-2.0000,0.0000,0.0500,2.0843,-2.0000,0.0000,0.0500,2331,0,1,
45.6934,12254,245125,3705,0,0,1,0,2.0849,-2.0000,0.0000,0.0500,2.0845,-2.0000,0.0000,0.0500,2332,0,1,
45.7289,12255,245145,3705,0,0,1,0,2.0849,-2.0000,0.0000,0.0500,2.0846,-2.0000,0.0000,0.0500,2333,0,1,
45.7332,12256,245165,3705,0,0,1,0,2.0849,-2.0000,0.0000,0.0500,2.0847,-2.0000,0.0000,0.0500,2334,0,1,
45.7534,12257,245185,3704,0,0,1,0,2.0836,-2.0000,0.0000,0.0500,2.0846,-2.0000,0.0000,0.0500,2335,0,1,5.29
45.7734,12258,245205,3704,0,0,1,0,2.0836,-2.0000,0.0000,0.0500,2.0843,-2.0000,0.0000,0.0500,2336,0,1,
45.7934,12259,245225,3704,0,0,1,0,2.0836,-2.0000,0.0000,0.0500,2.0840,-2.0000,0.0000,0.0500,2337,0,1,
45.8134,12260,245245,3704,0,0,1,0,2.0836,-2.0000,0.0000,0.0500,2.0839,-2.0000,0.0000,0.0500,2338,0,1,
45.8334,12261,245265,3704,0,0,1,0,2.0836,-2.0000,0.0000,0.0500,2.0838,-2.0000,0.0000,0.0500,2339,0,1,
45.8534,12262,245285,3704,0,0,1,0,2.0836,-2.0000,0.0000,0.0500,2.0837,-2.0000,0.0000,0.0500,2340,0,1,
45.8734,12263,245305,3704,0,0,1,0,2.0836,-2.0000,0.0000,0.0500,2.0837,-2.0000,0.0000,0.0500,2341,0,1,
45.8934,12264,245325,3704,0,0,1,0,2.0836,-2.0000,0.0000,0.0500,2.0837,-2.0000,0.0000,0.0500,2342,0,1,
45.9134,12265,245345,3704,0,0,1,0,2.0836,-2.0000,0.0000,0.0500,2.0837,-2.0000,0.0000,0.0500,2343,0,1,
45.9334,12266,245365,3704,0,0,1,0,2.0836,-2.0000,0.0000,0.0500,2.0837,-2.0000,0.0000,0.0500,2344,0,1,
45.9535,12267,245385,3704,0,0,1,0,2.0836,-2.0000,0.0000,0.0500,2.0837,-2.0000,0.0000,0.0500,2345,0,1,
45.9858,12268,245405,3704,0,0,1,0,2.0836,-2.0000,0.0000,0.0500,2.0837,-2.0000,0.0000,0.0500,2346,0,1,
45.9934,12269,245425,3704,0,0,1,0,2.0836,-2.0000,0.0000,0.0500,2.0837,-2.0000,0.0000,0.0500,2347,0,1,
46.0134,12270,245445,3704,0,0,1,0,2.0836,-2.0000,0.0000,0.0500,2.0837,-2.0000,0.0000,0.0500,2348,0,1,
46.0334,12271,245465,3705,0,0,1,0,2.0849,-2.0000,0.0000,0.0500,2.0838,-2.0000,0.0000,0.0500,2349,0,1,
46.0536,12272,245485,3704,0,0,1,0,2.0836,-2.0000,0.0000,0.0500,2.0841,-2.0000,0.0000,0.0500,2350,0,1,
46.0734,12273,245505,3704,0,0,1,0,2.0836,-2.0000,0.0000,0.0500,2.0840,-2.0000,0.0000,0.0500,2351,0,1,
46.0934,12274,245525,3704,0,0,1,0,2.0836,-2.0000,0.0000,0.0500,2.0838,-2.0000,0.0000,0.0500,2352,0,1,
46.1134,12275,245545,3704,0,0,1,0,2.0836,-2.0000,0.0000,0.0500,2.0838,-2.0000,0.0000,0.0500,2353,0,1,
46.1334,12276,245565,3704,0,0,1,0,2.0836,-2.0000,0.0000,0.0500,2.0837,-2.0000,0.0000,0.0500,2354,0,1,
46.1534,12277,245585,3704,0,0,1,0,2.0836,-2.0000,0.0000,0.0500,2.0837,-2.0000,0.0000,0.0500,2355,0,1,
46.1734,12278,245605,3704,0,0,1,0,2.0836,-2.0000,0.0000,0.0500,2.0837,-2.0000,0.0000,0.0500,2356,0,1,
46.1934,12279,245625,3705,0,0,1,0,2.0849,-2.0000,0.0000,0.0500,2.0838,-2.0000,0.0000,0.0500,2357,0,1,
46.2288,12280,245645,3705,0,0,1,0,2.0849,-2.0000,0.0000,0.0500,2.0842,-2.0000,0.0000,0.0500,2358,0,1,
46.2363,12281,245665,3705,0,0,1,0,2.0849,-2.0000,0.0000,0.0500,2.0843,-2.0000,0.0000,0.0500,2359,0,1,
46.2534,12282,245685,3705,0,0,1,0,2.0849,-2.0000,0.0000,0.0500,2.0845,-2.0000,0.0000,0.0500,2360,0,1,
46.2734,12283,245705,3704,0,0,1,0,2.0836,-2.0000,0.0000,0.0500,2.0845,-2.0000,0.0000,0.0500,2361,0,1,
46.2934,12284,245725,3704,0,0,1,0,2.0836,-2.0000,0.0000,0.0500,2.0842,-2.0000,0.0000,0.0500,2362,0,1,
46.3134,12285,245745,3705,0,0,1,0,2.0849,-2.0000,0.0000,0.0500,2.0841,-2.0000,0.0000,0.0500,2363,0,1,
46.3334,12286,245765,3705,0,0,1,0,2.0849,-2.0000,0.0000,0.0500,2.0844,-2.0000,0.0000,0.0500,2364,0,1,
46.3535,12287,245785,3705,0,0,1,0,2.0849,-2.0000,0.0000,0.0500,2.0846,-2.0000,0.0000,0.0500,2365,0,1,
46.3734,12288,245805,3704,0,0,1,0,2.0836,-2.0000,0.0000,0.0500,2.0846,-2.0000,0.0000,0.0500,2366,0,1,
46.3935,12289,245825,3704,0,0,1,0,2.0836,-2.0000,0.0000,0.0500,2.0843,-2.0000,0.0000,0.0500,2367,0,1,
46.4134,12290,245845,3705,0,0,1,0,2.0849,-2.0000,0.0000,0.0500,2.0841,-2.0000,0.0000,0.0500,2368,0,1,
46.4334,12291,245865,3705,0,0,1,0,2.0849,-2.0000,0.0000,0.0500,2.0844,-2.0000,0.0000,0.0500,2369,0,1,
46.4534,12292,245885,3705,0,0,1,0,2.0849,-2.0000,0.0000,0.0500,2.0846,-2.0000,0.0000,0.0500,2370,0,1,
46.4790,12293,245905,3705,0,0,1,0,2.0849,-2.0000,0.0000,0.0500,2.0847,-2.0000,0.0000,0.0500,2371,0,1,
46.4934,12294,245925,3704,0,0,1,0,2.0836,-2.0000,0.0000,0.0500,2.0846,-2.0000,0.0000,0.0500,2372,0,1,
46.5134,12295,245945,3704,0,0,1,0,2.0836,-2.0000,0.0000,0.0500,2.0842,-2.0000,0.0000,0.0500,2373,0,1,
46.5334,12296,245965,3704,0,0,1,0,2.0836,-2.0000,0.0000,0.0500,2.0840,-2.0000,0.0000,0.0500,2374,0,1,
46.5535,12297,245985,3704,0,0,1,0,2.0836,-2.0000,0.0000,0.0500,2.0839,-2.0000,0.0000,0.0500,2375,0,1,
46.5732,12298,246005,3704,16,0,1,0,2.0836,-2.0000,0.0000,0.0500,2.0838,-2.0000,0.0000,0.0500,2376,0,1,
46.5932,12299,246025,3703,45,0,1,0,2.0824,-2.0000,0.0000,0.0500,2.0836,-2.0000,0.0000,0.0500,2377,0,1,
46.6133,12300,246045,3703,84,0,1,0,2.0824,-1.9758,0.0000,0.0500,2.0831,-1.9976,0.0000,0.0500,2378,0,1,
46.6335,12301,246065,3705,132,0,1,0,2.0849,-1.9275,0.0000,0.0500,2.0831,-1.9867,0.0000,0.0500,2379,0,1,
46.6534,12302,246085,3705,186,0,1,0,2.0849,-1.8732,0.0000,0.0500,2.0838,-1.9624,0.0000,0.0500,2380,0,1,
46.6735,12303,246105,3705,242,0,1,0,2.0849,-1.8169,0.0000,0.0500,2.0842,-1.9424,0.0000,0.0500,2381,0,1,
46.6934,12304,246125,3705,292,0,1,0,2.0849,-1.7665,0.0000,0.0500,2.0845,-1.9224,0.0000,0.0500,2382,0,1,
46.7134,12305,246145,3704,340,0,1,0,2.0836,-1.7182,0.0000,0.0500,2.0845,-1.9024,0.0000,0.0500,2383,0,1,
46.7429,12306,246165,3705,386,0,1,0,2.0849,-1.6719,0.0000,0.0500,2.0844,-1.8874,0.0000,0.0500,2384,0,1,2.15
46.7535,12307,246185,3705,433,0,1,0,2.0849,-1.6247,0.0000,0.0500,2.0845,-1.8774,0.0000,0.0500,2385,0,1,
46.7735,12308,246205,3705,477,0,1,0,2.0849,-1.5804,0.0000,0.0500,2.0846,-1.8574,0.0000,0.0500,2386,0,1,
46.7934,12309,246225,3705,513,0,1,0,2.0849,-1.5442,0.0000,0.0500,2.0847,-1.8325,0.0000,0.0500,2387,0,1,
46.8134,12310,246245,3704,537,0,1,0,2.0836,-1.5200,0.0000,0.0500,2.0847,-1.8125,0.0000,0.0500,2388,0,1,
46.8335,12311,246265,3705,553,0,1,0,2.0849,-1.5039,0.0000,0.0500,2.0844,-1.7875,0.0000,0.0500,2389,0,1,
46.8534,12312,246285,3705,563,0,1,0,2.0849,-1.4938,0.0000,0.0500,2.0846,-1.7675,0.0000,0.0500,2390,0,1,
46.8734,12313,246305,3704,569,0,1,0,2.0836,-1.4878,0.0000,0.0500,2.0846,-1.7475,0.0000,0.0500,2391,0,1,
46.8955,12314,246325,3704,572,0,1,0,2.0836,-1.4848,0.0000,0.0500,2.0842,-1.7225,0.0000,0.0500,2392,0,1,
46.9134,12315,246345,3704,576,0,1,0,2.0836,-1.4808,0.0000,0.0500,2.0840,-1.7025,0.0000,0.0500,2393,0,1,
46.9334,12316,246365,3703,578,0,1,0,2.0824,-1.4787,0.0000,0.0500,2.0837,-1.6776,0.0000,0.0500,2394,0,1,
46.9535,12317,246385,3704,578,0,1,0,2.0836,-1.4787,0.0000,0.0500,2.0834,-1.6576,0.0000,0.0500,2395,0,1,
46.9859,12318,246405,3703,579,0,1,0,2.0824,-1.4777,0.0000,0.0500,2.0834,-1.6376,0.0000,0.0500,2396,0,1,
46.9935,12319,246425,3704,580,0,1,0,2.0836,-1.4767,0.0000,0.0500,2.0834,-1.6326,0.0000,0.0500,2397,0,1,
47.0134,12320,246445,3704,580,0,1,0,2.0836,-1.4767,0.0000,0.0500,2.0835,-1.6076,0.0000,0.0500,2398,0,1,
47.0334,12321,246465,3707,581,0,1,0,2.0874,-1.4757,0.0000,0.0500,2.0839,-1.5876,0.0000,0.0500,2399,0,1,
47.0553,12322,246485,3706,580,0,1,0,2.0862,-1.4767,0.0000,0.0500,2.0852,-1.5626,0.0000,0.0500,2400,0,1,
47.0734,12323,246505,3706,585,0,1,0,2.0862,-1.4717,0.0000,0.0500,2.0856,-1.5426,0.0000,0.0500,2401,0,1,
47.0934,12324,246525,3705,593,0,1,0,2.0849,-1.4636,0.0000,0.0500,2.0856,-1.5226,0.0000,0.0500,2402,0,1,
47.1134,12325,246545,3704,606,0,1,0,2.0836,-1.4506,0.0000,0.0500,2.0852,-1.4983,0.0000,0.0500,2403,0,1,
47.1334,12326,246565,3705,622,0,1,0,2.0849,-1.4345,0.0000,0.0500,2.0848,-1.4804,0.0000,0.0500,2404,0,1,
47.1534,12327,246585,3704,635,0,1,0,2.0836,-1.4214,0.0000,0.0500,2.0847,-1.4603,0.0000,0.0500,2405,0,1,
47.1735,12328,246605,3704,649,0,1,0,2.0836,-1.4073,0.0000,0.0500,2.0843,-1.4455,0.0000,0.0500,2406,0,1,
47.1935,12329,246625,3704,664,0,1,0,2.0836,-1.3922,0.0000,0.0500,2.0841,-1.4309,0.0000,0.0500,2407,0,1,
47.2150,12330,246645,3703,681,0,1,0,2.0824,-1.3751,0.0000,0.0500,2.0838,-1.4133,0.0000,0.0500,2408,0,1,
47.2426,12331,246665,3703,703,0,1,0,2.0824,-1.3530,0.0000,0.0500,2.0837,-1.4083,0.0000,0.0500,2409,0,1,
47.2534,12332,246685,3703,731,0,1,0,2.0824,-1.3248,0.0000,0.0500,2.0833,-1.3933,0.0000,0.0500,2410,0,1,
47.2734,12333,246705,3703,763,0,1,0,2.0824,-1.2926,0.0000,0.0500,2.0830,-1.3734,0.0000,0.0500,2411,0,1,
47.2934,12334,246725,3704,799,0,1,0,2.0836,-1.2564,0.0000,0.0500,2.0829,-1.3484,0.0000,0.0500,2412,0,1,
47.3135,12335,246745,3704,836,0,1,0,2.0836,-1.2191,0.0000,0.0500,2.0831,-1.3284,0.0000,0.0500,2413,0,1,
47.3335,12336,246765,3704,873,0,1,0,2.0836,-1.1819,0.0000,0.0500,2.0833,-1.3034,0.0000,0.0500,2414,0,1,
47.3534,12337,246785,3705,912,0,1,0,2.0849,-1.1426,0.0000,0.0500,2.0836,-1.2834,0.0000,0.0500,2415,0,1,
47.3747,12338,246805,3705,955,0,1,0,2.0849,-1.0994,0.0000,0.0500,2.0841,-1.2584,0.0000,0.0500,2416,0,1,
47.3936,12339,246825,3706,1000,0,1,0,2.0862,-1.0541,0.0000,0.0500,2.0845,-1.2385,0.0000,0.0500,2417,0,1,
47.4136,12340,246845,3705,1045,0,1,0,2.0849,-1.0088,0.0000,0.0500,2.0850,-1.2185,0.0000,0.0500,2418,0,1,
47.4335,12341,246865,3705,1088,0,1,0,2.0849,-0.9655,0.0000,0.0500,2.0849,-1.1985,0.0000,0.0500,2419,0,1,
47.4536,12342,246885,3705,1135,0,1,0,2.0849,-0.9182,0.0000,0.0500,2.0849,-1.1735,0.0000,0.0500,2420,0,1,
47.4998,12344,246925,3704,1240,0,1,0,2.0836,-0.8126,0.0000,0.0500,2.0848,-1.1485,0.0000,0.0500,2422,0,1,
47.5137,12345,246945,3705,1292,0,1,0,2.0849,-0.7603,0.0000,0.0500,2.0845,-1.1285,0.0000,0.0500,2423,0,1,
47.5336,12346,246965,3705,1343,0,1,0,2.0849,-0.7089,0.0000,0.0500,2.0847,-1.1085,0.0000,0.0500,2424,0,1,
47.5535,12347,246985,3705,1382,0,1,0,2.0849,-0.6697,0.0000,0.0500,2.0847,-1.0885,0.0000,0.0500,2425,0,1,
47.5736,12348,247005,3705,1411,0,1,0,2.0849,-0.6405,0.0000,0.0500,2.0848,-1.0635,0.0000,0.0500,2426,0,1,
47.5936,12349,247025,3705,1430,0,1,0,2.0849,-0.6214,0.0000,0.0500,2.0848,-1.0436,0.0000,0.0500,2427,0,1,
47.6136,12350,247045,3704,1440,0,1,0,2.0836,-0.6113,0.0000,0.0500,2.0847,-1.0186,0.0000,0.0500,2428,0,1,
47.6336,12351,247065,3704,1449,0,1,0,2.0836,-0.6023,0.0000,0.0500,2.0844,-0.9986,0.0000,0.0500,2429,0,1,
47.6536,12352,247085,3705,1454,0,1,0,2.0849,-0.5972,0.0000,0.0500,2.0842,-0.9786,0.0000,0.0500,2430,0,1,
47.6736,12353,247105,3704,1457,0,1,0,2.0836,-0.5942,0.0000,0.0500,2.0844,-0.9536,0.0000,0.0500,2431,0,1,
47.6936,12354,247125,3704,1460,0,1,0,2.0836,-0.5912,0.0000,0.0500,2.0841,-0.9336,-0.0000,0.0500,2432,0,1,
47.7135,12355,247145,3704,1462,0,1,0,2.0836,-0.5892,0.0000,0.0500,2.0840,-0.9136,0.0000,0.0500,2433,0,1,
47.7495,12356,247165,3706,1462,0,1,0,2.0862,-0.5892,0.0000,0.0500,2.0841,-0.8986,-0.0000,0.0500,2434,0,1,
47.7546,12357,247185,3705,1462,0,1,0,2.0849,-0.5892,0.0000,0.0500,2.0844,-0.8886,-0.0000,0.0500,2435,0,1,5.05
47.7737,12358,247205,3704,1463,0,1,0,2.0836,-0.5882,0.0000,0.0500,2.0844,-0.8686,-0.0000,0.0500,2436,0,1,
47.7936,12359,247225,3704,1463,0,1,0,2.0836,-0.5882,0.0000,0.0500,2.0842,-0.8486,-0.0000,0.0500,2437,0,1,
47.8192,12360,247245,3705,1463,0,1,0,2.0849,-0.5882,0.0000,0.0500,2.0841,-0.8187,-0.0000,0.0500,2438,0,1,
47.8336,12361,247265,3705,1463,0,1,0,2.0849,-0.5882,0.0000,0.0500,2.0843,-0.8037,-0.0000,0.0500,2439,0,1,
47.8536,12362,247285,3704,1463,0,1,0,2.0836,-0.5882,0.0000,0.0500,2.0844,-0.7837,-0.0000,0.0500,2440,0,1,
47.8736,12363,247305,3705,1464,0,1,0,2.0849,-0.5872,0.0000,0.0500,2.0842,-0.7637,0.0000,0.0500,2441,0,1,
47.8937,12364,247325,3705,1464,0,1,0,2.0849,-0.5872,0.0000,0.0500,2.0845,-0.7387,-0.0000,0.0500,2442,0,1,
47.9136,12365,247345,3705,1464,0,1,0,2.0849,-0.5872,0.0000,0.0500,2.0847,-0.7187,-0.0000,0.0500,2443,0,1,
47.9336,12366,247365,3705,1469,0,1,0,2.0849,-0.5821,0.0000,0.0500,2.0848,-0.6937,-0.0000,0.0500,2444,0,1,
47.9536,12367,247385,3704,1475,0,1,0,2.0836,-0.5761,0.0000,0.0500,2.0847,-0.6737,0.0000,0.0500,2445,0,1,
47.9996,12369,247425,3705,1496,0,1,0,2.0849,-0.5550,0.0000,0.0500,2.0844,-0.6487,-0.0000,0.0500,2447,0,1,
48.0136,12370,247445,3705,1508,0,1,0,2.0849,-0.5429,0.0000,0.0500,2.0845,-0.6387,-0.0000,0.0500,2448,0,1,
48.0336,12371,247465,3705,1518,0,1,0,2.0849,-0.5328,0.0000,0.0500,2.0847,-0.6138,0.0000,0.0500,2449,0,1,
48.0537,12372,247485,3705,1534,0,1,0,2.0849,-0.5167,0.0000,0.0500,2.0847,-0.5938,-0.0000,0.0500,2450,0,1,
48.0736,12373,247505,3704,1550,0,1,0,2.0836,-0.5006,0.0000,0.0500,2.0847,-0.5738,-0.0000,0.0500,2451,0,1,
48.0937,12374,247525,3705,1568,0,1,0,2.0849,-0.4825,0.0000,0.0500,2.0844,-0.5488,-0.0000,0.0500,2452,0,1,
48.1135,12375,247545,3705,1586,0,1,0,2.0849,-0.4644,0.0000,0.0500,2.0846,-0.5288,-0.0000,0.0500,2453,0,1,
48.1386,12376,247565,3705,1607,0,1,0,2.0849,-0.4433,0.0000,0.0500,2.0847,-0.4994,-0.0000,0.0500,2454,0,1,
48.1536,12377,247585,3706,1631,0,1,0,2.0862,-0.4191,0.0000,0.0500,2.0849,-0.4844,0.0000,0.0500,2455,0,1,
48.1736,12378,247605,3705,1653,0,1,0,2.0849,-0.3970,0.0000,0.0500,2.0852,-0.4644,-0.0000,0.0500,2456,0,1,
48.1936,12379,247625,3705,1672,0,1,0,2.0849,-0.3779,0.0000,0.0500,2.0851,-0.4394,-0.0000,0.0500,2457,0,1,
48.2136,12380,247645,3705,1692,0,1,0,2.0849,-0.3577,0.0000,0.0500,2.0850,-0.4195,-0.0000,0.0500,2458,0,1,
48.2425,12381,247665,3705,1711,0,1,0,2.0849,-0.3386,0.0000,0.0500,2.0850,-0.4045,-0.0000,0.0500,2459,0,1,
48.2568,12382,247685,3705,1732,0,1,0,2.0849,-0.3175,0.0000,0.0500,2.0850,-0.3995,-0.0000,0.0500,2460,0,1,
48.2736,12383,247705,3705,1749,0,1,0,2.0849,-0.3004,0.0000,0.0500,2.0850,-0.3795,-0.0000,0.0500,2461,0,1,
48.2936,12384,247725,3705,1763,0,1,0,2.0849,-0.2863,0.0000,0.0500,2.0849,-0.3545,-0.0000,0.0500,2462,0,1,
48.3136,12385,247745,3705,1775,0,1,0,2.0849,-0.2742,0.0000,0.0500,2.0849,-0.3345,0.0000,0.0500,2463,0,1,
48.3335,12386,247765,3705,1784,0,1,0,2.0849,-0.2652,0.0000,0.0500,2.0849,-0.3145,-0.0000,0.0500,2464,0,1,
48.3537,12387,247785,3706,1791,0,1,0,2.0862,-0.2581,0.0000,0.0500,2.0850,-0.2936,-0.0000,0.0500,2465,0,1,
48.3736,12388,247805,3706,1797,0,1,0,2.0862,-0.2521,0.0000,0.0500,2.0854,-0.2808,-0.0000,0.0500,2466,0,1,
48.3936,12389,247825,3705,1800,0,1,0,2.0849,-0.2491,0.0000,0.0500,2.0856,-0.2687,-0.0000,0.0500,2467,0,1,
48.4136,12390,247845,3704,1803,0,1,0,2.0836,-0.2460,0.0000,0.0500,2.0853,-0.2631,-0.0000,0.0500,2468,0,1,
48.4336,12391,247865,3704,1804,0,1,0,2.0836,-0.2450,0.0000,0.0500,2.0846,-0.2560,-0.0000,0.0500,2469,0,1,
48.4536,12392,247885,3704,1805,0,1,0,2.0836,-0.2440,0.0000,0.0500,2.0843,-0.2521,-0.0000,0.0500,2470,0,1,
48.4736,12393,247905,3704,1806,0,1,0,2.0836,-0.2430,0.0000,0.0500,2.0840,-0.2487,-0.0000,0.0500,2471,0,1,
48.4997,12394,247925,3705,1806,0,1,0,2.0849,-0.2430,0.0000,0.0500,2.0841,-0.2476,-0.0000,0.0500,2472,0,1,
48.5136,12395,247945,3705,1806,0,1,0,2.0849,-0.2430,0.0000,0.0500,2.0843,-0.2464,-0.0000,0.0500,2473,0,1,
48.5335,12396,247965,3704,1806,0,1,0,2.0836,-0.2430,0.0000,0.0500,2.0844,-0.2452,-0.0000,0.0500,2474,0,1,
48.5536,12397,247985,3704,1806,0,1,0,2.0836,-0.2430,0.0000,0.0500,2.0841,-0.2445,0.0000,0.0500,2475,0,1,
48.5736,12398,248005,3703,1806,0,1,0,2.0824,-0.2430,0.0000,0.0500,2.0838,-0.2439,-0.0000,0.0500,2476,0,1,
48.5936,12399,248025,3703,1807,0,1,0,2.0824,-0.2420,0.0000,0.0500,2.0833,-0.2435,-0.0000,0.0500,2477,0,1,
48.6136,12400,248045,3704,1807,0,1,0,2.0836,-0.2420,0.0000,0.0500,2.0831,-0.2429,-0.0000,0.0500,2478,0,1,
48.6336,12401,248065,3704,1807,0,1,0,2.0836,-0.2420,0.0000,0.0500,2.0833,-0.2426,0.0000,0.0500,2479,0,1,
48.6536,12402,248085,3705,1807,0,1,0,2.0849,-0.2420,0.0000,0.0500,2.0835,-0.2424,-0.0000,0.0500,2480,0,1,
48.6737,12403,248105,3706,1807,0,1,0,2.0862,-0.2420,0.0000,0.0500,2.0841,-0.2423,-0.0000,0.0500,2481,0,1,
48.6936,12404,248125,3705,1807,0,1,0,2.0849,-0.2420,0.0000,0.0500,2.0847,-0.2422,-0.0000,0.0500,2482,0,1,
48.7136,12405,248145,3705,1807,0,1,0,2.0849,-0.2420,0.0000,0.0500,2.0848,-0.2421,0.0000,0.0500,2483,0,1,
48.7427,12406,248165,3705,1807,0,1,0,2.0849,-0.2420,0.0000,0.0500,2.0848,-0.2421,-0.0000,0.0500,2484,0,1,
48.7569,12407,248185,3704,1807,0,1,0,2.0836,-0.2420,0.0000,0.0500,2.0847,-0.2421,-0.0000,0.0500,2485,0,1,2.16
48.7737,12408,248205,3706,1807,0,1,0,2.0862,-0.2420,0.0000,0.0500,2.0847,-0.2421,-0.0000,0.0500,2486,0,1,
48.7936,12409,248225,3706,1807,0,1,0,2.0862,-0.2420,0.0000,0.0500,2.0853,-0.2421,-0.0000,0.0500,2487,0,1,
48.8136,12410,248245,3706,1807,0,1,0,2.0862,-0.2420,0.0000,0.0500,2.0856,-0.2420,-0.0000,0.0500,2488,0,1,
48.8336,12411,248265,3704,1807,0,1,0,2.0836,-0.2420,0.0000,0.0500,2.0856,-0.2420,-0.0000,0.0500,2489,0,1,
48.8536,12412,248285,3705,1807,0,1,0,2.0849,-0.2420,0.0000,0.0500,2.0850,-0.2420,-0.0000,0.0500,2490,0,1,
48.8737,12413,248305,3705,1807,0,1,0,2.0849,-0.2420,0.0000,0.0500,2.0850,-0.2420,0.0000,0.0500,2491,0,1,
48.8936,12414,248325,3704,1807,0,1,0,2.0836,-0.2420,0.0000,0.0500,2.0848,-0.2420,-0.0000,0.0500,2492,0,1,
48.9137,12415,248345,3704,1807,0,1,0,2.0836,-0.2420,0.0000,0.0500,2.0844,-0.2420,-0.0000,0.0500,2493,0,1,
48.9336,12416,248365,3704,1807,0,1,0,2.0836,-0.2420,0.0000,0.0500,2.0841,-0.2420,-0.0000,0.0500,2494,0,1,
48.9536,12417,248385,3704,1807,0,1,0,2.0836,-0.2420,0.0000,0.0500,2.0839,-0.2420,0.0000,0.0500,2495,0,1,
48.9735,12418,248405,3704,1807,0,1,0,2.0836,-0.2420,0.0000,0.0500,2.0838,-0.2420,-0.0000,0.0500,2496,0,1,
48.9996,12419,248425,3704,1807,0,1,0,2.0836,-0.2420,0.0000,0.0500,2.0838,-0.2420,-0.0000,0.0500,2497,0,1,
49.0137,12420,248445,3705,1807,0,1,0,2.0849,-0.2420,0.0000,0.0500,2.0839,-0.2420,-0.0000,0.0500,2498,0,1,
49.0336,12421,248465,3704,1807,0,1,0,2.0836,-0.2420,0.0000,0.0500,2.0841,-0.2420,-0.0000,0.0500,2499,0,1,
49.0536,12422,248485,3704,1807,0,1,0,2.0836,-0.2420,0.0000,0.0500,2.0839,-0.2420,0.0000,0.0500,2500,0,1,
49.0736,12423,248505,3704,1807,0,1,0,2.0836,-0.2420,0.0000,0.0500,2.0838,-0.2420,-0.0000,0.0500,2501,0,1,
49.0937,12424,248525,3705,1807,0,1,0,2.0849,-0.2420,0.0000,0.0500,2.0839,-0.2420,-0.0000,0.0500,2502,0,1,
49.1136,12425,248545,3704,1807,0,1,0,2.0836,-0.2420,0.0000,0.0500,2.0841,-0.2420,-0.0000,0.0500,2503,0,1,
49.1336,12426,248565,3704,1807,0,1,0,2.0836,-0.2420,0.0000,0.0500,2.0839,-0.2420,0.0000,0.0500,2504,0,1,
49.1536,12427,248585,3704,1807,0,1,0,2.0836,-0.2420,0.0000,0.0500,2.0838,-0.2420,-0.0000,0.0500,2505,0,1,
49.1735,12428,248605,3705,1807,0,1,0,2.0849,-0.2420,0.0000,0.0500,2.0839,-0.2420,-0.0000,0.0500,2506,0,1,
49.1936,12429,248625,3705,1807,0,1,0,2.0849,-0.2420,0.0000,0.0500,2.0843,-0.2420,-0.0000,0.0500,2507,0,1,
49.2136,12430,248645,3705,1807,0,1,0,2.0849,-0.2420,0.0000,0.0500,2.0845,-0.2420,-0.0000,0.0500,2508,0,1,
49.2426,12431,248665,3703,1807,0,1,0,2.0824,-0.2420,0.0000,0.0500,2.0844,-0.2420,-0.0000,0.0500,2509,0,1,
49.2568,12432,248685,3703,1807,0,1,0,2.0824,-0.2420,0.0000,0.0500,2.0842,-0.2420,-0.0000,0.0500,2510,0,1,
49.2736,12433,248705,3704,1807,0,1,0,2.0836,-0.2420,0.0000,0.0500,2.0838,-0.2420,-0.0000,0.0500,2511,0,1,
49.2936,12434,248725,3704,1806,0,1,0,2.0836,-0.2430,0.0000,0.0500,2.0838,-0.2421,-0.0000,0.0500,2512,0,1,
49.3135,12435,248745,3704,1807,0,1,0,2.0836,-0.2420,0.0000,0.0500,2.0837,-0.2423,-0.0000,0.0500,2513,0,1,
49.3336,12436,248765,3704,1807,0,1,0,2.0836,-0.2420,0.0000,0.0500,2.0837,-0.2422,-0.0000,0.0500,2514,0,1,
49.3536,12437,248785,3705,1806,0,1,0,2.0849,-0.2430,0.0000,0.0500,2.0838,-0.2423,-0.0000,0.0500,2515,0,1,
49.3736,12438,248805,3704,1807,0,1,0,2.0836,-0.2420,0.0000,0.0500,2.0841,-0.2424,-0.0000,0.0500,2516,0,1,
49.3937,12439,248825,3704,1807,0,1,0,2.0836,-0.2420,0.0000,0.0500,2.0839,-0.2423,-0.0000,0.0500,2517,0,1,
49.4136,12440,248845,3704,1807,0,1,0,2.0836,-0.2420,0.0000,0.0500,2.0838,-0.2422,-0.0000,0.0500,2518,0,1,
49.4336,12441,248865,3704,1807,0,1,0,2.0836,-0.2420,0.0000,0.0500,2.0837,-0.2421,0.0000,0.0500,2519,0,1,
49.4535,12442,248885,3705,1807,0,1,0,2.0849,-0.2420,0.0000,0.0500,2.0838,-0.2421,-0.0000,0.0500,2520,0,1,
49.4737,12443,248905,3705,1807,0,1,0,2.0849,-0.2420,0.0000,0.0500,2.0843,-0.2421,-0.0000,0.0500,2521,0,1,
49.5133,12444,248925,3705,1807,0,1,0,2.0849,-0.2420,0.0000,0.0500,2.0844,-0.2421,0.0000,0.0500,2522,0,1,
49.5137,12445,248945,3705,1807,0,1,0,2.0849,-0.2420,0.0000,0.0500,2.0845,-0.2421,-0.0000,0.0500,2523,0,1,
49.5337,12446,248965,3705,1807,0,1,0,2.0849,-0.2420,0.0000,0.0500,2.0846,-0.2420,-0.0000,0.0500,2524,0,1,
49.5536,12447,248985,3704,1807,0,1,0,2.0836,-0.2420,0.0000,0.0500,2.0846,-0.2420,-0.0000,0.0500,2525,0,1,
49.5737,12448,249005,3704,1807,0,1,0,2.0836,-0.2420,0.0000,0.0500,2.0842,-0.2420,-0.0000,0.0500,2526,0,1,
49.5936,12449,249025,3705,1807,0,1,0,2.0849,-0.2420,0.0000,0.0500,2.0841,-0.2420,0.0000,0.0500,2527,0,1,
49.6136,12450,249045,3705,1807,0,1,0,2.0849,-0.2420,0.0000,0.0500,2.0845,-0.2420,-0.0000,0.0500,2528,0,1,
49.6336,12451,249065,3705,1807,0,1,0,2.0849,-0.2420,0.0000,0.0500,2.0846,-0.2420,-0.0000,0.0500,2529,0,1,
49.6537,12452,249085,3705,1807,0,1,0,2.0849,-0.2420,0.0000,0.0500,2.0847,-0.2420,-0.0000,0.0500,2530,0,1,
49.6736,12453,249105,3705,1807,0,1,0,2.0849,-0.2420,0.0000,0.0500,2.0848,-0.2420,0.0000,0.0500,2531,0,1,
49.6936,12454,249125,3706,1807,0,1,0,2.0862,-0.2420,0.0000,0.0500,2.0850,-0.2420,-0.0000,0.0500,2532,0,1,
49.7136,12455,249145,3706,1807,0,1,0,2.0862,-0.2420,0.0000,0.0500,2.0855,-0.2420,-0.0000,0.0500,2533,0,1,
49.7336,12456,249165,3705,1807,0,1,0,2.0849,-0.2420,0.0000,0.0500,2.0856,-0.2420,-0.0000,0.0500,2534,0,1,
49.7635,12457,249185,3705,1808,0,1,0,2.0849,-0.2410,0.0000,0.0500,2.0854,-0.2419,-0.0000,0.0500,2535,0,1,2.15
49.7737,12458,249205,3706,1807,0,1,0,2.0862,-0.2420,0.0000,0.0500,2.0854,-0.2419,0.0000,0.0500,2536,0,1,
49.7935,12459,249225,3706,1807,0,1,0,2.0862,-0.2420,0.0000,0.0500,2.0857,-0.2419,-0.0000,0.0500,2537,0,1,
49.8136,12460,249245,3705,1807,0,1,0,2.0849,-0.2420,0.0000,0.0500,2.0858,-0.2420,-0.0000,0.0500,2538,0,1,
49.8336,12461,249265,3705,1807,0,1,0,2.0849,-0.2420,0.0000,0.0500,2.0855,-0.2420,-0.0000,0.0500,2539,0,1,
49.8537,12462,249285,3705,1807,0,1,0,2.0849,-0.2420,0.0000,0.0500,2.0853,-0.2420,-0.0000,0.0500,2540,0,1,
49.8736,12463,249305,3705,1807,0,1,0,2.0849,-0.2420,0.0000,0.0500,2.0851,-0.2420,-0.0000,0.0500,2541,0,1,
49.8936,12464,249325,3705,1807,0,1,0,2.0849,-0.2420,0.0000,0.0500,2.0850,-0.2420,-0.0000,0.0500,2542,0,1,
49.9136,12465,249345,3706,1806,0,1,0,2.0862,-0.2430,0.0000,0.0500,2.0851,-0.2421,-0.0000,0.0500,2543,0,1,
49.9336,12466,249365,3706,1806,0,1,0,2.0862,-0.2430,0.0000,0.0500,2.0855,-0.2424,-0.0000,0.0500,2544,0,1,
49.9536,12467,249385,3705,1807,0,1,0,2.0849,-0.2420,0.0000,0.0500,2.0856,-0.2426,-0.0000,0.0500,2545,0,1,
49.9736,12468,249405,3705,1807,0,1,0,2.0849,-0.2420,0.0000,0.0500,2.0854,-0.2424,-0.0000,0.0500,2546,0,1,
50.0205,12470,249445,3703,1807,0,1,0,2.0824,-0.2420,0.0000,0.0500,2.0849,-0.2422,0.0000,0.0500,2548,0,1,
50.0335,12471,249465,3702,1807,0,1,0,2.0811,-0.2420,0.0000,0.0500,2.0841,-0.2422,-0.0000,0.0500,2549,0,1,
50.0536,12472,249485,3702,1807,0,1,0,2.0811,-0.2420,0.0000,0.0500,2.0829,-0.2421,-0.0000,0.0500,2550,0,1,
50.0735,12473,249505,3703,1807,0,1,0,2.0824,-0.2420,0.0000,0.0500,2.0824,-0.2421,0.0000,0.0500,2551,0,1,
50.0936,12474,249525,3702,1807,0,1,0,2.0811,-0.2420,0.0000,0.0500,2.0823,-0.2421,-0.0000,0.0500,2552,0,1,
50.1135,12475,249545,3702,1807,0,1,0,2.0811,-0.2420,0.0000,0.0500,2.0819,-0.2421,-0.0000,0.0500,2553,0,1,
50.1336,12476,249565,3703,1807,0,1,0,2.0824,-0.2420,0.0000,0.0500,2.0817,-0.2420,-0.0000,0.0500,2554,0,1,
50.1536,12477,249585,3705,1807,0,1,0,2.0849,-0.2420,0.0000,0.0500,2.0822,-0.2420,0.0000,0.0500,2555,0,1,
50.1736,12478,249605,3707,1807,0,1,0,2.0874,-0.2420,0.0000,0.0500,2.0834,-0.2420,-0.0000,0.0500,2556,0,1,
50.1936,12479,249625,3704,1806,0,1,0,2.0836,-0.2430,0.0000,0.0500,2.0847,-0.2421,-0.0000,0.0500,2557,0,1,
50.2136,12480,249645,3704,1806,0,1,0,2.0836,-0.2430,0.0000,0.0500,2.0843,-0.2424,-0.0000,0.0500,2558,0,1,
50.2336,12481,249665,3703,1806,0,1,0,2.0824,-0.2430,0.0000,0.0500,2.0839,-0.2427,0.0000,0.0500,2559,0,1,
50.2736,12483,249705,3703,1806,0,1,0,2.0824,-0.2430,0.0000,0.0500,2.0834,-0.2428,-0.0000,0.0500,2561,0,1,
50.2936,12484,249725,3704,1806,0,1,0,2.0836,-0.2430,0.0000,0.0500,2.0831,-0.2429,-0.0000,0.0500,2562,0,1,
50.3136,12485,249745,3704,1806,0,1,0,2.0836,-0.2430,0.0000,0.0500,2.0833,-0.2430,-0.0000,0.0500,2563,0,1,
50.3336,12486,249765,3705,1806,0,1,0,2.0849,-0.2430,0.0000,0.0500,2.0835,-0.2430,-0.0000,0.0500,2564,0,1,
50.3536,12487,249785,3704,1806,0,1,0,2.0836,-0.2430,0.0000,0.0500,2.0840,-0.2430,-0.0000,0.0500,2565,0,1,
50.3735,12488,249805,3705,1806,0,1,0,2.0849,-0.2430,0.0000,0.0500,2.0840,-0.2430,-0.0000,0.0500,2566,0,1,
50.3936,12489,249825,3709,1806,0,1,0,2.0899,-0.2430,0.0000,0.0500,2.0849,-0.2430,-0.0000,0.0500,2567,0,1,
50.4135,12490,249845,3715,1806,0,1,0,2.0975,-0.2430,0.0000,0.0500,2.0874,-0.2430,-0.0000,0.0500,2568,0,1,
50.4335,12491,249865,3728,1806,0,1,0,2.1138,-0.2430,0.0000,0.0500,2.0931,-0.2430,-0.0000,0.0500,2569,0,1,
50.4536,12492,249885,3749,1807,0,1,0,2.1403,-0.2420,0.0000,0.0500,2.1029,-0.2429,-0.0000,0.0500,2570,0,1,
50.4737,12493,249905,3777,1808,0,1,0,2.1755,-0.2410,0.0000,0.0500,2.1193,-0.2425,0.0000,0.0500,2571,0,1,
50.4937,12494,249925,3814,1807,0,1,0,2.2220,-0.2420,0.0000,0.0500,2.1448,-0.2420,-0.0000,0.0500,2572,0,1,
50.5204,12495,249945,3854,1807,0,1,0,2.2723,-0.2420,0.0000,0.0500,2.1573,-0.2420,-0.0000,0.0500,2573,0,1,
50.5337,12496,249965,3900,1807,0,1,0,2.3302,-0.2420,0.0000,0.0500,2.1761,-0.2420,-0.0000,0.0500,2574,0,1,
50.5536,12497,249985,3946,1807,0,1,0,2.3881,-0.2420,0.0000,0.0500,2.2011,-0.2420,-0.0000,0.0500,2575,0,1,
50.5737,12498,250005,3994,1807,0,1,0,2.4484,-0.2420,0.0000,0.0500,2.2261,-0.2420,0.0000,0.0500,2576,0,1,
50.5969,12499,250025,4029,1807,0,1,0,2.4925,-0.2420,0.0000,0.0500,2.2636,-0.2420,0.0000,0.0500,2577,0,1,
50.6136,12500,250045,4052,1807,0,1,0,2.5000,-0.2420,0.0000,0.0500,2.2823,-0.2420,-0.0000,0.0500,2578,0,1,
50.6337,12501,250065,4067,1807,0,1,0,2.5000,-0.2420,0.0000,0.0500,2.3136,-0.2420,-0.0000,0.0500,2579,0,1,
50.6537,12502,250085,4077,1807,0,1,0,2.5000,-0.2420,0.0000,0.0500,2.3386,-0.2420,0.0000,0.0500,2580,0,1,
50.6736,12503,250105,4083,1807,0,1,0,2.5000,-0.2420,0.0000,0.0500,2.3636,-0.2420,-0.0000,0.0500,2581,0,1,
50.6936,12504,250125,4087,1807,0,1,0,2.5000,-0.2420,0.0000,0.0500,2.3948,-0.2420,-0.0000,0.0500,2582,0,1,
50.7136,12505,250145,4090,1807,0,1,0,2.5000,-0.2420,0.0000,0.0500,2.4198,-0.2420,-0.0000,0.0500,2583,0,1,
50.7338,12506,250165,4091,1808,0,1,0,2.5000,-0.2410,0.0000,0.0500,2.4503,-0.2419,0.0000,0.0500,2584,0,1,
50.7745,12508,250205,4093,1807,0,1,0,2.5000,-0.2420,0.0000,0.0500,2.4674,-0.2417,-0.0000,0.0500,2586,0,1,4.00
50.7936,12509,250225,4094,1807,0,1,0,2.5000,-0.2420,0.0000,0.0500,2.4807,-0.2418,-0.0000,0.0500,2587,0,1,
50.8136,12510,250245,4094,1807,0,1,0,2.5000,-0.2420,0.0000,0.0500,2.4874,-0.2419,-0.0000,0.0500,2588,0,1,
50.8337,12511,250265,4094,1807,0,1,0,2.5000,-0.2420,0.0000,0.0500,2.4925,-0.2420,0.0000,0.0500,2589,0,1,
50.8537,12512,250285,4094,1807,0,1,0,2.5000,-0.2420,0.0000,0.0500,2.4951,-0.2420,-0.0000,0.0500,2590,0,1,
50.8736,12513,250305,4094,1807,0,1,0,2.5000,-0.2420,0.0000,0.0500,2.4968,-0.2420,-0.0000,0.0500,2591,0,1,
50.8937,12514,250325,4094,1807,0,1,0,2.5000,-0.2420,0.0000,0.0500,2.4981,-0.2420,-0.0000,0.0500,2592,0,1,
50.9136,12515,250345,4094,1807,0,1,0,2.5000,-0.2420,0.0000,0.0500,2.4988,-0.2420,-0.0000,0.0500,2593,0,1,
50.9336,12516,250365,4094,1807,0,1,0,2.5000,-0.2420,0.0000,0.0500,2.4993,-0.2420,-0.0000,0.0500,2594,0,1,
50.9536,12517,250385,4094,1807,0,1,0,2.5000,-0.2420,0.0000,0.0500,2.4995,-0.2420,-0.0000,0.0500,2595,0,1,
50.9736,12518,250405,4094,1807,0,1,0,2.5000,-0.2420,0.0000,0.0500,2.4997,-0.2420,0.0000,0.0500,2596,0,1,
50.9937,12519,250425,4094,1806,0,1,0,2.5000,-0.2430,0.0000,0.0500,2.4998,-0.2421,-0.0000,0.0500,2597,0,1,
51.0202,12520,250445,4094,1807,0,1,0,2.5000,-0.2420,0.0000,0.0500,2.4998,-0.2422,-0.0000,0.0500,2598,0,1,
51.0336,12521,250465,4094,1807,0,1,0,2.5000,-0.2420,0.0000,0.0500,2.4999,-0.2422,-0.0000,0.0500,2599,0,1,
51.0536,12522,250485,4094,1807,0,1,0,2.5000,-0.2420,0.0000,0.0500,2.4999,-0.2421,0.0000,0.0500,2600,0,1,
51.0736,12523,250505,4094,1807,0,1,0,2.5000,-0.2420,0.0000,0.0500,2.5000,-0.2421,-0.0000,0.0500,2601,0,1,
51.0936,12524,250525,4094,1807,0,1,0,2.5000,-0.2420,0.0000,0.0500,2.5000,-0.2421,-0.0000,0.0500,2602,0,1,
51.1136,12525,250545,4094,1807,0,1,0,2.5000,-0.2420,0.0000,0.0500,2.5000,-0.2421,-0.0000,0.0500,2603,0,1,
51.1337,12526,250565,4094,1807,0,1,0,2.5000,-0.2420,0.0000,0.0500,2.5000,-0.2420,0.0000,0.0500,2604,0,1,
51.1536,12527,250585,4094,1807,0,1,0,2.5000,-0.2420,0.0000,0.0500,2.5000,-0.2420,-0.0000,0.0500,2605,0,1,
51.1736,12528,250605,4094,1807,0,1,0,2.5000,-0.2420,0.0000,0.0500,2.5000,-0.2420,-0.0000,0.0500,2606,0,1,
51.1937,12529,250625,4094,1807,0,1,0,2.5000,-0.2420,0.0000,0.0500,2.5000,-0.2420,-0.0000,0.0500,2607,0,1,
51.2136,12530,250645,4094,1807,0,1,0,2.5000,-0.2420,0.0000,0.0500,2.5000,-0.2420,0.0000,0.0500,2608,0,1,
51.2337,12531,250665,4094,1807,0,1,0,2.5000,-0.2420,0.0000,0.0500,2.5000,-0.2420,-0.0000,0.0500,2609,0,1,
51.2701,12532,250685,4094,1807,0,1,0,2.5000,-0.2420,0.0000,0.0500,2.5000,-0.2420,-0.0000,0.0500,2610,0,1,
51.2775,12533,250705,4094,1807,0,1,0,2.5000,-0.2420,0.0000,0.0500,2.5000,-0.2420,-0.0000,0.0500,2611,0,1,
51.2936,12534,250725,4094,1807,0,1,0,2.5000,-0.2420,0.0000,0.0500,2.5000,-0.2420,-0.0000,0.0500,2612,0,1,
51.3136,12535,250745,4094,1807,0,1,0,2.5000,-0.2420,0.0000,0.0500,2.5000,-0.2420,0.0000,0.0500,2613,0,1,
51.3336,12536,250765,4094,1807,0,1,0,2.5000,-0.2420,0.0000,0.0500,2.5000,-0.2420,-0.0000,0.0500,2614,0,1,
51.3537,12537,250785,4094,1807,0,1,0,2.5000,-0.2420,0.0000,0.0500,2.5000,-0.2420,-0.0000,0.0500,2615,0,1,
51.3736,12538,250805,4094,1807,0,1,0,2.5000,-0.2420,0.0000,0.0500,2.5000,-0.2420,-0.0000,0.0500,2616,0,1,
51.3936,12539,250825,4094,1807,0,1,0,2.5000,-0.2420,0.0000,0.0500,2.5000,-0.2420,-0.0000,0.0500,2617,0,1,
51.4136,12540,250845,4094,1807,0,1,0,2.5000,-0.2420,0.0000,0.0500,2.5000,-0.2420,-0.0000,0.0500,2618,0,1,
51.4336,12541,250865,4094,1807,0,1,0,2.5000,-0.2420,0.0000,0.0500,2.5000,-0.2420,-0.0000,0.0500,2619,0,1,
51.4536,12542,250885,4094,1807,0,1,0,2.5000,-0.2420,0.0000,0.0500,2.5000,-0.2420,-0.0000,0.0500,2620,0,1,
51.4736,12543,250905,4094,1807,0,1,0,2.5000,-0.2420,0.0000,0.0500,2.5000,-0.2420,-0.0000,0.0500,2621,0,1,
51.4937,12544,250925,4094,1807,0,1,0,2.5000,-0.2420,0.0000,0.0500,2.5000,-0.2420,-0.0000,0.0500,2622,0,1,
51.5271,12545,250945,4094,1807,0,1,0,2.5000,-0.2420,0.0000,0.0500,2.5000,-0.2420,-0.0000,0.0500,2623,0,1,
51.5343,12546,250965,4094,1807,0,1,0,2.5000,-0.2420,0.0000,0.0500,2.5000,-0.2420,-0.0000,0.0500,2624,0,1,
51.5536,12547,250985,4094,1807,0,1,0,2.5000,-0.2420,0.0000,0.0500,2.5000,-0.2420,0.0000,0.0500,2625,0,1,
51.5736,12548,251005,4094,1807,0,1,0,2.5000,-0.2420,0.0000,0.0500,2.5000,-0.2420,-0.0000,0.0500,2626,0,1,
51.5935,12549,251025,4094,1807,0,1,0,2.5000,-0.2420,0.0000,0.0500,2.5000,-0.2420,-0.0000,0.0500,2627,0,1,
51.6137,12550,251045,4094,1806,0,1,0,2.5000,-0.2430,0.0000,0.0500,2.5000,-0.2421,-0.0000,0.0500,2628,0,1,
51.6336,12551,251065,4094,1806,0,1,0,2.5000,-0.2430,0.0000,0.0500,2.5000,-0.2424,-0.0000,0.0500,2629,0,1,
51.6536,12552,251085,4094,1807,0,1,0,2.5000,-0.2420,0.0000,0.0500,2.5000,-0.2426,-0.0000,0.0500,2630,0,1,
51.6736,12553,251105,4094,1807,0,1,0,2.5000,-0.2420,0.0000,0.0500,2.5000,-0.2424,-0.0000,0.0500,2631,0,1,
51.6936,12554,251125,4094,1807,0,1,0,2.5000,-0.2420,0.0000,0.0500,2.5000,-0.2422,0.0000,0.0500,2632,0,1,
51.7136,12555,251145,4094,1807,0,1,0,2.5000,-0.2420,0.0000,0.0500,2.5000,-0.2422,-0.0000,0.0500,2633,0,1,
51.7335,12556,251165,4094,1807,0,1,0,2.5000,-0.2420,0.0000,0.0500,2.5000,-0.2421,-0.0000,0.0500,2634,0,1,
51.7535,12557,251185,4094,1807,0,1,0,2.5000,-0.2420,0.0000,0.0500,2.5000,-0.2421,-0.0000,0.0500,2635,0,1,
51.7843,12558,251205,4094,1807,0,1,0,2.5000,-0.2420,0.0000,0.0500,2.5000,-0.2421,-0.0000,0.0500,2636,0,1,2.14
51.7937,12559,251225,4094,1807,0,1,0,2.5000,-0.2420,0.0000,0.0500,2.5000,-0.2421,0.0000,0.0500,2637,0,1,
51.8136,12560,251245,4094,1807,0,1,0,2.5000,-0.2420,0.0000,0.0500,2.5000,-0.2421,-0.0000,0.0500,2638,0,1,
51.8336,12561,251265,4094,1807,0,1,0,2.5000,-0.2420,0.0000,0.0500,2.5000,-0.2420,-0.0000,0.0500,2639,0,1,
51.8536,12562,251285,4094,1807,0,1,0,2.5000,-0.2420,0.0000,0.0500,2.5000,-0.2420,-0.0000,0.0500,2640,0,1,
51.8736,12563,251305,4094,1807,0,1,0,2.5000,-0.2420,0.0000,0.0500,2.5000,-0.2420,-0.0000,0.0500,2641,0,1,
51.8937,12564,251325,4094,1807,0,1,0,2.5000,-0.2420,0.0000,0.0500,2.5000,-0.2420,-0.0000,0.0500,2642,0,1,
51.9137,12565,251345,4094,1807,0,1,0,2.5000,-0.2420,0.0000,0.0500,2.5000,-0.2420,-0.0000,0.0500,2643,0,1,
51.9337,12566,251365,4094,1807,0,1,0,2.5000,-0.2420,0.0000,0.0500,2.5000,-0.2420,-0.0000,0.0500,2644,0,1,
51.9537,12567,251385,4094,1807,0,1,0,2.5000,-0.2420,0.0000,0.0500,2.5000,-0.2420,-0.0000,0.0500,2645,0,1,
51.9736,12568,251405,4094,1807,0,1,0,2.5000,-0.2420,0.0000,0.0500,2.5000,-0.2420,-0.0000,0.0500,2646,0,1,
51.9937,12569,251425,4094,1807,0,1,0,2.5000,-0.2420,0.0000,0.0500,2.5000,-0.2420,-0.0000,0.0500,2647,0,1,
52.0136,12570,251445,4094,1807,0,1,0,2.5000,-0.2420,0.0000,0.0500,2.5000,-0.2420,0.0000,0.0500,2648,0,1,
52.0411,12571,251465,4094,1807,0,1,0,2.5000,-0.2420,0.0000,0.0500,2.5000,-0.2420,-0.0000,0.0500,2649,0,1,
52.0536,12572,251485,4094,1807,0,1,0,2.5000,-0.2420,0.0000,0.0500,2.5000,-0.2420,-0.0000,0.0500,2650,0,1,
52.0735,12573,251505,4094,1807,0,1,0,2.5000,-0.2420,0.0000,0.0500,2.5000,-0.2420,-0.0000,0.0500,2651,0,1,
52.0936,12574,251525,4094,1807,0,1,0,2.5000,-0.2420,0.0000,0.0500,2.5000,-0.2420,-0.0000,0.0500,2652,0,1,
52.1136,12575,251545,4094,1807,0,1,0,2.5000,-0.2420,0.0000,0.0500,2.5000,-0.2420,0.0000,0.0500,2653,0,1,
52.1336,12576,251565,4094,1807,0,1,0,2.5000,-0.2420,0.0000,0.0500,2.5000,-0.2420,-0.0000,0.0500,2654,0,1,
52.1536,12577,251585,4073,1807,0,1,0,2.5000,-0.2420,0.0000,0.0500,2.5000,-0.2420,-0.0000,0.0500,2655,0,1,
52.1736,12578,251605,4028,1807,0,1,0,2.4912,-0.2420,0.0000,0.0500,2.4991,-0.2420,-0.0000,0.0500,2656,0,1,
52.1937,12579,251625,3969,1807,0,1,0,2.4170,-0.2420,0.0000,0.0500,2.4907,-0.2420,-0.0000,0.0500,2657,0,1,
52.2136,12580,251645,3900,1807,0,1,0,2.3302,-0.2420,0.0000,0.0500,2.4603,-0.2420,-0.0000,0.0500,2658,0,1,
52.2336,12581,251665,3829,1807,0,1,0,2.2409,-0.2420,0.0000,0.0500,2.4353,-0.2420,-0.0000,0.0500,2659,0,1,
52.2535,12582,251685,3765,1807,0,1,0,2.1604,-0.2420,0.0000,0.0500,2.4041,-0.2420,-0.0000,0.0500,2660,0,1,
52.2840,12583,251705,3702,1807,0,1,0,2.0811,-0.2420,0.0000,0.0500,2.3853,-0.2420,-0.0000,0.0500,2661,0,1,
52.2936,12584,251725,3648,1807,0,1,0,2.0132,-0.2420,0.0000,0.0500,2.3791,-0.2420,-0.0000,0.0500,2662,0,1,
52.3136,12585,251745,3600,1807,0,1,0,1.9528,-0.2420,0.0000,0.0500,2.3478,-0.2420,-0.0000,0.0500,2663,0,1,
52.3336,12586,251765,3561,1807,0,1,0,1.9038,-0.2420,0.0000,0.0500,2.3228,-0.2420,-0.0000,0.0500,2664,0,1,
52.3537,12587,251785,3535,1807,0,1,0,1.8711,-0.2420,0.0000,0.0500,2.2978,-0.2420,0.0000,0.0500,2665,0,1,
52.3737,12588,251805,3519,1807,0,1,0,1.8509,-0.2420,0.0000,0.0500,2.2666,-0.2420,-0.0000,0.0500,2666,0,1,
52.3936,12589,251825,3508,1807,0,1,0,1.8371,-0.2420,0.0000,0.0500,2.2416,-0.2420,-0.0000,0.0500,2667,0,1,
52.4136,12590,251845,3502,1807,0,1,0,1.8296,-0.2420,0.0000,0.0500,2.2103,-0.2420,-0.0000,0.0500,2668,0,1,
52.4337,12591,251865,3498,1807,0,1,0,1.8245,-0.2420,0.0000,0.0500,2.1853,-0.2420,0.0000,0.0500,2669,0,1,
52.4575,12592,251885,3495,1807,0,1,0,1.8208,-0.2420,0.0000,0.0500,2.1541,-0.2420,-0.0000,0.0500,2670,0,1,
52.4737,12593,251905,3492,1807,0,1,0,1.8170,-0.2420,0.0000,0.0500,2.1291,-0.2420,-0.0000,0.0500,2671,0,1,
52.4937,12594,251925,3491,1807,0,1,0,1.8157,-0.2420,0.0000,0.0500,2.1041,-0.2420,-0.0000,0.0500,2672,0,1,
52.5136,12595,251945,3488,1807,0,1,0,1.8119,-0.2420,0.0000,0.0500,2.0728,-0.2420,0.0000,0.0500,2673,0,1,
52.5414,12596,251965,3489,1807,0,1,0,1.8132,-0.2420,0.0000,0.0500,2.0603,-0.2420,-0.0000,0.0500,2674,0,1,
52.5536,12597,251985,3491,1807,0,1,0,1.8157,-0.2420,0.0000,0.0500,2.0478,-0.2420,-0.0000,0.0500,2675,0,1,
52.5736,12598,252005,3488,1807,0,1,0,1.8119,-0.2420,0.0000,0.0500,2.0166,-0.2420,-0.0000,0.0500,2676,0,1,
52.5937,12599,252025,3482,1807,0,1,0,1.8044,-0.2420,0.0000,0.0500,1.9916,-0.2420,-0.0000,0.0500,2677,0,1,
52.6173,12600,252045,3472,1807,0,1,0,1.7918,-0.2420,0.0000,0.0500,1.9541,-0.2420,-0.0000,0.0500,2678,0,1,
52.6337,12601,252065,3456,1807,0,1,0,1.7717,-0.2420,0.0000,0.0500,1.9353,-0.2420,-0.0000,0.0500,2679,0,1,
52.6536,12602,252085,3428,1807,0,1,0,1.7365,-0.2420,0.0000,0.0500,1.9041,-0.2420,-0.0000,0.0500,2680,0,1,
52.6736,12603,252105,3391,1807,0,1,0,1.6899,-0.2420,0.0000,0.0500,1.8791,-0.2420,-0.0000,0.0500,2681,0,1,
52.6936,12604,252125,3349,1808,0,1,0,1.6371,-0.2410,0.0000,0.0500,1.8541,-0.2419,-0.0000,0.0500,2682,0,1,
52.7136,12605,252145,3303,1807,0,1,0,1.5792,-0.2420,0.0000,0.0500,1.8228,-0.2417,-0.0000,0.0500,2683,0,1,
52.7337,12606,252165,3255,1807,0,1,0,1.5189,-0.2420,0.0000,0.0500,1.7978,-0.2418,-0.0000,0.0500,2684,0,1,
52.7537,12607,252185,3206,1807,0,1,0,1.4572,-0.2420,0.0000,0.0500,1.7728,-0.2419,0.0000,0.0500,2685,0,1,
52.7945,12609,252225,3106,1807,0,1,0,1.3314,-0.2420,0.0000,0.0500,1.7416,-0.2419,-0.0000,0.0500,2687,0,1,3.55
52.8137,12610,252245,3061,1808,0,1,0,1.2748,-0.2410,0.0000,0.0500,1.7103,-0.2419,-0.0000,0.0500,2688,0,1,
52.8336,12611,252265,3023,1807,0,1,0,1.2270,-0.2420,0.0000,0.0500,1.6853,-0.2417,-0.0000,0.0500,2689,0,1,
52.8537,12612,252285,2992,1807,0,1,0,1.1881,-0.2420,0.0000,0.0500,1.6603,-0.2418,0.0000,0.0500,2690,0,1,
52.8742,12613,252305,2966,1808,0,1,0,1.1553,-0.2410,0.0000,0.0500,1.6291,-0.2418,-0.0000,0.0500,2691,0,1,
52.8936,12614,252325,2947,1807,0,1,0,1.1314,-0.2420,0.0000,0.0500,1.6041,-0.2416,-0.0000,0.0500,2692,0,1,
52.9136,12615,252345,2933,1807,0,1,0,1.1138,-0.2420,0.0000,0.0500,1.5728,-0.2418,-0.0000,0.0500,2693,0,1,
52.9337,12616,252365,2922,1807,0,1,0,1.1000,-0.2420,0.0000,0.0500,1.5478,-0.2419,0.0000,0.0500,2694,0,1,
52.9537,12617,252385,2913,1807,0,1,0,1.0887,-0.2420,0.0000,0.0500,1.5166,-0.2419,-0.0000,0.0500,2695,0,1,
52.9736,12618,252405,2907,1807,0,1,0,1.0811,-0.2420,0.0000,0.0500,1.4916,-0.2420,-0.0000,0.0500,2696,0,1,
52.9937,12619,252425,2903,1807,0,1,0,1.0761,-0.2420,0.0000,0.0500,1.4666,-0.2420,-0.0000,0.0500,2697,0,1,
53.0137,12620,252445,2901,1806,0,1,0,1.0736,-0.2430,0.0000,0.0500,1.4353,-0.2421,0.0000,0.0500,2698,0,1,
53.0478,12621,252465,2900,1806,0,1,0,1.0723,-0.2430,0.0000,0.0500,1.4228,-0.2423,-0.0000,0.0500,2699,0,1,
53.0537,12622,252485,2900,1807,0,1,0,1.0723,-0.2420,0.0000,0.0500,1.4103,-0.2423,-0.0000,0.0500,2700,0,1,
53.0736,12623,252505,2899,1807,0,1,0,1.0711,-0.2420,0.0000,0.0500,1.3853,-0.2422,-0.0000,0.0500,2701,0,1,
53.0937,12624,252525,2898,1807,0,1,0,1.0698,-0.2420,0.0000,0.0500,1.3541,-0.2421,-0.0000,0.0500,2702,0,1,
53.1136,12625,252545,2898,1807,0,1,0,1.0698,-0.2420,0.0000,0.0500,1.3291,-0.2421,-0.0000,0.0500,2703,0,1,
53.1336,12626,252565,2899,1807,0,1,0,1.0711,-0.2420,0.0000,0.0500,1.2978,-0.2421,-0.0000,0.0500,2704,0,1,
53.1536,12627,252585,2898,1807,0,1,0,1.0698,-0.2420,0.0000,0.0500,1.2728,-0.2421,-0.0000,0.0500,2705,0,1,
53.1736,12628,252605,2898,1807,0,1,0,1.0698,-0.2420,0.0000,0.0500,1.2478,-0.2421,0.0000,0.0500,2706,0,1,
53.1936,12629,252625,2898,1806,0,1,0,1.0698,-0.2430,0.0000,0.0500,1.2166,-0.2421,-0.0000,0.0500,2707,0,1,
53.2146,12630,252645,2898,1806,0,1,0,1.0698,-0.2430,0.0000,0.0500,1.1853,-0.2425,-0.0000,0.0500,2708,0,1,
53.2336,12631,252665,2898,1807,0,1,0,1.0698,-0.2420,0.0000,0.0500,1.1603,-0.2426,-0.0000,0.0500,2709,0,1,
53.2538,12632,252685,2898,1807,0,1,0,1.0698,-0.2420,0.0000,0.0500,1.1353,-0.2424,0.0000,0.0500,2710,0,1,
53.2736,12633,252705,2898,1807,0,1,0,1.0698,-0.2420,0.0000,0.0500,1.1130,-0.2423,-0.0000,0.0500,2711,0,1,
53.2983,12634,252725,2897,1806,0,1,0,1.0686,-0.2430,0.0000,0.0500,1.1047,-0.2423,0.0000,0.0500,2712,0,1,
53.3136,12635,252745,2897,1807,0,1,0,1.0686,-0.2420,0.0000,0.0500,1.0949,-0.2424,-0.0000,0.0500,2713,0,1,
53.3337,12636,252765,2897,1807,0,1,0,1.0686,-0.2420,0.0000,0.0500,1.0858,-0.2423,-0.0000,0.0500,2714,0,1,
53.3538,12637,252785,2898,1807,0,1,0,1.0698,-0.2420,0.0000,0.0500,1.0789,-0.2422,0.0000,0.0500,2715,0,1,
53.3736,12638,252805,2898,1807,0,1,0,1.0698,-0.2420,0.0000,0.0500,1.0758,-0.2421,-0.0000,0.0500,2716,0,1,
53.3936,12639,252825,2897,1807,0,1,0,1.0686,-0.2420,0.0000,0.0500,1.0732,-0.2421,-0.0000,0.0500,2717,0,1,
53.4136,12640,252845,2897,1807,0,1,0,1.0686,-0.2420,0.0000,0.0500,1.0716,-0.2421,-0.0000,0.0500,2718,0,1,
53.4336,12641,252865,2897,1807,0,1,0,1.0686,-0.2420,0.0000,0.0500,1.0706,-0.2421,-0.0000,0.0500,2719,0,1,
53.4536,12642,252885,2896,1806,0,1,0,1.0673,-0.2430,0.0000,0.0500,1.0696,-0.2421,-0.0000,0.0500,2720,0,1,
53.4736,12643,252905,2895,1806,0,1,0,1.0660,-0.2430,0.0000,0.0500,1.0687,-0.2425,-0.0000,0.0500,2721,0,1,
53.4936,12644,252925,2892,1806,0,1,0,1.0623,-0.2430,0.0000,0.0500,1.0672,-0.2427,-0.0000,0.0500,2722,0,1,
53.5136,12645,252945,2888,1807,0,1,0,1.0572,-0.2420,0.0000,0.0500,1.0650,-0.2427,-0.0000,0.0500,2723,0,1,
53.5546,12646,252965,2881,1807,0,1,0,1.0484,-0.2420,0.0000,0.0500,1.0615,-0.2425,-0.0000,0.0500,2724,0,1,
53.5548,12647,252985,2873,1807,0,1,0,1.0384,-0.2420,0.0000,0.0500,1.0591,-0.2424,-0.0000,0.0500,2725,0,1,
53.5737,12648,253005,2864,1807,0,1,0,1.0270,-0.2420,0.0000,0.0500,1.0509,-0.2423,-0.0000,0.0500,2726,0,1,
53.5936,12649,253025,2851,1807,0,1,0,1.0107,-0.2420,0.0000,0.0500,1.0410,-0.2422,0.0000,0.0500,2727,0,1,
53.6136,12650,253045,2837,1807,0,1,0,0.9931,-0.2420,0.0000,0.0500,1.0269,-0.2421,-0.0000,0.0500,2728,0,1,
53.6336,12651,253065,2819,1807,0,1,0,0.9704,-0.2420,0.0000,0.0500,1.0130,-0.2421,-0.0000,0.0500,2729,0,1,
53.6537,12652,253085,2801,1807,0,1,0,0.9478,-0.2420,0.0000,0.0500,0.9961,-0.2421,-0.0000,0.0500,2730,0,1,
53.6736,12653,253105,2781,1807,0,1,0,0.9226,-0.2420,0.0000,0.0500,0.9738,-0.2421,0.0000,0.0500,2731,0,1,
53.6937,12654,253125,2763,1807,0,1,0,0.9000,-0.2420,0.0000,0.0500,0.9539,-0.2420,-0.0000,0.0500,2732,0,1,
53.7136,12655,253145,2743,1807,0,1,0,0.8748,-0.2420,0.0000,0.0500,0.9293,-0.2420,-0.0000,0.0500,2733,0,1,
53.7336,12656,253165,2722,1807,0,1,0,0.8484,-0.2420,0.0000,0.0500,0.9083,-0.2420,-0.0000,0.0500,2734,0,1,
53.7537,12657,253185,2701,1807,0,1,0,0.8220,-0.2420,0.0000,0.0500,0.8815,-0.2420,0.0000,0.0500,2735,0,1,
53.7736,12658,253205,2680,1805,0,1,0,0.7956,-0.2440,0.0000,0.0500,0.8591,-0.2422,-0.0000,0.0500,2736,0,1,
53.8048,12659,253225,2659,1806,0,1,0,0.7692,-0.2430,0.0000,0.0500,0.8409,-0.2426,0.0000,0.0500,2737,0,1,2.11
53.8137,12660,253245,2641,1806,0,1,0,0.7465,-0.2430,0.0000,0.0500,0.8346,-0.2427,-0.0000,0.0500,2738,0,1,
53.8337,12661,253265,2624,1806,0,1,0,0.7252,-0.2430,0.0000,0.0500,0.8034,-0.2428,0.0000,0.0500,2739,0,1,
53.8536,12662,253285,2610,1807,0,1,0,0.7075,-0.2420,0.0000,0.0500,0.7784,-0.2428,-0.0000,0.0500,2740,0,1,
53.8737,12663,253305,2600,1807,0,1,0,0.6950,-0.2420,0.0000,0.0500,0.7488,-0.2425,-0.0000,0.0500,2741,0,1,
53.8936,12664,253325,2587,1807,0,1,0,0.6786,-0.2420,0.0000,0.0500,0.7287,-0.2423,-0.0000,0.0500,2742,0,1,
53.9136,12665,253345,2577,1807,0,1,0,0.6660,-0.2420,0.0000,0.0500,0.7069,-0.2422,0.0000,0.0500,2743,0,1,
53.9337,12666,253365,2570,1807,0,1,0,0.6572,-0.2420,0.0000,0.0500,0.6920,-0.2421,-0.0000,0.0500,2744,0,1,
53.9536,12667,253385,2566,1807,0,1,0,0.6522,-0.2420,0.0000,0.0500,0.6795,-0.2421,-0.0000,0.0500,2745,0,1,
53.9736,12668,253405,2563,1807,0,1,0,0.6484,-0.2420,0.0000,0.0500,0.6680,-0.2421,-0.0000,0.0500,2746,0,1,
53.9937,12669,253425,2561,1807,0,1,0,0.6459,-0.2420,0.0000,0.0500,0.6610,-0.2421,-0.0000,0.0500,2747,0,1,
54.0136,12670,253445,2560,1807,0,1,0,0.6447,-0.2420,0.0000,0.0500,0.6547,-0.2420,-0.0000,0.0500,2748,0,1,
54.0337,12671,253465,2559,1807,0,1,0,0.6434,-0.2420,0.0000,0.0500,0.6511,-0.2420,-0.0000,0.0500,2749,0,1,
54.0616,12672,253485,2559,1807,0,1,0,0.6434,-0.2420,0.0000,0.0500,0.6503,-0.2420,-0.0000,0.0500,2750,0,1,
54.0736,12673,253505,2559,1808,0,1,0,0.6434,-0.2410,0.0000,0.0500,0.6485,-0.2419,0.0000,0.0500,2751,0,1,
54.0936,12674,253525,2559,1808,0,1,0,0.6434,-0.2410,0.0000,0.0500,0.6464,-0.2416,-0.0000,0.0500,2752,0,1,
54.1137,12675,253545,2559,1807,0,1,0,0.6434,-0.2420,0.0000,0.0500,0.6454,-0.2415,-0.0000,0.0500,2753,0,1,
54.1336,12676,253565,2558,1807,0,1,0,0.6421,-0.2420,0.0000,0.0500,0.6446,-0.2417,-0.0000,0.0500,2754,0,1,
54.1537,12677,253585,2558,1807,0,1,0,0.6421,-0.2420,0.0000,0.0500,0.6436,-0.2418,0.0000,0.0500,2755,0,1,
54.1736,12678,253605,2558,1807,0,1,0,0.6421,-0.2420,0.0000,0.0500,0.6431,-0.2419,-0.0000,0.0500,2756,0,1,
54.1936,12679,253625,2558,1807,0,1,0,0.6421,-0.2420,0.0000,0.0500,0.6427,-0.2419,-0.0000,0.0500,2757,0,1,
54.2137,12680,253645,2558,1808,0,1,0,0.6421,-0.2410,0.0000,0.0500,0.6425,-0.2419,-0.0000,0.0500,2758,0,1,
54.2336,12681,253665,2558,1808,0,1,0,0.6421,-0.2410,0.0000,0.0500,0.6424,-0.2415,-0.0000,0.0500,2759,0,1,
54.2536,12682,253685,2558,1807,0,1,0,0.6421,-0.2420,0.0000,0.0500,0.6423,-0.2415,-0.0000,0.0500,2760,0,1,
54.2737,12683,253705,2558,1807,0,1,0,0.6421,-0.2420,0.0000,0.0500,0.6422,-0.2417,-0.0000,0.0500,2761,0,1,
54.3047,12684,253725,2558,1807,0,1,0,0.6421,-0.2420,0.0000,0.0500,0.6422,-0.2418,-0.0000,0.0500,2762,0,1,
54.3137,12685,253745,2558,1807,0,1,0,0.6421,-0.2420,0.0000,0.0500,0.6422,-0.2418,0.0000,0.0500,2763,0,1,
54.3336,12686,253765,2558,1807,0,1,0,0.6421,-0.2420,0.0000,0.0500,0.6422,-0.2419,-0.0000,0.0500,2764,0,1,
54.3536,12687,253785,2558,1807,0,1,0,0.6421,-0.2420,0.0000,0.0500,0.6422,-0.2419,-0.0000,0.0500,2765,0,1,
54.3736,12688,253805,2558,1807,0,1,0,0.6421,-0.2420,0.0000,0.0500,0.6422,-0.2420,-0.0000,0.0500,2766,0,1,
54.3937,12689,253825,2558,1807,0,1,0,0.6421,-0.2420,0.0000,0.0500,0.6421,-0.2420,0.0000,0.0500,2767,0,1,
54.4138,12690,253845,2558,1807,0,1,0,0.6421,-0.2420,0.0000,0.0500,0.6421,-0.2420,-0.0000,0.0500,2768,0,1,
54.4336,12691,253865,2558,1807,0,1,0,0.6421,-0.2420,0.0000,0.0500,0.6421,-0.2420,-0.0000,0.0500,2769,0,1,
54.4537,12692,253885,2558,1807,0,1,0,0.6421,-0.2420,0.0000,0.0500,0.6421,-0.2420,-0.0000,0.0500,2770,0,1,
54.4736,12693,253905,2558,1807,0,1,0,0.6421,-0.2420,0.0000,0.0500,0.6421,-0.2420,-0.0000,0.0500,2771,0,1,
54.4937,12694,253925,2558,1807,0,1,0,0.6421,-0.2420,0.0000,0.0500,0.6421,-0.2420,-0.0000,0.0500,2772,0,1,
54.5136,12695,253945,2558,1807,0,1,0,0.6421,-0.2420,0.0000,0.0500,0.6421,-0.2420,-0.0000,0.0500,2773,0,1,
54.5336,12696,253965,2558,1807,0,1,0,0.6421,-0.2420,0.0000,0.0500,0.6421,-0.2420,-0.0000,0.0500,2774,0,1,
54.5617,12697,253985,2558,1807,0,1,0,0.6421,-0.2420,0.0000,0.0500,0.6421,-0.2420,-0.0000,0.0500,2775,0,1,
54.5737,12698,254005,2558,1807,0,1,0,0.6421,-0.2420,0.0000,0.0500,0.6421,-0.2420,-0.0000,0.0500,2776,0,1,
54.5937,12699,254025,2558,1807,0,1,0,0.6421,-0.2420,0.0000,0.0500,0.6421,-0.2420,-0.0000,0.0500,2777,0,1,
54.6137,12700,254045,2558,1807,0,1,0,0.6421,-0.2420,0.0000,0.0500,0.6421,-0.2420,-0.0000,0.0500,2778,0,1,
54.6337,12701,254065,2558,1807,0,1,0,0.6421,-0.2420,0.0000,0.0500,0.6421,-0.2420,-0.0000,0.0500,2779,0,1,
54.6536,12702,254085,2558,1807,0,1,0,0.6421,-0.2420,0.0000,0.0500,0.6421,-0.2420,-0.0000,0.0500,2780,0,1,
54.6737,12703,254105,2558,1807,0,1,0,0.6421,-0.2420,0.0000,0.0500,0.6421,-0.2420,-0.0000,0.0500,2781,0,1,
54.6937,12704,254125,2558,1807,0,1,0,0.6421,-0.2420,0.0000,0.0500,0.6421,-0.2420,-0.0000,0.0500,2782,0,1,
54.7136,12705,254145,2558,1808,0,1,0,0.6421,-0.2410,0.0000,0.0500,0.6421,-0.2419,0.0000,0.0500,2783,0,1,
54.7336,12706,254165,2558,1808,0,1,0,0.6421,-0.2410,0.0000,0.0500,0.6421,-0.2416,-0.0000,0.0500,2784,0,1,
54.7536,12707,254185,2558,1808,0,1,0,0.6421,-0.2410,0.0000,0.0500,0.6421,-0.2414,-0.0000,0.0500,2785,0,1,
54.7737,12708,254205,2558,1807,0,1,0,0.6421,-0.2420,0.0000,0.0500,0.6421,-0.2414,-0.0000,0.0500,2786,0,1,
54.8185,12710,254245,2558,1807,0,1,0,0.6421,-0.2420,0.0000,0.0500,0.6421,-0.2416,0.0000,0.0500,2788,0,1,13.79
54.8336,12711,254265,2558,1807,0,1,0,0.6421,-0.2420,0.0000,0.0500,0.6421,-0.2418,-0.0000,0.0500,2789,0,1,
54.8537,12712,254285,2558,1807,0,1,0,0.6421,-0.2420,0.0000,0.0500,0.6421,-0.2419,-0.0000,0.0500,2790,0,1,
54.8737,12713,254305,2558,1807,0,1,0,0.6421,-0.2420,0.0000,0.0500,0.6421,-0.2419,-0.0000,0.0500,2791,0,1,
54.8936,12714,254325,2558,1807,0,1,0,0.6421,-0.2420,0.0000,0.0500,0.6421,-0.2420,-0.0000,0.0500,2792,0,1,
54.9136,12715,254345,2558,1807,0,1,0,0.6421,-0.2420,0.0000,0.0500,0.6421,-0.2420,-0.0000,0.0500,2793,0,1,
54.9337,12716,254365,2558,1807,0,1,0,0.6421,-0.2420,0.0000,0.0500,0.6421,-0.2420,-0.0000,0.0500,2794,0,1,
54.9537,12717,254385,2558,1807,0,1,0,0.6421,-0.2420,0.0000,0.0500,0.6421,-0.2420,0.0000,0.0500,2795,0,1,
54.9736,12718,254405,2558,1806,0,1,0,0.6421,-0.2430,0.0000,0.0500,0.6421,-0.2421,-0.0000,0.0500,2796,0,1,
54.9936,12719,254425,2558,1806,0,1,0,0.6421,-0.2430,0.0000,0.0500,0.6421,-0.2424,-0.0000,0.0500,2797,0,1,
55.0136,12720,254445,2558,1807,0,1,0,0.6421,-0.2420,0.0000,0.0500,0.6421,-0.2426,-0.0000,0.0500,2798,0,1,
55.0337,12721,254465,2558,1807,0,1,0,0.6421,-0.2420,0.0000,0.0500,0.6421,-0.2424,0.0000,0.0500,2799,0,1,
55.0615,12722,254485,2558,1807,0,1,0,0.6421,-0.2420,0.0000,0.0500,0.6421,-0.2423,-0.0000,0.0500,2800,0,1,
55.0737,12723,254505,2558,1807,0,1,0,0.6421,-0.2420,0.0000,0.0500,0.6421,-0.2422,-0.0000,0.0500,2801,0,1,
55.0935,12724,254525,2558,1807,0,1,0,0.6421,-0.2420,0.0000,0.0500,0.6421,-0.2422,-0.0000,0.0500,2802,0,1,
55.1136,12725,254545,2558,1807,0,1,0,0.6421,-0.2420,0.0000,0.0500,0.6421,-0.2421,-0.0000,0.0500,2803,0,1,
55.1336,12726,254565,2558,1807,0,1,0,0.6421,-0.2420,0.0000,0.0500,0.6421,-0.2421,0.0000,0.0500,2804,0,1,
55.1537,12727,254585,2559,1805,0,1,0,0.6434,-0.2440,0.0000,0.0500,0.6423,-0.2423,-0.0000,0.0500,2805,0,1,
55.1736,12728,254605,2559,1800,0,1,0,0.6434,-0.2491,0.0000,0.0500,0.6427,-0.2435,-0.0000,0.0500,2806,0,1,
55.1937,12729,254625,2559,1792,0,1,0,0.6434,-0.2571,0.0000,0.0500,0.6430,-0.2462,-0.0000,0.0500,2807,0,1,
55.2136,12730,254645,2559,1774,0,1,0,0.6434,-0.2752,0.0000,0.0500,0.6431,-0.2525,0.0000,0.0499,2808,0,1,
55.2337,12731,254665,2559,1752,0,1,0,0.6434,-0.2974,0.0000,0.0500,0.6432,-0.2625,0.0000,0.0497,2809,0,1,
55.2537,12732,254685,2559,1726,0,1,0,0.6434,-0.3235,0.0000,0.0500,0.6433,-0.2770,0.0000,0.0495,2810,0,1,
55.2736,12733,254705,2559,1693,0,1,0,0.6434,-0.3567,0.0000,0.0500,0.6433,-0.2980,0.0000,0.0497,2811,0,1,
55.2936,12734,254725,2559,1659,0,1,0,0.6434,-0.3909,0.0000,0.0500,0.6434,-0.3179,-0.0000,0.0498,2812,0,1,
55.3190,12735,254745,2560,1626,0,1,0,0.6447,-0.4242,0.0000,0.0500,0.6435,-0.3279,-0.0000,0.0498,2813,0,1,
55.3337,12736,254765,2559,1592,0,1,0,0.6434,-0.4584,0.0000,0.0500,0.6437,-0.3429,-0.0000,0.0499,2814,0,1,
55.3536,12737,254785,2559,1559,0,1,0,0.6434,-0.4916,0.0000,0.0500,0.6436,-0.3629,-0.0000,0.0499,2815,0,1,
55.3737,12738,254805,2559,1529,0,1,0,0.6434,-0.5218,0.0000,0.0500,0.6435,-0.3879,-0.0000,0.0499,2816,0,1,
55.3936,12739,254825,2559,1501,0,1,0,0.6434,-0.5499,0.0000,0.0500,0.6435,-0.4079,-0.0000,0.0500,2817,0,1,
55.4137,12740,254845,2559,1476,0,1,0,0.6434,-0.5751,0.0000,0.0500,0.6434,-0.4329,-0.0000,0.0500,2818,0,1,
55.4336,12741,254865,2559,1457,0,1,0,0.6434,-0.5942,0.0000,0.0500,0.6434,-0.4529,0.0000,0.0500,2819,0,1,
55.4537,12742,254885,2559,1442,0,1,0,0.6434,-0.6093,0.0000,0.0500,0.6434,-0.4729,-0.0000,0.0500,2820,0,1,
55.4737,12743,254905,2559,1433,0,1,0,0.6434,-0.6184,0.0000,0.0500,0.6434,-0.4979,-0.0000,0.0500,2821,0,1,
55.4937,12744,254925,2559,1427,0,1,0,0.6434,-0.6244,0.0000,0.0500,0.6434,-0.5180,-0.0000,0.0500,2822,0,1,
55.5136,12745,254945,2559,1423,0,1,0,0.6434,-0.6284,0.0000,0.0500,0.6434,-0.5430,-0.0000,0.0500,2823,0,1,
55.5336,12746,254965,2559,1420,0,1,0,0.6434,-0.6314,0.0000,0.0500,0.6434,-0.5630,-0.0000,0.0500,2824,0,1,
55.5685,12747,254985,2559,1417,0,1,0,0.6434,-0.6345,0.0000,0.0500,0.6434,-0.5830,-0.0000,0.0500,2825,0,1,
55.5755,12748,255005,2559,1416,0,1,0,0.6434,-0.6355,0.0000,0.0500,0.6434,-0.5880,0.0000,0.0500,2826,0,1,
55.5936,12749,255025,2558,1416,0,1,0,0.6421,-0.6355,0.0000,0.0500,0.6433,-0.6043,-0.0000,0.0500,2827,0,1,
55.6137,12750,255045,2558,1415,0,1,0,0.6421,-0.6365,0.0000,0.0500,0.6429,-0.6151,-0.0000,0.0500,2828,0,1,
55.6337,12751,255065,2558,1414,0,1,0,0.6421,-0.6375,0.0000,0.0500,0.6426,-0.6226,-0.0000,0.0500,2829,0,1,
55.6536,12752,255085,2558,1414,0,1,0,0.6421,-0.6375,0.0000,0.0500,0.6424,-0.6287,0.0000,0.0500,2830,0,1,
55.6737,12753,255105,2558,1414,0,1,0,0.6421,-0.6375,0.0000,0.0500,0.6423,-0.6317,-0.0000,0.0500,2831,0,1,
55.6936,12754,255125,2558,1413,0,1,0,0.6421,-0.6385,0.0000,0.0500,0.6423,-0.6338,-0.0000,0.0500,2832,0,1,
55.7136,12755,255145,2558,1414,0,1,0,0.6421,-0.6375,0.0000,0.0500,0.6422,-0.6356,-0.0000,0.0500,2833,0,1,
55.7337,12756,255165,2558,1417,0,1,0,0.6421,-0.6345,0.0000,0.0500,0.6422,-0.6360,-0.0000,0.0500,2834,0,1,
55.7536,12757,255185,2558,1421,0,1,0,0.6421,-0.6304,0.0000,0.0500,0.6422,-0.6350,-0.0000,0.0500,2835,0,1,
55.7737,12758,255205,2558,1430,0,1,0,0.6421,-0.6214,0.0000,0.0500,0.6422,-0.6325,-0.0000,0.0500,2836,0,1,
55.7937,12759,255225,2558,1441,0,1,0,0.6421,-0.6103,0.0000,0.0500,0.6421,-0.6269,0.0000,0.0500,2837,0,1,
55.8252,12760,255245,2558,1457,0,1,0,0.6421,-0.5942,0.0000,0.0500,0.6421,-0.6221,0.0000,0.0500,2838,0,1,6.84
55.8338,12761,255265,2558,1478,0,1,0,0.6421,-0.5731,0.0000,0.0500,0.6421,-0.6147,0.0000,0.0500,2839,0,1,
55.8536,12762,255285,2558,1498,0,1,0,0.6421,-0.5530,0.0000,0.0500,0.6421,-0.5956,0.0000,0.0500,2840,0,1,
55.8736,12763,255305,2558,1526,0,1,0,0.6421,-0.5248,0.0000,0.0500,0.6421,-0.5791,-0.0000,0.0500,2841,0,1,
55.8936,12764,255325,2558,1556,0,1,0,0.6421,-0.4946,0.0000,0.0500,0.6421,-0.5557,0.0000,0.0500,2842,0,1,
55.9137,12765,255345,2558,1587,0,1,0,0.6421,-0.4634,0.0000,0.0500,0.6421,-0.5357,0.0000,0.0500,2843,0,1,
55.9366,12766,255365,2558,1620,0,1,0,0.6421,-0.4302,0.0000,0.0500,0.6421,-0.5107,0.0000,0.0500,2844,0,1,
55.9537,12767,255385,2558,1653,0,1,0,0.6421,-0.3970,0.0000,0.0500,0.6421,-0.4957,0.0000,0.0500,2845,0,1,
55.9736,12768,255405,2557,1689,0,1,0,0.6409,-0.3608,0.0000,0.0500,0.6420,-0.4708,0.0000,0.0500,2846,0,1,
55.9938,12769,255425,2557,1725,0,1,0,0.6409,-0.3245,0.0000,0.0500,0.6416,-0.4508,0.0000,0.0500,2847,0,1,
56.0137,12770,255445,2558,1755,0,1,0,0.6421,-0.2943,0.0000,0.0500,0.6414,-0.4258,0.0000,0.0500,2848,0,1,
56.0336,12771,255465,2558,1786,0,1,0,0.6421,-0.2631,0.0000,0.0500,0.6417,-0.4058,0.0000,0.0500,2849,0,1,
56.0537,12772,255485,2558,1814,0,1,0,0.6421,-0.2350,0.0000,0.0500,0.6418,-0.3858,0.0000,0.0500,2850,0,1,
56.0823,12773,255505,2558,1835,0,1,0,0.6421,-0.2138,0.0000,0.0500,0.6419,-0.3758,0.0000,0.0500,2851,0,1,
56.0937,12774,255525,2558,1849,0,1,0,0.6421,-0.1997,0.0000,0.0500,0.6419,-0.3658,0.0000,0.0500,2852,0,1,
56.1137,12775,255545,2558,1858,0,1,0,0.6421,-0.1907,0.0000,0.0500,0.6420,-0.3408,0.0000,0.0500,2853,0,1,
56.1337,12776,255565,2558,1865,0,1,0,0.6421,-0.1836,0.0000,0.0500,0.6421,-0.3208,0.0000,0.0500,2854,0,1,
56.1536,12777,255585,2558,1869,0,1,0,0.6421,-0.1796,0.0000,0.0500,0.6421,-0.3009,0.0000,0.0500,2855,0,1,
56.1736,12778,255605,2558,1871,0,1,0,0.6421,-0.1776,0.0000,0.0500,0.6421,-0.2759,0.0000,0.0500,2856,0,1,
56.1936,12779,255625,2558,1872,0,1,0,0.6421,-0.1766,0.0000,0.0500,0.6421,-0.2559,0.0000,0.0500,2857,0,1,
56.2136,12780,255645,2558,1872,0,1,0,0.6421,-0.1766,0.0000,0.0500,0.6421,-0.2359,0.0000,0.0500,2858,0,1,
56.2336,12781,255665,2558,1874,0,1,0,0.6421,-0.1746,0.0000,0.0500,0.6421,-0.2123,0.0000,0.0500,2859,0,1,
56.2536,12782,255685,2558,1874,0,1,0,0.6421,-0.1746,0.0000,0.0500,0.6421,-0.1993,0.0000,0.0500,2860,0,1,
56.2736,12783,255705,2558,1874,0,1,0,0.6421,-0.1746,0.0000,0.0500,0.6421,-0.1892,-0.0000,0.0500,2861,0,1,
56.2936,12784,255725,2558,1874,0,1,0,0.6421,-0.1746,0.0000,0.0500,0.6421,-0.1842,-0.0000,0.0500,2862,0,1,
56.3322,12785,255745,2558,1874,0,1,0,0.6421,-0.1746,0.0000,0.0500,0.6421,-0.1816,-0.0000,0.0500,2863,0,1,
56.3337,12786,255765,2558,1875,0,1,0,0.6421,-0.1736,0.0000,0.0500,0.6421,-0.1808,-0.0000,0.0500,2864,0,1,
56.3536,12787,255785,2558,1878,0,1,0,0.6421,-0.1706,0.0000,0.0500,0.6421,-0.1780,-0.0000,0.0500,2865,0,1,
56.3736,12788,255805,2558,1878,0,1,0,0.6421,-0.1706,0.0000,0.0500,0.6421,-0.1750,-0.0000,0.0500,2866,0,1,
56.3936,12789,255825,2558,1877,0,1,0,0.6421,-0.1716,0.0000,0.0500,0.6421,-0.1736,0.0000,0.0500,2867,0,1,
56.4137,12790,255845,2558,1876,0,1,0,0.6421,-0.1726,0.0000,0.0500,0.6421,-0.1730,-0.0000,0.0500,2868,0,1,
56.4337,12791,255865,2558,1876,0,1,0,0.6421,-0.1726,0.0000,0.0500,0.6421,-0.1728,-0.0000,0.0500,2869,0,1,
56.4536,12792,255885,2558,1880,0,1,0,0.6421,-0.1686,0.0000,0.0500,0.6421,-0.1723,-0.0000,0.0500,2870,0,1,
56.4737,12793,255905,2558,1887,0,1,0,0.6421,-0.1615,0.0000,0.0500,0.6421,-0.1701,-0.0000,0.0500,2871,0,1,
56.4936,12794,255925,2558,1898,0,1,0,0.6421,-0.1504,0.0000,0.0500,0.6421,-0.1660,-0.0000,0.0500,2872,0,1,
56.5136,12795,255945,2558,1914,0,1,0,0.6421,-0.1343,0.0000,0.0500,0.6421,-0.1591,0.0000,0.0500,2873,0,1,
56.5336,12796,255965,2558,1933,0,1,0,0.6421,-0.1152,0.0000,0.0500,0.6421,-0.1470,-0.0000,0.0500,2874,0,1,
56.5537,12797,255985,2558,1955,0,1,0,0.6421,-0.0931,0.0000,0.0500,0.6421,-0.1339,0.0000,0.0500,2875,0,1,
56.5822,12798,256005,2558,1981,0,1,0,0.6421,-0.0669,0.0000,0.0500,0.6421,-0.1289,0.0000,0.0500,2876,0,1,
56.5936,12799,256025,2558,2008,0,1,0,0.6421,-0.0397,0.0000,0.0500,0.6421,-0.1139,0.0000,0.0500,2877,0,1,
56.6136,12800,256045,2558,2031,0,1,0,0.6421,-0.0166,0.0000,0.0500,0.6421,-0.0939,0.0000,0.0500,2878,0,1,
56.6336,12801,256065,2558,2055,0,1,0,0.6421,0.0075,0.0000,0.0500,0.6421,-0.0739,0.0000,0.0500,2879,0,1,
56.6537,12802,256085,2558,2076,0,1,0,0.6421,0.0287,0.0000,0.0500,0.6421,-0.0489,0.0000,0.0500,2880,0,1,
56.6737,12803,256105,2559,2097,0,1,0,0.6434,0.0498,0.0000,0.0500,0.6423,-0.0289,0.0000,0.0500,2881,0,1,
56.6936,12804,256125,2558,2119,0,1,0,0.6421,0.0719,0.0000,0.0500,0.6426,-0.0039,0.0000,0.0500,2882,0,1,
56.7136,12805,256145,2558,2139,0,1,0,0.6421,0.0921,0.0000,0.0500,0.6424,0.0161,0.0000,0.0500,2883,0,1,
56.7336,12806,256165,2558,2156,0,1,0,0.6421,0.1092,0.0000,0.0500,0.6423,0.0361,0.0000,0.0500,2884,0,1,
56.7537,12807,256185,2559,2168,0,1,0,0.6434,0.1213,0.0000,0.0500,0.6424,0.0611,0.0000,0.0500,2885,0,1,
56.7737,12808,256205,2559,2177,0,1,0,0.6434,0.1303,0.0000,0.0500,0.6427,0.0811,0.0000,0.0500,2886,0,1,
56.7975,12809,256225,2559,2182,0,1,0,0.6434,0.1353,0.0000,0.0500,0.6430,0.1047,0.0000,0.0500,2887,0,1,
56.8321,12810,256245,2559,2185,0,1,0,0.6434,0.1384,0.0000,0.0500,0.6431,0.1108,0.0000,0.0500,2888,0,1,
56.8346,12811,256265,2559,2187,0,1,0,0.6434,0.1404,0.0000,0.0500,0.6431,0.1138,0.0000,0.0500,2889,0,1,2.41
56.8538,12812,256285,2558,2188,0,1,0,0.6421,0.1414,0.0000,0.0500,0.6431,0.1230,-0.0000,0.0500,2890,0,1,
56.8738,12813,256305,2558,2186,0,1,0,0.6421,0.1394,0.0000,0.0500,0.6427,0.1304,-0.0000,0.0500,2891,0,1,
56.8936,12814,256325,2558,2183,0,1,0,0.6421,0.1364,0.0000,0.0500,0.6425,0.1332,-0.0000,0.0500,2892,0,1,
56.9136,12815,256345,2558,2177,0,1,0,0.6421,0.1303,0.0000,0.0500,0.6424,0.1339,-0.0000,0.0500,2893,0,1,
56.9337,12816,256365,2558,2170,0,1,0,0.6421,0.1233,0.0000,0.0500,0.6423,0.1320,-0.0000,0.0500,2894,0,1,
56.9536,12817,256385,2558,2158,0,1,0,0.6421,0.1112,0.0000,0.0500,0.6422,0.1278,-0.0000,0.0500,2895,0,1,
56.9737,12818,256405,2558,2146,0,1,0,0.6421,0.0991,0.0000,0.0500,0.6422,0.1198,0.0000,0.0500,2896,0,1,
56.9936,12819,256425,2558,2132,0,1,0,0.6421,0.0850,0.0000,0.0500,0.6422,0.1113,0.0000,0.0500,2897,0,1,
57.0137,12820,256445,2558,2117,0,1,0,0.6421,0.0699,0.0000,0.0500,0.6422,0.0990,0.0000,0.0499,2898,0,1,
57.0337,12821,256465,2558,2098,0,1,0,0.6421,0.0508,0.0000,0.0500,0.6422,0.0871,0.0000,0.0498,2899,0,1,
57.0536,12822,256485,2558,2076,0,1,0,0.6421,0.0287,0.0000,0.0500,0.6421,0.0724,0.0000,0.0496,2900,0,1,
57.0822,12823,256505,2558,2054,0,1,0,0.6421,0.0065,0.0000,0.0500,0.6421,0.0630,-0.0000,0.0497,2901,0,1,
57.0936,12824,256525,2558,2035,0,1,0,0.6421,-0.0126,0.0000,0.0500,0.6421,0.0580,-0.0000,0.0497,2902,0,1,
57.1170,12825,256545,2558,2019,0,1,0,0.6421,-0.0287,0.0000,0.0500,0.6421,0.0281,-0.0000,0.0498,2903,0,1,
57.1336,12826,256565,2558,2004,0,1,0,0.6421,-0.0438,0.0000,0.0500,0.6421,0.0131,-0.0000,0.0499,2904,0,1,
57.1537,12827,256585,2558,1990,0,1,0,0.6421,-0.0579,0.0000,0.0500,0.6421,-0.0108,-0.0000,0.0499,2905,0,1,
57.1737,12828,256605,2558,1977,0,1,0,0.6421,-0.0709,0.0000,0.0500,0.6421,-0.0283,-0.0000,0.0500,2906,0,1,
57.1937,12829,256625,2558,1965,0,1,0,0.6421,-0.0830,0.0000,0.0500,0.6421,-0.0470,-0.0000,0.0500,2907,0,1,
57.2136,12830,256645,2558,1955,0,1,0,0.6421,-0.0931,0.0000,0.0500,0.6421,-0.0604,-0.0000,0.0500,2908,0,1,
57.2337,12831,256665,2558,1949,0,1,0,0.6421,-0.0991,0.0000,0.0500,0.6421,-0.0722,-0.0000,0.0500,2909,0,1,
57.2537,12832,256685,2558,1945,0,1,0,0.6421,-0.1031,0.0000,0.0500,0.6421,-0.0837,0.0000,0.0500,2910,0,1,
57.2736,12833,256705,2558,1942,0,1,0,0.6421,-0.1062,0.0000,0.0500,0.6421,-0.0907,-0.0000,0.0500,2911,0,1,
57.2937,12834,256725,2558,1940,0,1,0,0.6421,-0.1082,0.0000,0.0500,0.6421,-0.0972,0.0000,0.0500,2912,0,1,
57.3391,12836,256765,2558,1938,0,1,0,0.6421,-0.1102,0.0000,0.0500,0.6421,-0.1012,-0.0000,0.0500,2914,0,1,
57.3536,12837,256785,2558,1938,0,1,0,0.6421,-0.1102,0.0000,0.0500,0.6421,-0.1043,-0.0000,0.0500,2915,0,1,
57.3736,12838,256805,2558,1937,0,1,0,0.6421,-0.1112,0.0000,0.0500,0.6421,-0.1064,-0.0000,0.0500,2916,0,1,
57.3936,12839,256825,2558,1937,0,1,0,0.6421,-0.1112,0.0000,0.0500,0.6421,-0.1084,0.0000,0.0500,2917,0,1,
57.4137,12840,256845,2558,1937,0,1,0,0.6421,-0.1112,0.0000,0.0500,0.6421,-0.1094,-0.0000,0.0500,2918,0,1,
57.4336,12841,256865,2559,1938,0,1,0,0.6434,-0.1102,0.0000,0.0500,0.6423,-0.1099,-0.0000,0.0500,2919,0,1,
57.4537,12842,256885,2559,1938,0,1,0,0.6434,-0.1102,0.0000,0.0500,0.6427,-0.1100,-0.0000,0.0500,2920,0,1,
57.4737,12843,256905,2559,1938,0,1,0,0.6434,-0.1102,0.0000,0.0500,0.6430,-0.1101,0.0000,0.0500,2921,0,1,
57.4937,12844,256925,2559,1938,0,1,0,0.6434,-0.1102,0.0000,0.0500,0.6431,-0.1101,-0.0000,0.0500,2922,0,1,
57.5137,12845,256945,2559,1938,0,1,0,0.6434,-0.1102,0.0000,0.0500,0.6432,-0.1102,-0.0000,0.0500,2923,0,1,
57.5337,12846,256965,2558,1938,0,1,0,0.6421,-0.1102,0.0000,0.0500,0.6432,-0.1102,-0.0000,0.0500,2924,0,1,
57.5538,12847,256985,2559,1937,0,1,0,0.6434,-0.1112,0.0000,0.0500,0.6429,-0.1103,-0.0000,0.0500,2925,0,1,
57.5889,12848,257005,2559,1937,0,1,0,0.6434,-0.1112,0.0000,0.0500,0.6431,-0.1105,-0.0000,0.0500,2926,0,1,
57.5938,12849,257025,2559,1938,0,1,0,0.6434,-0.1102,0.0000,0.0500,0.6431,-0.1106,-0.0000,0.0500,2927,0,1,
57.6136,12850,257045,2559,1938,0,1,0,0.6434,-0.1102,0.0000,0.0500,0.6432,-0.1104,-0.0000,0.0500,2928,0,1,
57.6336,12851,257065,2559,1937,0,1,0,0.6434,-0.1112,0.0000,0.0500,0.6433,-0.1105,-0.0000,0.0500,2929,0,1,
57.6537,12852,257085,2559,1937,0,1,0,0.6434,-0.1112,0.0000,0.0500,0.6433,-0.1108,-0.0000,0.0500,2930,0,1,
57.6736,12853,257105,2558,1937,0,1,0,0.6421,-0.1112,0.0000,0.0500,0.6432,-0.1109,-0.0000,0.0500,2931,0,1,
57.6937,12854,257125,2558,1937,0,1,0,0.6421,-0.1112,0.0000,0.0500,0.6428,-0.1110,0.0000,0.0500,2932,0,1,
57.7137,12855,257145,2558,1937,0,1,0,0.6421,-0.1112,0.0000,0.0500,0.6426,-0.1111,-0.0000,0.0500,2933,0,1,
57.7336,12856,257165,2559,1937,0,1,0,0.6434,-0.1112,0.0000,0.0500,0.6425,-0.1111,-0.0000,0.0500,2934,0,1,
57.7536,12857,257185,2559,1937,0,1,0,0.6434,-0.1112,0.0000,0.0500,0.6429,-0.1112,-0.0000,0.0500,2935,0,1,
57.7737,12858,257205,2559,1937,0,1,0,0.6434,-0.1112,0.0000,0.0500,0.6431,-0.1112,-0.0000,0.0500,2936,0,1,
57.7937,12859,257225,2559,1937,0,1,0,0.6434,-0.1112,0.0000,0.0500,0.6432,-0.1112,-0.0000,0.0500,2937,0,1,
57.8137,12860,257245,2559,1937,0,1,0,0.6434,-0.1112,0.0000,0.0500,0.6433,-0.1112,-0.0000,0.0500,2938,0,1,
57.8462,12861,257265,2559,1937,0,1,0,0.6434,-0.1112,0.0000,0.0500,0.6433,-0.1112,-0.0000,0.0500,2939,0,1,7.05
57.8538,12862,257285,2559,1937,0,1,0,0.6434,-0.1112,0.0000,0.0500,0.6433,-0.1112,0.0000,0.0500,2940,0,1,
57.8738,12863,257305,2559,1937,0,1,0,0.6434,-0.1112,0.0000,0.0500,0.6433,-0.1112,-0.0000,0.0500,2941,0,1,
57.8937,12864,257325,2559,1937,0,1,0,0.6434,-0.1112,0.0000,0.0500,0.6434,-0.1112,-0.0000,0.0500,2942,0,1,
57.9136,12865,257345,2559,1937,0,1,0,0.6434,-0.1112,0.0000,0.0500,0.6434,-0.1112,-0.0000,0.0500,2943,0,1,
57.9337,12866,257365,2559,1936,0,1,0,0.6434,-0.1122,0.0000,0.0500,0.6434,-0.1113,-0.0000,0.0500,2944,0,1,
57.9536,12867,257385,2559,1936,0,1,0,0.6434,-0.1122,0.0000,0.0500,0.6434,-0.1116,-0.0000,0.0500,2945,0,1,
57.9736,12868,257405,2559,1936,0,1,0,0.6434,-0.1122,0.0000,0.0500,0.6434,-0.1119,-0.0000,0.0500,2946,0,1,
57.9937,12869,257425,2559,1936,0,1,0,0.6434,-0.1122,0.0000,0.0500,0.6434,-0.1120,-0.0000,0.0500,2947,0,1,
58.0137,12870,257445,2558,1936,0,1,0,0.6421,-0.1122,0.0000,0.0500,0.6433,-0.1121,-0.0000,0.0500,2948,0,1,
58.0336,12871,257465,2558,1936,0,1,0,0.6421,-0.1122,0.0000,0.0500,0.6429,-0.1121,-0.0000,0.0500,2949,0,1,
58.0538,12872,257485,2558,1936,0,1,0,0.6421,-0.1122,0.0000,0.0500,0.6426,-0.1122,0.0000,0.0500,2950,0,1,
58.0894,12873,257505,2558,1936,0,1,0,0.6421,-0.1122,0.0000,0.0500,0.6424,-0.1122,-0.0000,0.0500,2951,0,1,
58.0961,12874,257525,2558,1936,0,1,0,0.6421,-0.1122,0.0000,0.0500,0.6424,-0.1122,0.0000,0.0500,2952,0,1,
58.1136,12875,257545,2558,1936,0,1,0,0.6421,-0.1122,0.0000,0.0500,0.6423,-0.1122,-0.0000,0.0500,2953,0,1,
58.1336,12876,257565,2558,1936,0,1,0,0.6421,-0.1122,0.0000,0.0500,0.6422,-0.1122,-0.0000,0.0500,2954,0,1,
58.1537,12877,257585,2558,1936,0,1,0,0.6421,-0.1122,0.0000,0.0500,0.6422,-0.1122,0.0000,0.0500,2955,0,1,
58.1737,12878,257605,2558,1936,0,1,0,0.6421,-0.1122,0.0000,0.0500,0.6422,-0.1122,-0.0000,0.0500,2956,0,1,
58.1937,12879,257625,2558,1936,0,1,0,0.6421,-0.1122,0.0000,0.0500,0.6422,-0.1122,-0.0000,0.0500,2957,0,1,
58.2136,12880,257645,2558,1936,0,1,0,0.6421,-0.1122,0.0000,0.0500,0.6422,-0.1122,-0.0000,0.0500,2958,0,1,
58.2337,12881,257665,2558,1937,0,1,0,0.6421,-0.1112,0.0000,0.0500,0.6421,-0.1121,0.0000,0.0500,2959,0,1,
58.2537,12882,257685,2558,1937,0,1,0,0.6421,-0.1112,0.0000,0.0500,0.6421,-0.1118,-0.0000,0.0500,2960,0,1,
58.2738,12883,257705,2558,1937,0,1,0,0.6421,-0.1112,0.0000,0.0500,0.6421,-0.1116,-0.0000,0.0500,2961,0,1,
58.2936,12884,257725,2558,1937,0,1,0,0.6421,-0.1112,0.0000,0.0500,0.6421,-0.1114,-0.0000,0.0500,2962,0,1,
58.3138,12885,257745,2558,1936,0,1,0,0.6421,-0.1122,0.0000,0.0500,0.6421,-0.1114,-0.0000,0.0500,2963,0,1,
58.3537,12887,257785,2559,1935,0,1,0,0.6434,-0.1132,0.0000,0.0500,0.6423,-0.1118,-0.0000,0.0500,2965,0,1,
58.3736,12888,257805,2559,1936,0,1,0,0.6434,-0.1122,0.0000,0.0500,0.6427,-0.1122,-0.0000,0.0500,2966,0,1,
58.3936,12889,257825,2559,1936,0,1,0,0.6434,-0.1122,0.0000,0.0500,0.6430,-0.1122,-0.0000,0.0500,2967,0,1,
58.4137,12890,257845,2558,1937,0,1,0,0.6421,-0.1112,0.0000,0.0500,0.6430,-0.1121,-0.0000,0.0500,2968,0,1,
58.4337,12891,257865,2558,1937,0,1,0,0.6421,-0.1112,0.0000,0.0500,0.6427,-0.1118,-0.0000,0.0500,2969,0,1,
58.4538,12892,257885,2558,1936,0,1,0,0.6421,-0.1122,0.0000,0.0500,0.6425,-0.1117,-0.0000,0.0500,2970,0,1,
58.4738,12893,257905,2558,1936,0,1,0,0.6421,-0.1122,0.0000,0.0500,0.6424,-0.1119,-0.0000,0.0500,2971,0,1,
58.4937,12894,257925,2558,1936,0,1,0,0.6421,-0.1122,0.0000,0.0500,0.6423,-0.1120,0.0000,0.0500,2972,0,1,
58.5137,12895,257945,2558,1936,0,1,0,0.6421,-0.1122,0.0000,0.0500,0.6422,-0.1121,-0.0000,0.0500,2973,0,1,
58.5336,12896,257965,2558,1936,0,1,0,0.6421,-0.1122,0.0000,0.0500,0.6422,-0.1121,-0.0000,0.0500,2974,0,1,
58.5536,12897,257985,2558,1936,0,1,0,0.6421,-0.1122,0.0000,0.0500,0.6422,-0.1122,-0.0000,0.0500,2975,0,1,
58.5738,12898,258005,2558,1936,0,1,0,0.6421,-0.1122,0.0000,0.0500,0.6422,-0.1122,-0.0000,0.0500,2976,0,1,
58.6032,12899,258025,2558,1936,0,1,0,0.6421,-0.1122,0.0000,0.0500,0.6422,-0.1122,-0.0000,0.0500,2977,0,1,
58.6138,12900,258045,2559,1936,0,1,0,0.6434,-0.1122,0.0000,0.0500,0.6423,-0.1122,-0.0000,0.0500,2978,0,1,
58.6336,12901,258065,2559,1936,0,1,0,0.6434,-0.1122,0.0000,0.0500,0.6427,-0.1122,-0.0000,0.0500,2979,0,1,
58.6537,12902,258085,2558,1936,0,1,0,0.6421,-0.1122,0.0000,0.0500,0.6428,-0.1122,-0.0000,0.0500,2980,0,1,
58.6736,12903,258105,2558,1936,0,1,0,0.6421,-0.1122,0.0000,0.0500,0.6426,-0.1122,-0.0000,0.0500,2981,0,1,
58.6937,12904,258125,2558,1936,0,1,0,0.6421,-0.1122,0.0000,0.0500,0.6424,-0.1122,-0.0000,0.0500,2982,0,1,
58.7138,12905,258145,2558,1936,0,1,0,0.6421,-0.1122,0.0000,0.0500,0.6423,-0.1122,-0.0000,0.0500,2983,0,1,
58.7337,12906,258165,2558,1936,0,1,0,0.6421,-0.1122,0.0000,0.0500,0.6423,-0.1122,0.0000,0.0500,2984,0,1,
58.7537,12907,258185,2558,1937,0,1,0,0.6421,-0.1112,0.0000,0.0500,0.6422,-0.1121,-0.0000,0.0500,2985,0,1,
58.7737,12908,258205,2558,1937,0,1,0,0.6421,-0.1112,0.0000,0.0500,0.6422,-0.1118,-0.0000,0.0500,2986,0,1,
58.7937,12909,258225,2559,1937,0,1,0,0.6434,-0.1112,0.0000,0.0500,0.6423,-0.1116,-0.0000,0.0500,2987,0,1,
58.8138,12910,258245,2559,1936,0,1,0,0.6434,-0.1122,0.0000,0.0500,0.6427,-0.1115,-0.0000,0.0500,2988,0,1,
58.8460,12911,258265,2559,1936,0,1,0,0.6434,-0.1122,0.0000,0.0500,0.6429,-0.1118,-0.0000,0.0500,2989,0,1,
58.8547,12912,258285,2559,1935,0,1,0,0.6434,-0.1132,0.0000,0.0500,0.6430,-0.1119,-0.0000,0.0500,2990,0,1,8.62
58.8737,12913,258305,2559,1936,0,1,0,0.6434,-0.1122,0.0000,0.0500,0.6431,-0.1123,-0.0000,0.0500,2991,0,1,
58.8938,12914,258325,2558,1936,0,1,0,0.6421,-0.1122,0.0000,0.0500,0.6431,-0.1123,-0.0000,0.0500,2992,0,1,
58.9138,12915,258345,2558,1935,0,1,0,0.6421,-0.1132,0.0000,0.0500,0.6428,-0.1123,-0.0000,0.0500,2993,0,1,
58.9336,12916,258365,2558,1936,0,1,1,0.0000,0.0000,0.0000,0.0500,0.6364,-0.1076,-0.0000,0.0500,2994,0,1,
58.9537,12917,258385,2558,1935,0,1,1,0.0000,0.0000,0.0000,0.0500,0.6051,-0.0826,-0.0000,0.0500,2995,0,1,
58.9737,12918,258405,2558,1935,0,1,1,0.0000,0.0000,0.0000,0.0500,0.5801,-0.0626,0.0000,0.0500,2996,0,1,
58.9937,12919,258425,2558,1935,0,1,1,0.0000,0.0000,0.0000,0.0500,0.5489,-0.0386,0.0000,0.0500,2997,0,1,
59.0138,12920,258445,2558,1936,0,1,1,0.0000,0.0000,0.0000,0.0500,0.5239,-0.0253,0.0000,0.0500,2998,0,1,
59.0337,12921,258465,2558,1936,0,1,1,0.0000,0.0000,0.0000,0.0500,0.4989,-0.0166,-0.0000,0.0500,2999,0,1,
59.0537,12922,258485,2558,1936,0,1,1,0.0000,0.0000,0.0000,0.0500,0.4676,-0.0098,-0.0000,0.0500,3000,0,1,
59.0738,12923,258505,2558,1936,0,1,1,0.0000,0.0000,0.0000,0.0500,0.4426,-0.0064,-0.0000,0.0500,3001,0,1,
59.1030,12924,258525,2558,1936,0,1,1,0.0000,0.0000,0.0000,0.0500,0.4239,-0.0047,-0.0000,0.0500,3002,0,1,
59.1137,12925,258545,2558,1936,0,1,1,0.0000,0.0000,0.0000,0.0500,0.4114,-0.0038,-0.0000,0.0500,3003,0,1,
59.1338,12926,258565,2558,1935,0,1,1,0.0000,0.0000,0.0000,0.0500,0.3864,-0.0025,-0.0000,0.0500,3004,0,1,
59.1537,12927,258585,2558,1935,0,1,1,0.0000,0.0000,0.0000,0.0500,0.3551,-0.0014,-0.0000,0.0500,3005,0,1,
59.1737,12928,258605,2558,1936,0,1,1,0.0000,0.0000,0.0000,0.0500,0.3301,-0.0009,-0.0000,0.0500,3006,0,1,
59.1937,12929,258625,2558,1936,0,1,1,0.0000,0.0000,0.0000,0.0500,0.2989,-0.0005,-0.0000,0.0500,3007,0,1,
59.2136,12930,258645,2558,1936,0,1,1,0.0000,0.0000,0.0000,0.0500,0.2739,-0.0003,-0.0000,0.0500,3008,0,1,
59.2337,12931,258665,2559,1936,0,1,1,0.0000,0.0000,0.0000,0.0500,0.2489,-0.0002,-0.0000,0.0500,3009,0,1,
59.2537,12932,258685,2559,1936,0,1,1,0.0000,0.0000,0.0000,0.0500,0.2176,-0.0001,-0.0000,0.0500,3010,0,1,
59.2737,12933,258705,2559,1935,0,1,1,0.0000,0.0000,0.0000,0.0500,0.1926,-0.0001,-0.0000,0.0500,3011,0,1,
59.2938,12934,258725,2559,1935,0,1,1,0.0000,0.0000,0.0000,0.0500,0.1614,-0.0000,0.0000,0.0500,3012,0,1,
59.3138,12935,258745,2559,1936,0,1,1,0.0000,0.0000,0.0000,0.0500,0.1364,-0.0000,-0.0000,0.0500,3013,0,1,
59.3598,12937,258785,2559,1936,0,1,1,0.0000,0.0000,0.0000,0.0500,0.1051,-0.0000,0.0000,0.0500,3015,0,1,
59.3738,12938,258805,2559,1936,0,1,1,0.0000,0.0000,0.0000,0.0500,0.0801,-0.0000,0.0000,0.0500,3016,0,1,
59.3937,12939,258825,2559,1936,0,1,1,0.0000,0.0000,0.0000,0.0500,0.0552,-0.0000,0.0000,0.0500,3017,0,1,
59.4137,12940,258845,2559,1936,0,1,1,0.0000,0.0000,0.0000,0.0500,0.0362,-0.0000,-0.0000,0.0500,3018,0,1,
59.4336,12941,258865,2559,1936,0,1,1,0.0000,0.0000,0.0000,0.0500,0.0214,-0.0000,0.0000,0.0500,3019,0,1,
59.4537,12942,258885,2559,1936,0,1,1,0.0000,0.0000,0.0000,0.0500,0.0140,-0.0000,0.0000,0.0500,3020,0,1,
59.4738,12943,258905,2559,1936,0,1,1,0.0000,0.0000,0.0000,0.0500,0.0083,-0.0000,0.0000,0.0500,3021,0,1,
59.4937,12944,258925,2558,1937,0,1,1,0.0000,0.0000,0.0000,0.0500,0.0054,-0.0000,0.0000,0.0500,3022,0,1,
59.5138,12945,258945,2558,1936,0,1,1,0.0000,0.0000,0.0000,0.0500,0.0032,-0.0000,0.0000,0.0500,3023,0,1,
59.5338,12946,258965,2558,1936,0,1,1,0.0000,0.0000,0.0000,0.0500,0.0021,-0.0000,0.0000,0.0500,3024,0,1,
59.5536,12947,258985,2558,1936,0,1,1,0.0000,0.0000,0.0000,0.0500,0.0014,-0.0000,0.0000,0.0500,3025,0,1,
59.5737,12948,259005,2558,1936,0,1,1,0.0000,0.0000,0.0000,0.0500,0.0008,-0.0000,0.0000,0.0500,3026,0,1,
59.6028,12949,259025,2558,1936,0,1,1,0.0000,0.0000,0.0000,0.0500,0.0006,-0.0000,0.0000,0.0500,3027,0,1,
59.6138,12950,259045,2558,1936,0,1,1,0.0000,0.0000,0.0000,0.0500,0.0005,-0.0000,0.0000,0.0500,3028,0,1,
59.6338,12951,259065,2558,1936,0,1,1,0.0000,0.0000,0.0000,0.0500,0.0003,-0.0000,0.0000,0.0500,3029,0,1,
59.6538,12952,259085,2558,1936,0,1,1,0.0000,0.0000,0.0000,0.0500,0.0002,-0.0000,0.0000,0.0500,3030,0,1,
59.6738,12953,259105,2558,1935,0,1,1,0.0000,0.0000,0.0000,0.0500,0.0001,-0.0000,0.0000,0.0500,3031,0,1,
59.6938,12954,259125,2558,1936,0,1,1,0.0000,0.0000,0.0000,0.0500,0.0001,-0.0000,0.0000,0.0500,3032,0,1,
59.7138,12955,259145,2558,1936,0,1,1,0.0000,0.0000,0.0000,0.0500,0.0000,-0.0000,0.0000,0.0500,3033,0,1,
59.7338,12956,259165,2558,1936,0,1,1,0.0000,0.0000,0.0000,0.0500,0.0000,-0.0000,0.0000,0.0500,3034,0,1,
59.7538,12957,259185,2558,1935,0,1,1,0.0000,0.0000,0.0000,0.0500,0.0000,-0.0000,0.0000,0.0500,3035,0,1,
59.7738,12958,259205,2557,1935,0,1,1,0.0000,0.0000,0.0000,0.0500,0.0000,-0.0000,0.0000,0.0500,3036,0,1,
59.7937,12959,259225,2557,1935,0,1,0,0.6409,-0.1132,0.0000,0.0500,0.0063,-0.0050,0.0000,0.0488,3037,0,1,
59.8138,12960,259245,2558,1935,0,1,0,0.6421,-0.1132,0.0000,0.0500,0.0375,-0.0300,0.0000,0.0480,3038,0,1,
59.8338,12961,259265,2558,1935,0,1,0,0.6421,-0.1132,0.0000,0.0500,0.0625,-0.0499,0.0000,0.0487,3039,0,1,
59.8600,12962,259285,2558,1935,0,1,0,0.6421,-0.1132,0.0000,0.0500,0.0750,-0.0598,0.0000,0.0489,3040,0,1,2.17
59.8738,12963,259305,2558,1935,0,1,0,0.6421,-0.1132,0.0000,0.0500,0.0938,-0.0740,0.0000,0.0492,3041,0,1,
59.8938,12964,259325,2558,1935,0,1,0,0.6421,-0.1132,0.0000,0.0500,0.1188,-0.0875,0.0000,0.0495,3042,0,1,
59.9137,12965,259345,2558,1936,0,1,0,0.6421,-0.1122,0.0000,0.0500,0.1438,-0.0962,0.0000,0.0497,3043,0,1,
59.9363,12966,259365,2558,1936,0,1,0,0.6421,-0.1122,0.0000,0.0500,0.1750,-0.1028,0.0000,0.0498,3044,0,1,
59.9537,12967,259385,2558,1936,0,1,0,0.6421,-0.1122,0.0000,0.0500,0.2000,-0.1060,0.0000,0.0499,3045,0,1,
59.9737,12968,259405,2558,1936,0,1,0,0.6421,-0.1122,0.0000,0.0500,0.2313,-0.1086,0.0000,0.0499,3046,0,1,
59.9938,12969,259425,2558,1936,0,1,0,0.6421,-0.1122,0.0000,0.0500,0.2563,-0.1098,0.0000,0.0500,3047,0,1,
60.0137,12970,259445,2558,1936,0,1,0,0.6421,-0.1122,0.0000,0.0500,0.2813,-0.1106,0.0000,0.0500,3048,0,1,
60.0338,12971,259465,2558,1936,0,1,0,0.6421,-0.1122,0.0000,0.0500,0.3125,-0.1113,0.0000,0.0500,3049,0,1,
60.0537,12972,259485,2558,1936,0,1,0,0.6421,-0.1122,0.0000,0.0500,0.3375,-0.1116,0.0000,0.0500,3050,0,1,
60.0738,12973,259505,2558,1936,0,1,0,0.6421,-0.1122,0.0000,0.0500,0.3688,-0.1119,0.0000,0.0500,3051,0,1,
60.1166,12975,259545,2558,1936,0,1,0,0.6421,-0.1122,0.0000,0.0500,0.3938,-0.1120,0.0000,0.0500,3053,0,1,
60.1338,12976,259565,2558,1936,0,1,0,0.6421,-0.1122,0.0000,0.0500,0.4188,-0.1121,0.0000,0.0500,3054,0,1,
60.1538,12977,259585,2558,1936,0,1,0,0.6421,-0.1122,0.0000,0.0500,0.4500,-0.1121,0.0000,0.0500,3055,0,1,
60.1738,12978,259605,2558,1936,0,1,0,0.6421,-0.1122,0.0000,0.0500,0.4750,-0.1122,0.0000,0.0500,3056,0,1,
60.1938,12979,259625,2558,1936,0,1,0,0.6421,-0.1122,0.0000,0.0500,0.5063,-0.1122,0.0000,0.0500,3057,0,1,
60.2137,12980,259645,2558,1936,0,1,0,0.6421,-0.1122,0.0000,0.0500,0.5313,-0.1122,0.0000,0.0500,3058,0,1,
60.2338,12981,259665,2558,1937,0,1,0,0.6421,-0.1112,0.0000,0.0500,0.5563,-0.1121,0.0000,0.0500,3059,0,1,
60.2538,12982,259685,2558,1936,0,1,0,0.6421,-0.1122,0.0000,0.0500,0.5873,-0.1118,0.0000,0.0500,3060,0,1,
60.2737,12983,259705,2558,1936,0,1,0,0.6421,-0.1122,0.0000,0.0500,0.6062,-0.1120,0.0000,0.0500,3061,0,1,
60.2937,12984,259725,2558,1936,0,1,0,0.6421,-0.1122,0.0000,0.0500,0.6209,-0.1121,0.0000,0.0500,3062,0,1,
60.3138,12985,259745,2558,1937,0,1,0,0.6421,-0.1112,0.0000,0.0500,0.6282,-0.1120,0.0000,0.0500,3063,0,1,
60.3338,12986,259765,2558,1936,0,1,0,0.6421,-0.1122,0.0000,0.0500,0.6330,-0.1118,0.0000,0.0500,3064,0,1,
60.3671,12987,259785,2558,1936,0,1,0,0.6421,-0.1122,0.0000,0.0500,0.6361,-0.1120,-0.0000,0.0500,3065,0,1,
60.3738,12988,259805,2558,1936,0,1,0,0.6421,-0.1122,0.0000,0.0500,0.6367,-0.1120,-0.0000,0.0500,3066,0,1,
60.3938,12989,259825,2558,1936,0,1,0,0.6421,-0.1122,0.0000,0.0500,0.6386,-0.1121,-0.0000,0.0500,3067,0,1,
60.4137,12990,259845,2558,1936,0,1,0,0.6421,-0.1122,0.0000,0.0500,0.6400,-0.1121,-0.0000,0.0500,3068,0,1,
60.4338,12991,259865,2558,1936,0,1,0,0.6421,-0.1122,0.0000,0.0500,0.6408,-0.1122,0.0000,0.0500,3069,0,1,
60.4537,12992,259885,2558,1936,0,1,0,0.6421,-0.1122,0.0000,0.0500,0.6413,-0.1122,-0.0000,0.0500,3070,0,1,
60.4738,12993,259905,2558,1936,0,1,0,0.6421,-0.1122,0.0000,0.0500,0.6416,-0.1122,-0.0000,0.0500,3071,0,1,
60.4937,12994,259925,2558,1936,0,1,0,0.6421,-0.1122,0.0000,0.0500,0.6418,-0.1122,-0.0000,0.0500,3072,0,1,
60.5137,12995,259945,2558,1936,0,1,0,0.6421,-0.1122,0.0000,0.0500,0.6419,-0.1122,0.0000,0.0500,3073,0,1,
60.5337,12996,259965,2558,1936,0,1,0,0.6421,-0.1122,0.0000,0.0500,0.6420,-0.1122,-0.0000,0.0500,3074,0,1,
60.5537,12997,259985,2558,1936,0,1,0,0.6421,-0.1122,0.0000,0.0500,0.6421,-0.1122,-0.0000,0.0500,3075,0,1,
60.5738,12998,260005,2558,1936,0,1,0,0.6421,-0.1122,0.0000,0.0500,0.6421,-0.1122,-0.0000,0.0500,3076,0,1,
60.5938,12999,260025,2558,1936,0,1,0,0.6421,-0.1122,0.0000,0.0500,0.6421,-0.1122,0.0000,0.0500,3077,0,1,
60.6237,13000,260045,2558,1936,0,1,0,0.6421,-0.1122,0.0000,0.0500,0.6421,-0.1122,-0.0000,0.0500,3078,0,1,
60.6337,13001,260065,2558,1936,0,1,1,0.0000,0.0000,0.0000,0.0500,0.6359,-0.1072,-0.0000,0.0500,3079,0,1,
60.6538,13002,260085,2558,1936,0,1,1,0.0000,0.0000,0.0000,0.0500,0.6109,-0.0872,-0.0000,0.0500,3080,0,1,
60.6737,13003,260105,2558,1936,0,1,1,0.0000,0.0000,0.0000,0.0500,0.5796,-0.0622,0.0000,0.0500,3081,0,1,
60.6938,13004,260125,2558,1935,0,1,1,0.0000,0.0000,0.0000,0.0500,0.5546,-0.0425,0.0000,0.0500,3082,0,1,
60.7137,13005,260145,2558,1936,0,1,1,0.0000,0.0000,0.0000,0.0500,0.5296,-0.0279,0.0000,0.0500,3083,0,1,
60.7338,13006,260165,2558,1936,0,1,1,0.0000,0.0000,0.0000,0.0500,0.5046,-0.0183,-0.0000,0.0500,3084,0,1,
60.7554,13007,260185,2558,1936,0,1,1,0.0000,0.0000,0.0000,0.0500,0.4734,-0.0108,-0.0000,0.0500,3085,0,1,
60.7738,13008,260205,2558,1935,0,1,1,0.0000,0.0000,0.0000,0.0500,0.4484,-0.0071,-0.0000,0.0500,3086,0,1,
60.7937,13009,260225,2558,1935,0,1,1,0.0000,0.0000,0.0000,0.0500,0.4171,-0.0042,-0.0000,0.0500,3087,0,1,
60.8138,13010,260245,2558,1935,0,1,1,0.0000,0.0000,0.0000,0.0500,0.3921,-0.0027,-0.0000,0.0500,3088,0,1,
60.8337,13011,260265,2558,1935,0,1,1,0.0000,0.0000,0.0000,0.0500,0.3609,-0.0016,-0.0000,0.0500,3089,0,1,
60.8736,13012,260285,2558,1935,0,1,1,0.0000,0.0000,0.0000,0.0500,0.3359,-0.0010,-0.0000,0.0500,3090,0,1,13.84
60.8739,13013,260305,2558,1935,0,1,1,0.0000,0.0000,0.0000,0.0500,0.3296,-0.0009,-0.0000,0.0500,3091,0,1,
60.8938,13014,260325,2558,1936,0,1,1,0.0000,0.0000,0.0000,0.0500,0.3046,-0.0006,-0.0000,0.0500,3092,0,1,
60.9138,13015,260345,2558,1936,0,1,1,0.0000,0.0000,0.0000,0.0500,0.2796,-0.0004,-0.0000,0.0500,3093,0,1,
60.9338,13016,260365,2558,1936,0,1,1,0.0000,0.0000,0.0000,0.0500,0.2484,-0.0002,-0.0000,0.0500,3094,0,1,
60.9538,13017,260385,2558,1936,0,1,1,0.0000,0.0000,0.0000,0.0500,0.2234,-0.0001,-0.0000,0.0500,3095,0,1,
60.9739,13018,260405,2558,1936,0,1,1,0.0000,0.0000,0.0000,0.0500,0.1921,-0.0001,-0.0000,0.0500,3096,0,1,
60.9937,13019,260425,2559,1936,0,1,1,0.0000,0.0000,0.0000,0.0500,0.1671,-0.0001,0.0000,0.0500,3097,0,1,
61.0138,13020,260445,2558,1936,0,1,1,0.0000,0.0000,0.0000,0.0500,0.1359,-0.0000,0.0000,0.0500,3098,0,1,
61.0337,13021,260465,2558,1936,0,1,1,0.0000,0.0000,0.0000,0.0500,0.1109,-0.0000,0.0000,0.0500,3099,0,1,
61.0538,13022,260485,2558,1936,0,1,1,0.0000,0.0000,0.0000,0.0500,0.0859,-0.0000,0.0000,0.0500,3100,0,1,
61.0738,13023,260505,2558,1936,0,1,1,0.0000,0.0000,0.0000,0.0500,0.0548,-0.0000,0.0000,0.0500,3101,0,1,
61.0938,13024,260525,2558,1936,0,1,1,0.0000,0.0000,0.0000,0.0500,0.0359,-0.0000,-0.0000,0.0500,3102,0,1,
61.1338,13026,260565,2558,1936,0,1,1,0.0000,0.0000,0.0000,0.0500,0.0236,-0.0000,0.0000,0.0500,3104,0,1,
61.1537,13027,260585,2558,1936,0,1,1,0.0000,0.0000,0.0000,0.0500,0.0139,-0.0000,0.0000,0.0500,3105,0,1,
61.1738,13028,260605,2558,1936,0,1,1,0.0000,0.0000,0.0000,0.0500,0.0091,-0.0000,0.0000,0.0500,3106,0,1,
61.1937,13029,260625,2558,1936,0,1,1,0.0000,0.0000,0.0000,0.0500,0.0054,-0.0000,0.0000,0.0500,3107,0,1,
61.2138,13030,260645,2558,1936,0,1,1,0.0000,0.0000,0.0000,0.0500,0.0035,-0.0000,0.0000,0.0500,3108,0,1,
61.2338,13031,260665,2558,1936,0,1,1,0.0000,0.0000,0.0000,0.0500,0.0023,-0.0000,0.0000,0.0500,3109,0,1,
61.2537,13032,260685,2558,1936,0,1,1,0.0000,0.0000,0.0000,0.0500,0.0014,-0.0000,0.0000,0.0500,3110,0,1,
61.2738,13033,260705,2558,1936,0,1,1,0.0000,0.0000,0.0000,0.0500,0.0009,-0.0000,0.0000,0.0500,3111,0,1,
61.2937,13034,260725,2558,1936,0,1,1,0.0000,0.0000,0.0000,0.0500,0.0005,-0.0000,0.0000,0.0500,3112,0,1,
61.3137,13035,260745,2558,1936,0,1,1,0.0000,0.0000,0.0000,0.0500,0.0003,-0.0000,0.0000,0.0500,3113,0,1,
61.3338,13036,260765,2558,1936,0,1,1,0.0000,0.0000,0.0000,0.0500,0.0002,-0.0000,0.0000,0.0500,3114,0,1,
61.3538,13037,260785,2559,1936,0,1,1,0.0000,0.0000,0.0000,0.0500,0.0001,-0.0000,0.0000,0.0500,3115,0,1,
61.3804,13038,260805,2558,1936,0,1,1,0.0000,0.0000,0.0000,0.0500,0.0001,-0.0000,0.0000,0.0500,3116,0,1,
61.3938,13039,260825,2558,1936,0,1,1,0.0000,0.0000,0.0000,0.0500,0.0001,-0.0000,0.0000,0.0500,3117,0,1,
61.4138,13040,260845,2558,1936,0,1,1,0.0000,0.0000,0.0000,0.0500,0.0001,-0.0000,0.0000,0.0500,3118,0,1,
61.4338,13041,260865,2558,1936,0,1,1,0.0000,0.0000,0.0000,0.0500,0.0000,-0.0000,0.0000,0.0500,3119,0,1,
61.4537,13042,260885,2558,1936,0,1,1,0.0000,0.0000,0.0000,0.0500,0.0000,-0.0000,0.0000,0.0500,3120,0,1,
61.4738,13043,260905,2558,1936,0,1,1,0.0000,0.0000,0.0000,0.0500,0.0000,-0.0000,0.0000,0.0500,3121,0,1,
61.4938,13044,260925,2558,1936,0,1,1,0.0000,0.0000,0.0000,0.0500,0.0000,-0.0000,0.0000,0.0500,3122,0,1,
61.5138,13045,260945,2558,1936,0,1,1,0.0000,0.0000,0.0000,0.0500,0.0000,-0.0000,0.0000,0.0500,3123,0,1,
61.5337,13046,260965,2558,1936,0,1,1,0.0000,0.0000,0.0000,0.0500,0.0000,-0.0000,0.0000,0.0500,3124,0,1,
61.5537,13047,260985,2558,1936,0,1,1,0.0000,0.0000,0.0000,0.0500,0.0000,-0.0000,0.0000,0.0500,3125,0,1,
61.5737,13048,261005,2558,1936,0,1,1,0.0000,0.0000,0.0000,0.0500,0.0000,0.0000,0.0000,0.0500,3126,0,1,
61.5938,13049,261025,2558,1936,0,1,1,0.0000,0.0000,0.0000,0.0500,0.0000,0.0000,0.0000,0.0500,3127,0,1,
61.6236,13050,261045,2558,1936,0,1,1,0.0000,0.0000,0.0000,0.0500,0.0000,0.0000,0.0000,0.0500,3128,0,1,
61.6337,13051,261065,2558,1936,0,1,1,0.0000,0.0000,0.0000,0.0500,0.0000,0.0000,0.0000,0.0500,3129,0,1,
61.6538,13052,261085,2558,1936,0,1,1,0.0000,0.0000,0.0000,0.0500,0.0000,0.0000,0.0000,0.0500,3130,0,1,
61.6737,13053,261105,2558,1936,0,1,1,0.0000,0.0000,0.0000,0.0500,0.0000,0.0000,0.0000,0.0500,3131,0,1,
61.6938,13054,261125,2558,1936,0,1,1,0.0000,0.0000,0.0000,0.0500,0.0000,0.0000,0.0000,0.0500,3132,0,1,
61.7137,13055,261145,2558,1936,0,1,1,0.0000,0.0000,0.0000,0.0500,0.0000,0.0000,0.0000,0.0500,3133,0,1,
61.7338,13056,261165,2559,1936,0,1,1,0.0000,0.0000,0.0000,0.0500,0.0000,0.0000,0.0000,0.0500,3134,0,1,
61.7538,13057,261185,2559,1936,0,1,1,0.0000,0.0000,0.0000,0.0500,0.0000,0.0000,0.0000,0.0500,3135,0,1,
61.7738,13058,261205,2558,1937,0,1,1,0.0000,0.0000,0.0000,0.0500,0.0000,0.0000,0.0000,0.0500,3136,0,1,
61.7938,13059,261225,2558,1936,0,1,1,0.0000,0.0000,0.0000,0.0500,0.0000,0.0000,0.0000,0.0500,3137,0,1,
61.8137,13060,261245,2558,1936,0,1,1,0.0000,0.0000,0.0000,0.0500,0.0000,0.0000,0.0000,0.0500,3138,0,1,
61.8337,13061,261265,2558,1936,0,1,1,0.0000,0.0000,0.0000,0.0500,0.0000,0.0000,0.0000,0.0500,3139,0,1,
61.8537,13062,261285,2558,1936,0,1,1,0.0000,0.0000,0.0000,0.0500,0.0000,0.0000,0.0000,0.0500,3140,0,1,
61.8874,13063,261305,2558,1936,0,1,1,0.0000,0.0000,0.0000,0.0500,0.0000,0.0000,0.0000,0.0500,3141,0,1,6.83
61.8937,13064,261325,2558,1936,0,1,1,0.0000,0.0000,0.0000,0.0500,0.0000,0.0000,0.0000,0.0500,3142,0,1,
61.9138,13065,261345,2558,1936,0,1,1,0.0000,0.0000,0.0000,0.0500,0.0000,0.0000,0.0000,0.0500,3143,0,1,
61.9338,13066,261365,2558,1936,0,1,1,0.0000,0.0000,0.0000,0.0500,0.0000,0.0000,0.0000,0.0500,3144,0,1,
61.9537,13067,261385,2558,1936,0,1,1,0.0000,0.0000,0.0000,0.0500,0.0000,0.0000,0.0000,0.0500,3145,0,1,
61.9737,13068,261405,2558,1936,0,1,1,0.0000,0.0000,0.0000,0.0500,0.0000,0.0000,0.0000,0.0500,3146,0,1,
61.9937,13069,261425,2558,1936,0,1,1,0.0000,0.0000,0.0000,0.0500,0.0000,0.0000,0.0000,0.0500,3147,0,1,
62.0138,13070,261445,2558,1936,0,1,1,0.0000,0.0000,0.0000,0.0500,0.0000,0.0000,0.0000,0.0500,3148,0,1,
62.0337,13071,261465,2558,1936,0,1,1,0.0000,0.0000,0.0000,0.0500,0.0000,0.0000,0.0000,0.0500,3149,0,1,
62.0538,13072,261485,2558,1936,0,1,1,0.0000,0.0000,0.0000,0.0500,0.0000,0.0000,0.0000,0.0500,3150,0,1,
62.0738,13073,261505,2558,1936,0,1,1,0.0000,0.0000,0.0000,0.0500,0.0000,0.0000,0.0000,0.0500,3151,0,1,
62.0938,13074,261525,2558,1936,0,1,1,0.0000,0.0000,0.0000,0.0500,0.0000,0.0000,0.0000,0.0500,3152,0,1,
62.1305,13075,261545,2559,1936,0,1,1,0.0000,0.0000,0.0000,0.0500,0.0000,0.0000,0.0000,0.0500,3153,0,1,
62.1374,13076,261565,2559,1936,0,0,1,0.0000,0.0000,0.0000,0.0500,0.0000,0.0000,0.0000,0.0500,3154,0,1,
62.1538,13077,261585,2558,1935,0,0,1,0.0000,0.0000,0.0000,0.0500,0.0000,0.0000,0.0000,0.0500,3155,0,1,
62.1738,13078,261605,2558,1936,0,0,1,0.0000,0.0000,0.0000,0.0500,0.0000,0.0000,0.0000,0.0500,3156,0,1,
62.1938,13079,261625,2558,1935,0,0,1,0.0000,0.0000,0.0000,0.0500,0.0000,-0.0000,0.0000,0.0500,3157,0,1,
62.2137,13080,261645,2558,1935,0,0,1,0.0000,0.0000,0.0000,0.0500,0.0000,-0.0000,0.0000,0.0500,3158,0,1,
62.2338,13081,261665,2558,1935,0,0,1,0.0000,0.0000,0.0000,0.0500,0.0000,-0.0000,0.0000,0.0500,3159,0,1,
62.2538,13082,261685,2557,1935,0,0,1,0.0000,0.0000,0.0000,0.0500,0.0000,-0.0000,0.0000,0.0500,3160,0,1,
62.2737,13083,261705,2558,1935,0,0,1,0.0000,0.0000,0.0000,0.0500,0.0000,-0.0000,0.0000,0.0500,3161,0,1,
62.2937,13084,261725,2558,1935,0,0,1,0.0000,0.0000,0.0000,0.0500,0.0000,-0.0000,0.0000,0.0500,3162,0,1,
62.3138,13085,261745,2558,1935,0,0,1,0.0000,0.0000,0.0000,0.0500,0.0000,-0.0000,0.0000,0.0500,3163,0,1,
62.3337,13086,261765,2558,1935,0,0,1,0.0000,0.0000,0.0000,0.0500,0.0000,-0.0000,0.0000,0.0500,3164,0,1,
62.3538,13087,261785,2558,1935,0,0,1,0.0000,0.0000,0.0000,0.0500,0.0000,-0.0000,0.0000,0.0500,3165,0,1,
62.3806,13088,261805,2558,1935,0,0,1,0.0000,0.0000,0.0000,0.0500,0.0000,-0.0000,0.0000,0.0500,3166,0,1,
62.3947,13089,261825,2558,1936,0,0,1,0.0000,0.0000,0.0000,0.0500,0.0000,-0.0000,0.0000,0.0500,3167,0,1,
62.4137,13090,261845,2559,1936,0,0,1,0.0000,0.0000,0.0000,0.0500,0.0000,-0.0000,0.0000,0.0500,3168,0,1,
62.4338,13091,261865,2558,1936,0,0,1,0.0000,0.0000,0.0000,0.0500,0.0000,-0.0000,0.0000,0.0500,3169,0,1,
62.4538,13092,261885,2558,1935,0,0,1,0.0000,0.0000,0.0000,0.0500,0.0000,-0.0000,0.0000,0.0500,3170,0,1,
62.4737,13093,261905,2558,1935,0,0,1,0.0000,0.0000,0.0000,0.0500,0.0000,-0.0000,0.0000,0.0500,3171,0,1,
62.4938,13094,261925,2558,1936,0,0,1,0.0000,0.0000,0.0000,0.0500,0.0000,-0.0000,0.0000,0.0500,3172,0,1,
62.5138,13095,261945,2558,1936,0,0,1,0.0000,0.0000,0.0000,0.0500,0.0000,-0.0000,0.0000,0.0500,3173,0,1,
62.5338,13096,261965,2558,1936,0,0,1,0.0000,0.0000,0.0000,0.0500,0.0000,-0.0000,0.0000,0.0500,3174,0,1,
62.5538,13097,261985,2559,1936,0,0,1,0.0000,0.0000,0.0000,0.0500,0.0000,-0.0000,0.0000,0.0500,3175,0,1,
62.5737,13098,262005,2559,1936,0,0,1,0.0000,0.0000,0.0000,0.0500,0.0000,-0.0000,0.0000,0.0500,3176,0,1,
62.5938,13099,262025,2559,1936,0,0,1,0.0000,0.0000,0.0000,0.0500,0.0000,-0.0000,0.0000,0.0500,3177,0,1,
62.6138,13100,262045,2559,1936,0,0,1,0.0000,0.0000,0.0000,0.0500,0.0000,-0.0000,0.0000,0.0500,3178,0,1,
62.6443,13101,262065,2559,1936,0,0,1,2.0000,0.0000,0.0000,0.0500,0.0063,-0.0000,0.0000,0.0500,3179,0,1,
62.6537,13102,262085,2559,1937,0,0,1,2.0000,0.0000,0.0000,0.0500,0.0250,-0.0000,-0.0000,0.0500,3180,0,1,
62.6738,13103,262105,2559,1936,0,0,1,2.0000,0.0000,0.0000,0.0500,0.0500,-0.0000,-0.0000,0.0500,3181,0,1,
62.6938,13104,262125,2558,1936,0,0,1,2.0000,0.0000,0.0000,0.0500,0.0750,-0.0000,-0.0000,0.0500,3182,0,1,
62.7138,13105,262145,2558,1936,0,0,1,2.0000,0.0000,0.0000,0.0500,0.1063,-0.0000,-0.0000,0.0500,3183,0,1,
62.7337,13106,262165,2558,1936,0,0,1,2.0000,0.0000,0.0000,0.0500,0.1313,-0.0000,-0.0000,0.0500,3184,0,1,
62.7538,13107,262185,2558,1936,0,0,1,2.0000,0.0000,0.0000,0.0500,0.1625,-0.0000,-0.0000,0.0500,3185,0,1,
62.7738,13108,262205,2558,1936,0,0,1,2.0000,0.0000,0.0000,0.0500,0.1875,-0.0000,-0.0000,0.0500,3186,0,1,
62.7937,13109,262225,2558,1936,0,0,1,2.0000,0.0000,0.0000,0.0500,0.2188,-0.0000,-0.0000,0.0500,3187,0,1,
62.8138,13110,262245,2558,1936,0,0,1,2.0000,0.0000,0.0000,0.0500,0.2438,-0.0000,-0.0000,0.0500,3188,0,1,
62.8339,13111,262265,2558,1937,0,0,1,2.0000,0.0000,0.0000,0.0500,0.2688,-0.0000,0.0000,0.0500,3189,0,1,
62.8537,13112,262285,2558,1936,0,0,1,2.0000,0.0000,0.0000,0.0500,0.3000,-0.0000,-0.0000,0.0500,3190,0,1,
62.8874,13113,262305,2558,1936,0,0,1,2.0000,0.0000,0.0000,0.0500,0.3250,-0.0000,0.0000,0.0500,3191,0,1,
62.8946,13114,262325,2558,1936,0,1,1,2.0000,0.0000,0.0000,0.0500,0.3313,-0.0000,-0.0000,0.0500,3192,0,1,7.21
62.9138,13115,262345,2559,1936,0,1,1,2.0000,0.0000,0.0000,0.0500,0.3563,-0.0000,-0.0000,0.0500,3193,0,1,
62.9337,13116,262365,2559,1936,0,1,1,2.0000,0.0000,0.0000,0.0500,0.3812,-0.0000,0.0000,0.0500,3194,0,1,
62.9537,13117,262385,2559,1936,0,1,1,2.0000,0.0000,0.0000,0.0500,0.4125,-0.0000,-0.0000,0.0500,3195,0,1,
62.9737,13118,262405,2559,1936,0,1,1,2.0000,0.0000,0.0000,0.0500,0.4375,-0.0000,0.0000,0.0500,3196,0,1,
62.9937,13119,262425,2559,1936,0,1,1,2.0000,0.0000,0.0000,0.0500,0.4687,-0.0000,-0.0000,0.0500,3197,0,1,
63.0138,13120,262445,2559,1936,0,1,1,2.0000,0.0000,0.0000,0.0500,0.4937,-0.0000,0.0000,0.0500,3198,0,1,
63.0337,13121,262465,2559,1936,0,1,1,2.0000,0.0000,0.0000,0.0500,0.5187,-0.0000,-0.0000,0.0500,3199,0,1,
63.0538,13122,262485,2559,1936,0,1,1,2.0000,0.0000,0.0000,0.0500,0.5500,-0.0000,0.0000,0.0500,3200,0,1,
63.0738,13123,262505,2558,1936,0,1,1,2.0000,0.0000,0.0000,0.0500,0.5750,-0.0000,-0.0000,0.0500,3201,0,1,
63.0938,13124,262525,2559,1936,0,1,1,2.0000,0.0000,0.0000,0.0500,0.6062,-0.0000,0.0000,0.0500,3202,0,1,
63.1138,13125,262545,2559,1935,0,1,1,2.0000,0.0000,0.0000,0.0500,0.6312,-0.0000,-0.0000,0.0500,3203,0,1,
63.1442,13126,262565,2559,1935,0,1,1,2.0000,0.0000,0.0000,0.0500,0.6500,-0.0000,-0.0000,0.0500,3204,0,1,
63.1538,13127,262585,2559,1935,0,1,1,2.0000,0.0000,0.0000,0.0500,0.6562,-0.0000,-0.0000,0.0500,3205,0,1,
63.1738,13128,262605,2559,1936,0,1,1,2.0000,0.0000,0.0000,0.0500,0.6812,-0.0000,0.0000,0.0500,3206,0,1,
63.1938,13129,262625,2558,1936,0,1,1,2.0000,0.0000,0.0000,0.0500,0.7125,-0.0000,-0.0000,0.0500,3207,0,1,
63.2137,13130,262645,2558,1936,0,1,1,2.0000,0.0000,0.0000,0.0500,0.7375,-0.0000,0.0000,0.0500,3208,0,1,
63.2338,13131,262665,2558,1936,0,1,1,2.0000,0.0000,0.0000,0.0500,0.7687,-0.0000,-0.0000,0.0500,3209,0,1,
63.2537,13132,262685,2558,1936,0,1,1,2.0000,0.0000,0.0000,0.0500,0.7937,-0.0000,0.0000,0.0500,3210,0,1,
63.2737,13133,262705,2559,1936,0,1,1,2.0000,0.0000,0.0000,0.0500,0.8250,-0.0000,-0.0000,0.0500,3211,0,1,
63.2937,13134,262725,2559,1936,0,1,1,2.0000,0.0000,0.0000,0.0500,0.8500,-0.0000,0.0000,0.0500,3212,0,1,
63.3137,13135,262745,2559,1936,0,1,1,2.0000,0.0000,0.0000,0.0500,0.8750,-0.0000,-0.0000,0.0500,3213,0,1,
63.3338,13136,262765,2559,1936,0,1,1,2.0000,0.0000,0.0000,0.0500,0.9062,-0.0000,0.0000,0.0500,3214,0,1,
63.3538,13137,262785,2559,1936,0,1,1,2.0000,0.0000,0.0000,0.0500,0.9312,-0.0000,-0.0000,0.0500,3215,0,1,
63.3737,13138,262805,2559,1936,0,1,1,2.0000,0.0000,0.0000,0.0500,0.9625,-0.0000,0.0000,0.0500,3216,0,1,
63.4010,13139,262825,2558,1936,0,1,1,2.0000,0.0000,0.0000,0.0500,0.9687,-0.0000,-0.0000,0.0500,3217,0,1,
63.4137,13140,262845,2558,1935,0,1,1,2.0000,0.0000,0.0000,0.0500,0.9875,-0.0000,-0.0000,0.0500,3218,0,1,
63.4339,13141,262865,2558,1935,0,1,1,2.0000,0.0000,0.0000,0.0500,1.0187,-0.0000,0.0000,0.0500,3219,0,1,
63.4538,13142,262885,2558,1935,0,1,1,2.0000,0.0000,0.0000,0.0500,1.0437,-0.0000,-0.0000,0.0500,3220,0,1,
63.4737,13143,262905,2558,1935,0,1,1,2.0000,0.0000,0.0000,0.0500,1.0750,-0.0000,0.0000,0.0500,3221,0,1,
63.4938,13144,262925,2558,1935,0,1,1,2.0000,0.0000,0.0000,0.0500,1.1000,-0.0000,-0.0000,0.0500,3222,0,1,
63.5137,13145,262945,2558,1935,0,1,1,2.0000,0.0000,0.0000,0.0500,1.1250,-0.0000,-0.0000,0.0500,3223,0,1,
63.5338,13146,262965,2558,1935,0,1,1,2.0000,0.0000,0.0000,0.0500,1.1562,-0.0000,-0.0000,0.0500,3224,0,1,
63.5537,13147,262985,2558,1935,0,1,1,2.0000,0.0000,0.0000,0.0500,1.1813,-0.0000,-0.0000,0.0500,3225,0,1,
63.5738,13148,263005,2558,1936,0,1,1,2.0000,0.0000,0.0000,0.0500,1.2125,-0.0000,-0.0000,0.0500,3226,0,1,
63.5938,13149,263025,2558,1936,0,1,1,2.0000,0.0000,0.0000,0.0500,1.2375,-0.0000,-0.0000,0.0500,3227,0,1,
63.6138,13150,263045,2558,1936,0,1,1,2.0000,0.0000,0.0000,0.0500,1.2688,-0.0000,-0.0000,0.0500,3228,0,1,
63.6513,13151,263065,2558,1936,0,1,1,2.0000,0.0000,0.0000,0.0500,1.2938,-0.0000,-0.0000,0.0500,3229,0,1,
63.6582,13152,263085,2558,1936,0,1,1,2.0000,0.0000,0.0000,0.0500,1.3000,-0.0000,0.0000,0.0500,3230,0,1,
63.6738,13153,263105,2558,1936,0,1,1,2.0000,0.0000,0.0000,0.0500,1.3188,-0.0000,0.0000,0.0500,3231,0,1,
63.6938,13154,263125,2558,1936,0,1,1,2.0000,0.0000,0.0000,0.0500,1.3438,-0.0000,-0.0000,0.0500,3232,0,1,
63.7138,13155,263145,2558,1936,0,1,1,2.0000,0.0000,0.0000,0.0500,1.3750,-0.0000,0.0000,0.0500,3233,0,1,
63.7338,13156,263165,2558,1936,0,1,1,2.0000,0.0000,0.0000,0.0500,1.4000,-0.0000,-0.0000,0.0500,3234,0,1,
63.7537,13157,263185,2558,1936,0,1,1,2.0000,0.0000,0.0000,0.0500,1.4313,-0.0000,0.0000,0.0500,3235,0,1,
63.7737,13158,263205,2558,1935,0,1,1,2.0000,0.0000,0.0000,0.0500,1.4563,-0.0000,-0.0000,0.0500,3236,0,1,
63.7937,13159,263225,2558,1935,0,1,1,2.0000,0.0000,0.0000,0.0500,1.4813,-0.0000,-0.0000,0.0500,3237,0,1,
63.8138,13160,263245,2558,1935,0,1,1,2.0000,0.0000,0.0000,0.0500,1.5125,-0.0000,-0.0000,0.0500,3238,0,1,
63.8337,13161,263265,2558,1935,0,1,1,2.0000,0.0000,0.0000,0.0500,1.5375,-0.0000,-0.0000,0.0500,3239,0,1,
63.8538,13162,263285,2558,1935,0,1,1,2.0000,0.0000,0.0000,0.0500,1.5688,-0.0000,-0.0000,0.0500,3240,0,1,
63.8737,13163,263305,2558,1935,0,1,1,2.0000,0.0000,0.0000,0.0500,1.5938,-0.0000,-0.0000,0.0500,3241,0,1,
63.9082,13164,263325,2558,1934,0,1,1,2.0000,0.0000,0.0000,0.0500,1.6188,-0.0000,0.0000,0.0500,3242,0,1,7.09
63.9137,13165,263345,2558,1935,0,1,1,2.0000,0.0000,0.0000,0.0500,1.6250,-0.0000,-0.0000,0.0500,3243,0,1,
63.9337,13166,263365,2558,1935,0,1,1,2.0000,0.0000,0.0000,0.0500,1.6500,-0.0000,-0.0000,0.0500,3244,0,1,
63.9538,13167,263385,2558,1935,0,1,1,2.0000,0.0000,0.0000,0.0500,1.6813,-0.0000,-0.0000,0.0500,3245,0,1,
63.9737,13168,263405,2558,1935,0,1,1,2.0000,0.0000,0.0000,0.0500,1.7063,-0.0000,-0.0000,0.0500,3246,0,1,
63.9938,13169,263425,2558,1935,0,1,1,2.0000,0.0000,0.0000,0.0500,1.7313,-0.0000,0.0000,0.0500,3247,0,1,
64.0138,13170,263445,2558,1935,0,1,1,2.0000,0.0000,0.0000,0.0500,1.7625,-0.0000,-0.0000,0.0500,3248,0,1,
64.0338,13171,263465,2558,1935,0,1,1,2.0000,0.0000,0.0000,0.0500,1.7875,-0.0000,0.0000,0.0500,3249,0,1,
64.0537,13172,263485,2558,1935,0,1,1,2.0000,0.0000,0.0000,0.0500,1.8188,-0.0000,-0.0000,0.0500,3250,0,1,
64.0737,13173,263505,2559,1935,0,1,1,2.0000,0.0000,0.0000,0.0500,1.8438,-0.0000,0.0000,0.0500,3251,0,1,
64.0937,13174,263525,2559,1936,0,1,1,2.0000,0.0000,0.0000,0.0500,1.8750,-0.0000,-0.0000,0.0500,3252,0,1,
64.1138,13175,263545,2558,1936,0,1,1,2.0000,0.0000,0.0000,0.0500,1.9000,-0.0000,0.0000,0.0500,3253,0,1,
64.1338,13176,263565,2558,1936,0,1,1,2.0000,0.0000,0.0000,0.0500,1.9250,-0.0000,-0.0000,0.0500,3254,0,1,
64.1650,13177,263585,2558,1936,0,1,1,2.0000,0.0000,0.0000,0.0500,1.9375,-0.0000,0.0000,0.0500,3255,0,1,
64.1737,13178,263605,2558,1936,0,1,1,2.0000,0.0000,0.0000,0.0500,1.9494,-0.0000,-0.0000,0.0500,3256,0,1,
64.1937,13179,263625,2558,1936,0,1,1,2.0000,0.0000,0.0000,0.0500,1.9701,-0.0000,0.0000,0.0500,3257,0,1,
64.2138,13180,263645,2558,1936,0,1,1,2.0000,0.0000,0.0000,0.0500,1.9804,-0.0000,-0.0000,0.0500,3258,0,1,
64.2338,13181,263665,2558,1936,0,1,1,2.0000,0.0000,0.0000,0.0500,1.9884,-0.0000,0.0000,0.0500,3259,0,1,
64.2538,13182,263685,2558,1936,0,1,1,2.0000,0.0000,0.0000,0.0500,1.9924,-0.0000,0.0000,0.0500,3260,0,1,
64.2738,13183,263705,2558,1936,0,1,1,2.0000,0.0000,0.0000,0.0500,1.9955,-0.0000,0.0000,0.0500,3261,0,1,
64.2937,13184,263725,2559,1936,0,1,1,2.0000,0.0000,0.0000,0.0500,1.9971,-0.0000,0.0000,0.0500,3262,0,1,
64.3137,13185,263745,2559,1936,0,1,1,2.0000,0.0000,0.0000,0.0500,1.9981,-0.0000,0.0000,0.0500,3263,0,1,
64.3337,13186,263765,2559,1936,0,1,1,2.0000,0.0000,0.0000,0.0500,1.9989,-0.0000,0.0000,0.0500,3264,0,1,
64.3537,13187,263785,2559,1936,0,1,1,2.0000,0.0000,0.0000,0.0500,1.9993,-0.0000,0.0000,0.0500,3265,0,1,
64.3737,13188,263805,2559,1936,0,1,1,2.0000,0.0000,0.0000,0.0500,1.9996,-0.0000,0.0000,0.0500,3266,0,1,
64.4081,13189,263825,2559,1936,0,1,1,2.0000,0.0000,0.0000,0.0500,1.9997,-0.0000,0.0000,0.0500,3267,0,1,
64.4152,13190,263845,2559,1936,0,1,1,2.0000,0.0000,0.0000,0.0500,1.9997,-0.0000,0.0000,0.0500,3268,0,1,
64.4337,13191,263865,2559,1936,0,1,1,2.0000,0.0000,0.0000,0.0500,1.9998,-0.0000,0.0000,0.0500,3269,0,1,
64.4537,13192,263885,2559,1936,0,1,1,2.0000,0.0000,0.0000,0.0500,1.9999,-0.0000,0.0000,0.0500,3270,0,1,
64.4738,13193,263905,2559,1936,0,1,1,2.0000,0.0000,0.0000,0.0500,1.9999,-0.0000,0.0000,0.0500,3271,0,1,
64.4937,13194,263925,2559,1936,0,1,1,2.0000,0.0000,0.0000,0.0500,2.0000,-0.0000,0.0000,0.0500,3272,0,1,
64.5137,13195,263945,2559,1936,0,1,1,2.0000,0.0000,0.0000,0.0500,2.0000,-0.0000,0.0000,0.0500,3273,0,1,
64.5338,13196,263965,2558,1936,0,1,1,2.0000,0.0000,0.0000,0.0500,2.0000,-0.0000,0.0000,0.0500,3274,0,1,
64.5538,13197,263985,2558,1935,0,1,1,2.0000,0.0000,0.0000,0.0500,2.0000,-0.0000,0.0000,0.0500,3275,0,1,
64.5737,13198,264005,2558,1935,0,1,1,2.0000,0.0000,0.0000,0.0500,2.0000,-0.0000,0.0000,0.0500,3276,0,1,
64.5937,13199,264025,2558,1935,0,1,1,2.0000,0.0000,0.0000,0.0500,2.0000,-0.0000,0.0000,0.0500,3277,0,1,
64.6138,13200,264045,2558,1936,0,1,1,2.0000,0.0000,0.0000,0.0500,2.0000,-0.0000,0.0000,0.0500,3278,0,1,
64.6338,13201,264065,2558,1935,0,1,1,2.0000,0.0000,0.0000,0.0500,2.0000,-0.0000,0.0000,0.0500,3279,0,1,
64.6738,13203,264105,2558,1935,0,1,1,2.0000,0.0000,0.0000,0.0500,2.0000,-0.0000,0.0000,0.0500,3281,0,1,
64.6938,13204,264125,2558,1936,0,1,1,2.0000,0.0000,0.0000,0.0500,2.0000,0.0000,0.0000,0.0500,3282,0,1,
64.7138,13205,264145,2558,1935,0,1,1,2.0000,0.0000,0.0000,0.0500,2.0000,0.0000,0.0000,0.0500,3283,0,1,
64.7337,13206,264165,2558,1936,0,1,1,2.0000,0.0000,0.0000,0.0500,2.0000,0.0000,0.0000,0.0500,3284,0,1,
64.7537,13207,264185,2557,1936,0,1,1,2.0000,0.0000,0.0000,0.0500,2.0000,0.0000,0.0000,0.0500,3285,0,1,
64.7737,13208,264205,2558,1936,0,1,1,2.0000,0.0000,0.0000,0.0500,2.0000,0.0000,0.0000,0.0500,3286,0,1,
64.7938,13209,264225,2558,1936,0,1,1,2.0000,0.0000,0.0000,0.0500,2.0000,0.0000,0.0000,0.0500,3287,0,1,
64.8137,13210,264245,2558,1936,0,1,1,2.0000,0.0000,0.0000,0.0500,2.0000,0.0000,0.0000,0.0500,3288,0,1,
64.8337,13211,264265,2558,1936,0,0,1,2.0000,0.0000,0.0000,0.0500,2.0000,0.0000,0.0000,0.0500,3289,0,1,
64.8537,13212,264285,2558,1936,0,0,1,2.0000,0.0000,0.0000,0.0500,2.0000,0.0000,0.0000,0.0500,3290,0,1,
64.8738,13213,264305,2558,1936,0,0,1,2.0000,0.0000,0.0000,0.0500,2.0000,0.0000,0.0000,0.0500,3291,0,1,
64.8938,13214,264325,2558,1935,0,0,1,2.0000,0.0000,0.0000,0.0500,2.0000,0.0000,0.0000,0.0500,3292,0,1,
64.9220,13215,264345,2558,1935,0,0,1,2.0000,0.0000,0.0000,0.0500,2.0000,0.0000,0.0000,0.0500,3293,0,1,2.13
64.9338,13216,264365,2559,1935,0,0,1,2.0000,0.0000,0.0000,0.0500,2.0000,0.0000,0.0000,0.0500,3294,0,1,
64.9537,13217,264385,2558,1935,0,0,1,2.0000,0.0000,0.0000,0.0500,2.0000,0.0000,0.0000,0.0500,3295,0,1,
64.9737,13218,264405,2558,1935,0,0,1,2.0000,0.0000,0.0000,0.0500,2.0000,0.0000,0.0000,0.0500,3296,0,1,
64.9937,13219,264425,2558,1935,0,0,1,2.0000,0.0000,0.0000,0.0500,2.0000,0.0000,0.0000,0.0500,3297,0,1,
65.0137,13220,264445,2558,1936,0,0,1,2.0000,0.0000,0.0000,0.0500,2.0000,0.0000,0.0000,0.0500,3298,0,1,
65.0337,13221,264465,2558,1936,0,0,1,2.0000,0.0000,0.0000,0.0500,2.0000,0.0000,0.0000,0.0500,3299,0,1,
65.0537,13222,264485,2558,1936,0,0,1,2.0000,0.0000,0.0000,0.0500,2.0000,0.0000,0.0000,0.0500,3300,0,1,
65.0737,13223,264505,2558,1936,0,0,1,2.0000,0.0000,0.0000,0.0500,2.0000,0.0000,0.0000,0.0500,3301,0,1,
65.0938,13224,264525,2558,1936,0,0,1,2.0000,0.0000,0.0000,0.0500,2.0000,0.0000,0.0000,0.0500,3302,0,1,
65.1137,13225,264545,2558,1936,0,0,1,2.0000,0.0000,0.0000,0.0500,2.0000,0.0000,0.0000,0.0500,3303,0,1,
65.1338,13226,264565,2558,1936,0,0,1,2.0000,0.0000,0.0000,0.0500,2.0000,0.0000,0.0000,0.0500,3304,0,1,
65.1719,13227,264585,2558,1936,0,0,1,2.0000,0.0000,0.0000,0.0500,2.0000,0.0000,0.0000,0.0500,3305,0,1,
65.1737,13228,264605,2558,1936,0,0,1,2.0000,0.0000,0.0000,0.0500,2.0000,0.0000,0.0000,0.0500,3306,0,1,
65.1938,13229,264625,2558,1936,0,0,1,2.0000,0.0000,0.0000,0.0500,2.0000,0.0000,0.0000,0.0500,3307,0,1,
65.2138,13230,264645,2558,1935,0,0,1,2.0000,0.0000,0.0000,0.0500,2.0000,0.0000,0.0000,0.0500,3308,0,1,
65.2338,13231,264665,2558,1935,0,0,1,2.0000,0.0000,0.0000,0.0500,2.0000,-0.0000,0.0000,0.0500,3309,0,1,
65.2538,13232,264685,2558,1936,0,0,1,2.0000,0.0000,0.0000,0.0500,2.0000,-0.0000,0.0000,0.0500,3310,0,1,
65.2737,13233,264705,2558,1936,0,0,1,2.0000,0.0000,0.0000,0.0500,2.0000,-0.0000,0.0000,0.0500,3311,0,1,
65.2938,13234,264725,2559,1936,0,0,1,2.0000,0.0000,0.0000,0.0500,2.0000,-0.0000,0.0000,0.0500,3312,0,1,
65.3138,13235,264745,2559,1936,0,0,1,2.0000,0.0000,0.0000,0.0500,2.0000,-0.0000,0.0000,0.0500,3313,0,1,
65.3337,13236,264765,2559,1936,0,0,1,2.0000,0.0000,0.0000,0.0500,2.0000,-0.0000,0.0000,0.0500,3314,0,1,
65.3538,13237,264785,2558,1936,0,0,1,2.0000,0.0000,0.0000,0.0500,2.0000,-0.0000,0.0000,0.0500,3315,0,1,
65.3737,13238,264805,2558,1936,0,0,1,2.0000,0.0000,0.0000,0.0500,2.0000,-0.0000,0.0000,0.0500,3316,0,1,
65.3938,13239,264825,2558,1936,0,0,1,2.0000,0.0000,0.0000,0.0500,2.0000,-0.0000,0.0000,0.0500,3317,0,1,
65.4219,13240,264845,2558,1936,0,0,1,2.0000,0.0000,0.0000,0.0500,2.0000,-0.0000,0.0000,0.0500,3318,0,1,
65.4338,13241,264865,2558,1936,0,0,1,2.0000,0.0000,0.0000,0.0500,2.0000,-0.0000,0.0000,0.0500,3319,0,1,
65.4537,13242,264885,2558,1936,0,0,1,2.0000,0.0000,0.0000,0.0500,2.0000,-0.0000,0.0000,0.0500,3320,0,1,
65.4738,13243,264905,2558,1936,0,0,1,2.0000,0.0000,0.0000,0.0500,2.0000,-0.0000,0.0000,0.0500,3321,0,1,
65.4937,13244,264925,2558,1936,0,0,1,2.0000,0.0000,0.0000,0.0500,2.0000,-0.0000,0.0000,0.0500,3322,0,1,
65.5137,13245,264945,2558,1936,0,0,1,2.0000,0.0000,0.0000,0.0500,2.0000,-0.0000,0.0000,0.0500,3323,0,1,
65.5337,13246,264965,2558,1936,0,0,1,2.0000,0.0000,0.0000,0.0500,2.0000,-0.0000,0.0000,0.0500,3324,0,1,
65.5537,13247,264985,2558,1936,0,0,1,2.0000,0.0000,0.0000,0.0500,2.0000,-0.0000,0.0000,0.0500,3325,0,1,
65.5737,13248,265005,2558,1936,0,0,1,2.0000,0.0000,0.0000,0.0500,2.0000,-0.0000,0.0000,0.0500,3326,0,1,
65.5938,13249,265025,2558,1937,0,0,1,2.0000,0.0000,0.0000,0.0500,2.0000,-0.0000,0.0000,0.0500,3327,0,1,
65.6139,13250,265045,2558,1937,0,0,1,2.0000,0.0000,0.0000,0.0500,2.0000,-0.0000,0.0000,0.0500,3328,0,1,
65.6337,13251,265065,2558,1937,0,0,1,2.0000,0.0000,0.0000,0.0500,2.0000,-0.0000,0.0000,0.0500,3329,0,1,
65.6537,13252,265085,2558,1936,0,0,1,-2.0000,0.0000,0.0000,0.0500,1.9750,-0.0000,-0.0000,0.0500,3330,0,1,
65.6788,13253,265105,2558,1936,0,0,1,-2.0000,0.0000,0.0000,0.0500,1.9625,-0.0000,0.0000,0.0500,3331,0,1,
65.6937,13254,265125,2558,1936,0,0,1,-2.0000,0.0000,0.0000,0.0500,1.9437,-0.0000,0.0000,0.0500,3332,0,1,
65.7137,13255,265145,2558,1936,0,0,1,-2.0000,0.0000,0.0000,0.0500,1.9187,-0.0000,0.0000,0.0500,3333,0,1,
65.7337,13256,265165,2558,1936,0,0,1,-2.0000,0.0000,0.0000,0.0500,1.8875,-0.0000,-0.0000,0.0500,3334,0,1,
65.7538,13257,265185,2558,1936,0,0,1,-2.0000,0.0000,0.0000,0.0500,1.8625,-0.0000,0.0000,0.0500,3335,0,1,
65.7738,13258,265205,2558,1936,0,0,1,-2.0000,0.0000,0.0000,0.0500,1.8312,-0.0000,-0.0000,0.0500,3336,0,1,
65.7938,13259,265225,2558,1935,0,0,1,-2.0000,0.0000,0.0000,0.0500,1.8062,-0.0000,0.0000,0.0500,3337,0,1,
65.8137,13260,265245,2558,1935,0,0,1,-2.0000,0.0000,0.0000,0.0500,1.7812,-0.0000,-0.0000,0.0500,3338,0,1,
65.8337,13261,265265,2558,1936,0,0,1,-2.0000,0.0000,0.0000,0.0500,1.7500,-0.0000,0.0000,0.0500,3339,0,1,
65.8538,13262,265285,2558,1936,0,0,1,-2.0000,0.0000,0.0000,0.0500,1.7250,-0.0000,-0.0000,0.0500,3340,0,1,
65.8737,13263,265305,2558,1936,0,0,1,-2.0000,0.0000,0.0000,0.0500,1.6937,-0.0000,0.0000,0.0500,3341,0,1,
65.8937,13264,265325,2558,1936,0,0,1,-2.0000,0.0000,0.0000,0.0500,1.6687,-0.0000,-0.0000,0.0500,3342,0,1,
65.9287,13265,265345,2558,1936,0,0,1,-2.0000,0.0000,0.0000,0.0500,1.6500,-0.0000,-0.0000,0.0500,3343,0,1,
65.9346,13266,265365,2558,1936,0,0,1,-2.0000,0.0000,0.0000,0.0500,1.6375,-0.0000,0.0000,0.0500,3344,0,1,5.88
65.9538,13267,265385,2558,1936,0,0,1,-2.0000,0.0000,0.0000,0.0500,1.6125,-0.0000,-0.0000,0.0500,3345,0,1,
65.9738,13268,265405,2558,1936,0,0,1,-2.0000,0.0000,0.0000,0.0500,1.5875,-0.0000,-0.0000,0.0500,3346,0,1,
65.9938,13269,265425,2558,1936,0,0,1,-2.0000,0.0000,0.0000,0.0500,1.5562,-0.0000,-0.0000,0.0500,3347,0,1,
66.0137,13270,265445,2558,1936,0,0,1,-2.0000,0.0000,0.0000,0.0500,1.5312,-0.0000,-0.0000,0.0500,3348,0,1,
66.0338,13271,265465,2558,1936,0,0,1,-2.0000,0.0000,0.0000,0.0500,1.5000,-0.0000,-0.0000,0.0500,3349,0,1,
66.0538,13272,265485,2559,1936,0,0,1,-2.0000,0.0000,0.0000,0.0500,1.4750,-0.0000,-0.0000,0.0500,3350,0,1,
66.0737,13273,265505,2558,1936,0,0,1,-2.0000,0.0000,0.0000,0.0500,1.4437,-0.0000,-0.0000,0.0500,3351,0,1,
66.0938,13274,265525,2559,1936,0,0,1,-2.0000,0.0000,0.0000,0.0500,1.4187,-0.0000,-0.0000,0.0500,3352,0,1,
66.1137,13275,265545,2559,1936,0,0,1,-2.0000,0.0000,0.0000,0.0500,1.3937,-0.0000,0.0000,0.0500,3353,0,1,
66.1338,13276,265565,2558,1936,0,0,1,-2.0000,0.0000,0.0000,0.0500,1.3625,-0.0000,-0.0000,0.0500,3354,0,1,
66.1537,13277,265585,2558,1936,0,0,1,-2.0000,0.0000,0.0000,0.0500,1.3375,-0.0000,0.0000,0.0500,3355,0,1,
66.1788,13278,265605,2559,1936,0,0,1,-2.0000,0.0000,0.0000,0.0500,1.3312,-0.0000,-0.0000,0.0500,3356,0,1,
66.1937,13279,265625,2558,1936,0,0,1,-2.0000,0.0000,0.0000,0.0500,1.3062,-0.0000,-0.0000,0.0500,3357,0,1,
66.2138,13280,265645,2558,1936,0,0,1,-2.0000,0.0000,0.0000,0.0500,1.2812,-0.0000,0.0000,0.0500,3358,0,1,
66.2338,13281,265665,2558,1936,0,0,0,0.6421,-0.1122,0.0000,0.0000,1.2500,-0.0050,0.0000,0.0482,3359,0,1,
66.2537,13282,265685,2558,1936,0,0,0,0.6421,-0.1122,0.0000,0.0000,1.2250,-0.0250,-0.0000,0.0398,3360,0,1,
66.2739,13283,265705,2558,1935,0,0,0,0.6421,-0.1132,0.0000,0.0000,1.1937,-0.0500,-0.0000,0.0294,3361,0,1,
66.2937,13284,265725,2558,1935,0,0,0,0.6421,-0.1132,0.0000,0.0000,1.1687,-0.0698,-0.0000,0.0211,3362,0,1,
66.3138,13285,265745,2558,1935,0,0,0,0.6421,-0.1132,0.0000,0.0000,1.1437,-0.0848,-0.0000,0.0138,3363,0,1,
66.3338,13286,265765,2558,1936,0,0,0,0.6421,-0.1122,0.0000,0.0000,1.1125,-0.0963,-0.0000,0.0082,3364,0,1,
66.3538,13287,265785,2558,1936,0,0,0,0.6421,-0.1122,0.0000,0.0000,1.0875,-0.1018,-0.0000,0.0054,3365,0,1,
66.3738,13288,265805,2557,1936,0,0,0,0.6409,-0.1122,0.0000,0.0000,1.0562,-0.1061,-0.0000,0.0032,3366,0,1,
66.3937,13289,265825,2558,1936,0,0,0,0.6421,-0.1122,0.0000,0.0000,1.0312,-0.1082,-0.0000,0.0021,3367,0,1,
66.4291,13290,265845,2558,1936,0,0,0,0.6421,-0.1122,0.0000,0.0000,1.0062,-0.1096,-0.0000,0.0014,3368,0,1,
66.4337,13291,265865,2558,1936,0,0,0,0.6421,-0.1122,0.0000,0.0000,1.0000,-0.1098,-0.0000,0.0012,3369,0,1,
66.4537,13292,265885,2558,1936,0,0,0,0.6421,-0.1122,0.0000,0.0000,0.9750,-0.1107,-0.0000,0.0008,3370,0,1,
66.4737,13293,265905,2558,1936,0,0,0,0.6421,-0.1122,0.0000,0.0000,0.9437,-0.1113,-0.0000,0.0005,3371,0,1,
66.4937,13294,265925,2558,1936,0,0,0,0.6421,-0.1122,0.0000,0.0000,0.9187,-0.1116,-0.0000,0.0003,3372,0,1,
66.5139,13295,265945,2558,1936,0,0,0,0.6421,-0.1122,0.0000,0.0000,0.8937,-0.1118,-0.0000,0.0002,3373,0,1,
66.5337,13296,265965,2558,1936,0,0,0,0.6421,-0.1122,0.0000,0.0000,0.8625,-0.1120,-0.0000,0.0001,3374,0,1,
66.5538,13297,265985,2558,1936,0,0,0,0.6421,-0.1122,0.0000,0.0000,0.8375,-0.1121,-0.0000,0.0001,3375,0,1,
66.5737,13298,266005,2558,1936,0,0,0,0.6421,-0.1122,0.0000,0.0000,0.8062,-0.1121,-0.0000,0.0000,3376,0,1,
66.5938,13299,266025,2558,1936,0,0,0,0.6421,-0.1122,0.0000,0.0000,0.7812,-0.1122,-0.0000,0.0000,3377,0,1,
66.6138,13300,266045,2558,1936,0,0,0,0.6421,-0.1122,0.0000,0.0000,0.7562,-0.1122,-0.0000,0.0000,3378,0,1,
66.6337,13301,266065,2558,1936,0,0,0,0.6421,-0.1122,0.0000,0.0000,0.7250,-0.1122,-0.0000,0.0000,3379,0,1,
66.6537,13302,266085,2558,1937,0,0,0,0.6421,-0.1112,0.0000,0.0000,0.7000,-0.1121,-0.0000,0.0000,3380,0,1,
66.6788,13303,266105,2559,1936,0,0,0,0.6434,-0.1122,0.0000,0.0000,0.6891,-0.1120,-0.0000,0.0000,3381,0,1,
66.6938,13304,266125,2559,1936,0,0,0,0.6434,-0.1122,0.0000,0.0000,0.6804,-0.1121,-0.0000,0.0000,3382,0,1,
66.7137,13305,266145,2559,1936,0,0,0,0.6434,-0.1122,0.0000,0.0000,0.6653,-0.1121,-0.0000,0.0000,3383,0,1,
66.7337,13306,266165,2558,1936,0,0,0,0.6421,-0.1122,0.0000,0.0000,0.6576,-0.1122,-0.0000,0.0000,3384,0,1,
66.7538,13307,266185,2558,1936,0,0,0,0.6421,-0.1122,0.0000,0.0000,0.6513,-0.1122,-0.0000,0.0000,3385,0,1,
66.7736,13308,266205,2558,1936,0,0,0,0.6421,-0.1122,0.0000,0.0000,0.6481,-0.1122,-0.0000,0.0000,3386,0,1,
66.7938,13309,266225,2558,1936,0,0,0,0.6421,-0.1122,0.0000,0.0000,0.6461,-0.1122,-0.0000,0.0000,3387,0,1,
66.8137,13310,266245,2558,1936,0,0,0,0.6421,-0.1122,0.0000,0.0000,0.6445,-0.1122,-0.0000,0.0000,3388,0,1,
66.8338,13311,266265,2558,1936,0,0,0,0.6421,-0.1122,0.0000,0.0000,0.6437,-0.1122,-0.0000,0.0000,3389,0,1,
66.8538,13312,266285,2558,1936,0,0,0,0.6421,-0.1122,0.0000,0.0000,0.6430,-0.1122,-0.0000,0.0000,3390,0,1,
66.8738,13313,266305,2558,1936,0,0,0,0.6421,-0.1122,0.0000,0.0000,0.6427,-0.1122,-0.0000,0.0000,3391,0,1,
66.8937,13314,266325,2558,1936,0,0,0,0.6421,-0.1122,0.0000,0.0000,0.6425,-0.1122,-0.0000,0.0000,3392,0,1,
66.9286,13315,266345,2558,1936,0,0,0,0.6421,-0.1122,0.0000,0.0000,0.6424,-0.1122,-0.0000,0.0000,3393,0,1,
66.9357,13316,266365,2558,1936,0,0,0,0.6421,-0.1122,0.0000,0.0000,0.6423,-0.1122,-0.0000,0.0000,3394,0,1,2.14
66.9539,13317,266385,2558,1935,0,0,0,0.6421,-0.1132,0.0000,0.0000,0.6423,-0.1123,-0.0000,0.0000,3395,0,1,
66.9738,13318,266405,2558,1935,0,0,0,0.6421,-0.1132,0.0000,0.0000,0.6422,-0.1126,-0.0000,0.0000,3396,0,1,
66.9937,13319,266425,2560,1935,0,0,0,0.6447,-0.1132,0.0000,0.0000,0.6424,-0.1128,-0.0000,0.0000,3397,0,1,
67.0137,13320,266445,2559,1936,0,0,0,0.6434,-0.1122,0.0000,0.0000,0.6432,-0.1129,-0.0000,0.0000,3398,0,1,
67.0338,13321,266465,2559,1936,0,0,0,0.6434,-0.1122,0.0000,0.0000,0.6433,-0.1127,-0.0000,0.0000,3399,0,1,
67.0537,13322,266485,2559,1936,0,0,0,0.6434,-0.1122,0.0000,0.0000,0.6433,-0.1125,-0.0000,0.0000,3400,0,1,
67.0737,13323,266505,2559,1936,0,0,0,0.6434,-0.1122,0.0000,0.0000,0.6434,-0.1124,-0.0000,0.0000,3401,0,1,
67.0937,13324,266525,2558,1936,0,0,0,0.6421,-0.1122,0.0000,0.0000,0.6432,-0.1123,-0.0000,0.0000,3402,0,1,
67.1137,13325,266545,2558,1937,0,0,0,0.6421,-0.1112,0.0000,0.0000,0.6428,-0.1122,-0.0000,0.0000,3403,0,1,
67.1338,13326,266565,2558,1937,0,0,0,0.6421,-0.1112,0.0000,0.0000,0.6426,-0.1119,-0.0000,0.0000,3404,0,1,
67.1537,13327,266585,2558,1936,0,0,0,0.6421,-0.1122,0.0000,0.0000,0.6424,-0.1117,-0.0000,0.0000,3405,0,1,
67.1785,13328,266605,2558,1936,0,0,0,0.6421,-0.1122,0.0000,0.0000,0.6423,-0.1118,-0.0000,0.0000,3406,0,1,
67.1937,13329,266625,2558,1936,0,0,0,0.6421,-0.1122,0.0000,0.0000,0.6423,-0.1119,-0.0000,0.0000,3407,0,1,
67.2137,13330,266645,2558,1936,0,0,1,0.0000,0.0000,0.0000,0.0500,0.6360,-0.1070,-0.0000,0.0019,3408,0,1,
67.2337,13331,266665,2558,1936,0,0,1,0.0000,0.0000,0.0000,0.0500,0.6110,-0.0870,0.0000,0.0102,3409,0,1,
67.2537,13332,266685,2558,1936,0,0,1,0.0000,0.0000,0.0000,0.0500,0.5797,-0.0620,0.0000,0.0206,3410,0,1,
67.2737,13333,266705,2558,1936,0,0,1,0.0000,0.0000,0.0000,0.0500,0.5547,-0.0423,0.0000,0.0290,3411,0,1,
67.2968,13334,266725,2558,1936,0,0,1,0.0000,0.0000,0.0000,0.0500,0.5235,-0.0250,-0.0000,0.0376,3412,0,1,
67.3137,13335,266745,2558,1936,0,0,1,0.0000,0.0000,0.0000,0.0500,0.5047,-0.0182,-0.0000,0.0409,3413,0,1,
67.3337,13336,266765,2558,1937,0,0,1,0.0000,0.0000,0.0000,0.0500,0.4735,-0.0107,-0.0000,0.0446,3414,0,1,
67.3537,13337,266785,2558,1936,0,0,1,0.0000,0.0000,0.0000,0.0500,0.4485,-0.0070,-0.0000,0.0465,3415,0,1,
67.3738,13338,266805,2558,1936,0,0,1,0.0000,0.0000,0.0000,0.0500,0.4235,-0.0046,-0.0000,0.0477,3416,0,1,
67.3937,13339,266825,2558,1935,0,0,1,0.0000,0.0000,0.0000,0.0500,0.3922,-0.0027,-0.0000,0.0486,3417,0,1,
67.4138,13340,266845,2558,1935,0,0,1,0.0000,0.0000,0.0000,0.0500,0.3672,-0.0018,-0.0000,0.0491,3418,0,1,
67.4432,13341,266865,2558,1935,0,0,1,0.0000,0.0000,0.0000,0.0500,0.3547,-0.0014,-0.0000,0.0493,3419,0,1,
67.4538,13342,266885,2558,1935,0,0,1,0.0000,0.0000,0.0000,0.0500,0.3422,-0.0011,-0.0000,0.0494,3420,0,1,
67.4738,13343,266905,2558,1935,0,0,1,0.0000,0.0000,0.0000,0.0500,0.3172,-0.0007,-0.0000,0.0496,3421,0,1,
67.4937,13344,266925,2558,1935,0,0,1,0.0000,0.0000,0.0000,0.0500,0.2860,-0.0004,-0.0000,0.0498,3422,0,1,
67.5137,13345,266945,2558,1935,0,0,1,0.0000,0.0000,0.0000,0.0500,0.2610,-0.0003,-0.0000,0.0499,3423,0,1,
67.5338,13346,266965,2558,1935,0,0,1,0.0000,0.0000,0.0000,0.0500,0.2297,-0.0002,-0.0000,0.0499,3424,0,1,
67.5538,13347,266985,2558,1935,0,0,1,0.0000,0.0000,0.0000,0.0500,0.2047,-0.0001,0.0000,0.0499,3425,0,1,
67.5738,13348,267005,2558,1935,0,0,1,0.0000,0.0000,0.0000,0.0500,0.1797,-0.0001,0.0000,0.0500,3426,0,1,
67.5937,13349,267025,2559,1935,0,0,1,0.0000,0.0000,0.0000,0.0500,0.1485,-0.0000,0.0000,0.0500,3427,0,1,
67.6138,13350,267045,2559,1936,0,0,1,0.0000,0.0000,0.0000,0.0500,0.1235,-0.0000,0.0000,0.0500,3428,0,1,
67.6337,13351,267065,2559,1936,0,0,1,0.0000,0.0000,0.0000,0.0500,0.0922,-0.0000,0.0000,0.0500,3429,0,1,
67.6538,13352,267085,2559,1936,0,0,1,0.0000,0.0000,0.0000,0.0500,0.0672,-0.0000,0.0000,0.0500,3430,0,1,
67.6938,13354,267125,2559,1936,0,0,1,0.0000,0.0000,0.0000,0.0500,0.0445,-0.0000,0.0000,0.0500,3432,0,1,
67.7137,13355,267145,2559,1936,0,0,1,0.0000,0.0000,0.0000,0.0500,0.0292,-0.0000,0.0000,0.0500,3433,0,1,
67.7338,13356,267165,2558,1936,0,0,1,0.0000,0.0000,0.0000,0.0500,0.0172,-0.0000,0.0000,0.0500,3434,0,1,
67.7537,13357,267185,2558,1936,0,0,1,0.0000,0.0000,0.0000,0.0500,0.0113,-0.0000,0.0000,0.0500,3435,0,1,
67.7737,13358,267205,2558,1936,0,0,1,0.0000,0.0000,0.0000,0.0500,0.0074,-0.0000,0.0000,0.0500,3436,0,1,
67.7937,13359,267225,2558,1936,0,0,1,0.0000,0.0000,0.0000,0.0500,0.0044,-0.0000,0.0000,0.0500,3437,0,1,
67.8138,13360,267245,2558,1936,0,0,1,0.0000,0.0000,0.0000,0.0500,0.0029,-0.0000,0.0000,0.0500,3438,0,1,
67.8337,13361,267265,2558,1936,0,0,1,0.0000,0.0000,0.0000,0.0500,0.0017,-0.0000,0.0000,0.0500,3439,0,1,
67.8537,13362,267285,2558,1936,0,0,1,0.0000,0.0000,0.0000,0.0500,0.0011,-0.0000,0.0000,0.0500,3440,0,1,
67.8738,13363,267305,2558,1937,0,0,1,0.0000,0.0000,0.0000,0.0500,0.0007,-0.0000,0.0000,0.0500,3441,0,1,
67.8937,13364,267325,2558,1937,0,0,1,0.0000,0.0000,0.0000,0.0500,0.0004,-0.0000,0.0000,0.0500,3442,0,1,
67.9137,13365,267345,2558,1937,0,0,1,0.0000,0.0000,0.0000,0.0500,0.0003,-0.0000,0.0000,0.0500,3443,0,1,
67.9428,13366,267365,2558,1937,0,0,0,0.6421,-0.1112,0.0000,0.0000,0.0065,-0.0050,0.0000,0.0482,3444,0,1,2.11
67.9538,13367,267385,2558,1937,0,0,0,0.6421,-0.1112,0.0000,0.0000,0.0190,-0.0150,0.0000,0.0440,3445,0,1,
67.9738,13368,267405,2558,1937,0,0,0,0.6421,-0.1112,0.0000,0.0000,0.0440,-0.0350,-0.0000,0.0357,3446,0,1,
67.9937,13369,267425,2559,1936,0,0,0,0.6434,-0.1122,0.0000,0.0000,0.0752,-0.0600,-0.0000,0.0252,3447,0,1,
68.0137,13370,267445,2558,1936,0,0,0,0.6421,-0.1122,0.0000,0.0000,0.1002,-0.0778,-0.0000,0.0171,3448,0,1,
68.0337,13371,267465,2558,1936,0,0,0,0.6421,-0.1122,0.0000,0.0000,0.1315,-0.0919,-0.0000,0.0101,3449,0,1,
68.0537,13372,267485,2558,1936,0,0,0,0.6421,-0.1122,0.0000,0.0000,0.1565,-0.0989,-0.0000,0.0066,3450,0,1,
68.0738,13373,267505,2558,1936,0,0,0,0.6421,-0.1122,0.0000,0.0000,0.1815,-0.1035,-0.0000,0.0043,3451,0,1,
68.0938,13374,267525,2558,1936,0,0,0,0.6421,-0.1122,0.0000,0.0000,0.2127,-0.1071,-0.0000,0.0026,3452,0,1,
68.1138,13375,267545,2558,1936,0,0,0,0.6421,-0.1122,0.0000,0.0000,0.2377,-0.1088,-0.0000,0.0017,3453,0,1,
68.1337,13376,267565,2558,1936,0,0,0,0.6421,-0.1122,0.0000,0.0000,0.2690,-0.1102,-0.0000,0.0010,3454,0,1,
68.1538,13377,267585,2558,1936,0,0,0,0.6421,-0.1122,0.0000,0.0000,0.2940,-0.1109,-0.0000,0.0007,3455,0,1,
68.1994,13379,267625,2559,1936,0,0,0,0.6434,-0.1122,0.0000,0.0000,0.3252,-0.1115,-0.0000,0.0004,3457,0,1,
68.2138,13380,267645,2558,1936,0,0,0,0.6421,-0.1122,0.0000,0.0000,0.3502,-0.1117,-0.0000,0.0003,3458,0,1,
68.2338,13381,267665,2558,1935,0,0,0,0.6421,-0.1132,0.0000,0.0000,0.3752,-0.1120,-0.0000,0.0002,3459,0,1,
68.2543,13382,267685,2559,1935,0,0,0,0.6434,-0.1132,0.0000,0.0000,0.4065,-0.1125,-0.0000,0.0001,3460,0,1,
68.2737,13383,267705,2559,1936,0,0,0,0.6434,-0.1122,0.0000,0.0000,0.4315,-0.1127,-0.0000,0.0001,3461,0,1,
68.2937,13384,267725,2558,1936,0,0,0,0.6421,-0.1122,0.0000,0.0000,0.4565,-0.1125,-0.0000,0.0000,3462,0,1,
68.3138,13385,267745,2558,1936,0,0,0,0.6421,-0.1122,0.0000,0.0000,0.4877,-0.1124,-0.0000,0.0000,3463,0,1,
68.3338,13386,267765,2558,1936,0,0,0,0.6421,-0.1122,0.0000,0.0000,0.5127,-0.1123,-0.0000,0.0000,3464,0,1,
68.3538,13387,267785,2558,1936,0,0,0,0.6421,-0.1122,0.0000,0.0000,0.5377,-0.1123,-0.0000,0.0000,3465,0,1,
68.3737,13388,267805,2558,1936,0,0,0,0.6421,-0.1122,0.0000,0.0000,0.5690,-0.1123,-0.0000,0.0000,3466,0,1,
68.3937,13389,267825,2558,1936,0,0,0,0.6421,-0.1122,0.0000,0.0000,0.5930,-0.1123,-0.0000,0.0000,3467,0,1,
68.4138,13390,267845,2558,1936,0,0,0,0.6421,-0.1122,0.0000,0.0000,0.6131,-0.1122,-0.0000,0.0000,3468,0,1,
68.4494,13391,267865,2558,1936,0,0,0,0.6421,-0.1122,0.0000,0.0000,0.6210,-0.1122,-0.0000,0.0000,3469,0,1,
68.4538,13392,267885,2559,1935,0,0,0,0.6434,-0.1132,0.0000,0.0000,0.6232,-0.1123,-0.0000,0.0000,3470,0,1,
68.4737,13393,267905,2559,1935,0,0,0,0.6434,-0.1132,0.0000,0.0000,0.6315,-0.1127,-0.0000,0.0000,3471,0,1,
68.4937,13394,267925,2559,1936,0,0,0,0.6434,-0.1122,0.0000,0.0000,0.6356,-0.1128,-0.0000,0.0000,3472,0,1,
68.5137,13395,267945,2559,1936,0,0,0,0.6434,-0.1122,0.0000,0.0000,0.6388,-0.1126,-0.0000,0.0000,3473,0,1,
68.5338,13396,267965,2559,1936,0,0,0,0.6434,-0.1122,0.0000,0.0000,0.6404,-0.1124,-0.0000,0.0000,3474,0,1,
68.5537,13397,267985,2558,1936,0,0,0,0.6421,-0.1122,0.0000,0.0000,0.6415,-0.1124,-0.0000,0.0000,3475,0,1,
68.5738,13398,268005,2558,1936,0,0,0,0.6421,-0.1122,0.0000,0.0000,0.6417,-0.1123,-0.0000,0.0000,3476,0,1,
68.5937,13399,268025,2558,1936,0,0,0,0.6421,-0.1122,0.0000,0.0000,0.6419,-0.1123,-0.0000,0.0000,3477,0,1,
68.6138,13400,268045,2558,1936,0,0,0,0.6421,-0.1122,0.0000,0.0000,0.6420,-0.1123,-0.0000,0.0000,3478,0,1,
68.6338,13401,268065,2558,1936,0,0,0,0.6421,-0.1122,0.0000,0.0000,0.6420,-0.1122,-0.0000,0.0000,3479,0,1,
68.6537,13402,268085,2558,1936,0,0,0,0.6421,-0.1122,0.0000,0.0000,0.6421,-0.1122,-0.0000,0.0000,3480,0,1,
68.6737,13403,268105,2558,1936,0,0,0,0.6421,-0.1122,0.0000,0.0000,0.6421,-0.1122,-0.0000,0.0000,3481,0,1,
68.7064,13404,268125,2558,1936,0,0,0,0.6421,-0.1122,0.0000,0.0000,0.6421,-0.1122,-0.0000,0.0000,3482,0,1,
68.7137,13405,268145,2558,1936,0,0,0,0.6421,-0.1122,0.0000,0.0000,0.6421,-0.1122,-0.0000,0.0000,3483,0,1,
68.7338,13406,268165,2558,1936,0,0,0,0.6421,-0.1122,0.0000,0.0000,0.6421,-0.1122,-0.0000,0.0000,3484,0,1,
68.7538,13407,268185,2558,1937,0,0,0,0.6421,-0.1112,0.0000,0.0000,0.6421,-0.1121,-0.0000,0.0000,3485,0,1,
68.7738,13408,268205,2558,1937,0,0,0,0.6421,-0.1112,0.0000,0.0000,0.6421,-0.1118,-0.0000,0.0000,3486,0,1,
68.7938,13409,268225,2558,1937,0,0,0,0.6421,-0.1112,0.0000,0.0000,0.6421,-0.1116,-0.0000,0.0000,3487,0,1,
68.8137,13410,268245,2558,1937,0,0,0,0.6421,-0.1112,0.0000,0.0000,0.6421,-0.1115,-0.0000,0.0000,3488,0,1,
68.8337,13411,268265,2558,1937,0,0,0,0.6421,-0.1112,0.0000,0.0000,0.6421,-0.1114,-0.0000,0.0000,3489,0,1,
68.8537,13412,268285,2558,1937,0,0,0,0.6421,-0.1112,0.0000,0.0000,0.6421,-0.1113,-0.0000,0.0000,3490,0,1,
68.8738,13413,268305,2558,1937,0,0,0,0.6421,-0.1112,0.0000,0.0000,0.6421,-0.1113,-0.0000,0.0000,3491,0,1,
68.8939,13414,268325,2558,1937,0,0,0,0.6421,-0.1112,0.0000,0.0000,0.6421,-0.1113,-0.0000,0.0000,3492,0,1,
68.9138,13415,268345,2558,1937,0,0,0,0.6421,-0.1112,0.0000,0.0000,0.6421,-0.1112,-0.0000,0.0000,3493,0,1,
68.9563,13417,268385,2558,1936,0,0,0,0.6421,-0.1122,0.0000,0.0000,0.6421,-0.1113,-0.0000,0.0000,3495,0,1,6.76
68.9738,13418,268405,2558,1936,0,0,0,0.6421,-0.1122,0.0000,0.0000,0.6421,-0.1116,-0.0000,0.0000,3496,0,1,
68.9939,13419,268425,2558,1936,0,0,0,0.6421,-0.1122,0.0000,0.0000,0.6421,-0.1119,-0.0000,0.0000,3497,0,1,
69.0138,13420,268445,2558,1936,0,0,0,0.6421,-0.1122,0.0000,0.0000,0.6421,-0.1120,-0.0000,0.0000,3498,0,1,
69.0337,13421,268465,2558,1936,0,0,0,0.6421,-0.1122,0.0000,0.0000,0.6421,-0.1121,-0.0000,0.0000,3499,0,1,
69.0538,13422,268485,2558,1936,0,0,0,0.6421,-0.1122,0.0000,0.0000,0.6421,-0.1121,-0.0000,0.0000,3500,0,1,
69.0740,13423,268505,2558,1936,0,0,0,0.6421,-0.1122,0.0000,0.0000,0.6421,-0.1122,-0.0000,0.0000,3501,0,1,
69.0938,13424,268525,2558,1936,0,0,0,0.6421,-0.1122,0.0000,0.0000,0.6421,-0.1122,-0.0000,0.0000,3502,0,1,
69.1138,13425,268545,2558,1936,0,0,0,0.6421,-0.1122,0.0000,0.0000,0.6421,-0.1122,-0.0000,0.0000,3503,0,1,
69.1338,13426,268565,2558,1936,0,0,0,0.6421,-0.1122,0.0000,0.0000,0.6421,-0.1122,-0.0000,0.0000,3504,0,1,
69.1538,13427,268585,2559,1937,0,0,0,0.6434,-0.1112,0.0000,0.0000,0.6423,-0.1121,-0.0000,0.0000,3505,0,1,
69.1738,13428,268605,2559,1937,0,0,0,0.6434,-0.1112,0.0000,0.0000,0.6427,-0.1118,-0.0000,0.0000,3506,0,1,
69.2061,13429,268625,2559,1936,0,0,0,0.6434,-0.1122,0.0000,0.0000,0.6429,-0.1117,-0.0000,0.0000,3507,0,1,
69.2138,13430,268645,2559,1936,0,0,0,0.6434,-0.1122,0.0000,0.0000,0.6430,-0.1118,-0.0000,0.0000,3508,0,1,
69.2338,13431,268665,2559,1936,0,0,0,0.6434,-0.1122,0.0000,0.0000,0.6431,-0.1120,-0.0000,0.0000,3509,0,1,
69.2538,13432,268685,2558,1936,0,0,0,0.6421,-0.1122,0.0000,0.0000,0.6431,-0.1121,-0.0000,0.0000,3510,0,1,
69.2737,13433,268705,2558,1936,0,0,0,0.6421,-0.1122,0.0000,0.0000,0.6428,-0.1121,-0.0000,0.0000,3511,0,1,
69.2938,13434,268725,2558,1936,0,0,0,0.6421,-0.1122,0.0000,0.0000,0.6425,-0.1122,-0.0000,0.0000,3512,0,1,
69.3138,13435,268745,2558,1936,0,0,0,0.6421,-0.1122,0.0000,0.0000,0.6424,-0.1122,-0.0000,0.0000,3513,0,1,
69.3338,13436,268765,2558,1936,0,0,0,0.6421,-0.1122,0.0000,0.0000,0.6423,-0.1122,-0.0000,0.0000,3514,0,1,
69.3538,13437,268785,2558,1936,0,0,0,0.6421,-0.1122,0.0000,0.0000,0.6422,-0.1122,-0.0000,0.0000,3515,0,1,
69.3738,13438,268805,2558,1936,0,0,0,0.6421,-0.1122,0.0000,0.0000,0.6422,-0.1122,-0.0000,0.0000,3516,0,1,
69.3938,13439,268825,2558,1936,0,0,0,0.6421,-0.1122,0.0000,0.0000,0.6422,-0.1122,-0.0000,0.0000,3517,0,1,
69.4138,13440,268845,2558,1936,0,0,0,0.6421,-0.1122,0.0000,0.0000,0.6422,-0.1122,-0.0000,0.0000,3518,0,1,
69.4337,13441,268865,2558,1936,0,0,0,0.6421,-0.1122,0.0000,0.0000,0.6422,-0.1122,-0.0000,0.0000,3519,0,1,
69.4630,13442,268885,2558,1936,0,0,0,0.6421,-0.1122,0.0000,0.0000,0.6422,-0.1122,-0.0000,0.0000,3520,0,1,
69.4739,13443,268905,2558,1937,0,0,0,0.6421,-0.1112,0.0000,0.0000,0.6421,-0.1121,-0.0000,0.0000,3521,0,1,
69.4937,13444,268925,2558,1937,0,0,0,0.6421,-0.1112,0.0000,0.0000,0.6421,-0.1118,-0.0000,0.0000,3522,0,1,
69.5138,13445,268945,2559,1937,0,0,0,0.6434,-0.1112,0.0000,0.0000,0.6423,-0.1116,-0.0000,0.0000,3523,0,1,
69.5338,13446,268965,2558,1937,0,0,0,0.6421,-0.1112,0.0000,0.0000,0.6425,-0.1115,-0.0000,0.0000,3524,0,1,
69.5538,13447,268985,2558,1937,0,0,0,0.6421,-0.1112,0.0000,0.0000,0.6424,-0.1114,-0.0000,0.0000,3525,0,1,
69.5738,13448,269005,2558,1937,0,0,0,0.6421,-0.1112,0.0000,0.0000,0.6423,-0.1113,-0.0000,0.0000,3526,0,1,
69.5938,13449,269025,2558,1936,0,0,0,0.6421,-0.1122,0.0000,0.0000,0.6422,-0.1114,-0.0000,0.0000,3527,0,1,
69.6138,13450,269045,2558,1937,0,0,0,0.6421,-0.1112,0.0000,0.0000,0.6422,-0.1116,-0.0000,0.0000,3528,0,1,
69.6338,13451,269065,2558,1937,0,0,1,0.0000,0.0000,0.0000,0.0500,0.6359,-0.1065,-0.0000,0.0019,3529,0,1,
69.6538,13452,269085,2558,1937,0,0,1,0.0000,0.0000,0.0000,0.0500,0.6047,-0.0815,0.0000,0.0123,3530,0,1,
69.6738,13453,269105,2558,1937,0,0,1,0.0000,0.0000,0.0000,0.0500,0.5797,-0.0615,0.0000,0.0206,3531,0,1,
69.7200,13454,269125,2558,1937,0,0,1,0.0000,0.0000,0.0000,0.0500,0.5484,-0.0377,0.0000,0.0310,3532,0,1,
69.7203,13455,269145,2558,1936,0,0,1,0.0000,0.0000,0.0000,0.0500,0.5422,-0.0339,0.0000,0.0329,3533,0,1,
69.7338,13456,269165,2558,1936,0,0,1,0.0000,0.0000,0.0000,0.0500,0.5297,-0.0275,-0.0000,0.0362,3534,0,1,
69.7538,13457,269185,2558,1936,0,0,1,0.0000,0.0000,0.0000,0.0500,0.4984,-0.0162,-0.0000,0.0418,3535,0,1,
69.7738,13458,269205,2558,1936,0,0,1,0.0000,0.0000,0.0000,0.0500,0.4734,-0.0106,-0.0000,0.0446,3536,0,1,
69.7938,13459,269225,2558,1935,0,0,1,0.0000,0.0000,0.0000,0.0500,0.4422,-0.0063,-0.0000,0.0468,3537,0,1,
69.8138,13460,269245,2558,1935,0,0,1,0.0000,0.0000,0.0000,0.0500,0.4172,-0.0041,-0.0000,0.0479,3538,0,1,
69.8338,13461,269265,2560,1935,0,0,1,0.0000,0.0000,0.0000,0.0500,0.3859,-0.0024,-0.0000,0.0488,3539,0,1,
69.8539,13462,269285,2559,1936,0,0,1,0.0000,0.0000,0.0000,0.0500,0.3609,-0.0016,-0.0000,0.0492,3540,0,1,
69.8737,13463,269305,2559,1936,0,0,1,0.0000,0.0000,0.0000,0.0500,0.3359,-0.0010,-0.0000,0.0495,3541,0,1,
69.8938,13464,269325,2559,1936,0,0,1,0.0000,0.0000,0.0000,0.0500,0.3047,-0.0006,-0.0000,0.0497,3542,0,1,
69.9138,13465,269345,2558,1936,0,0,1,0.0000,0.0000,0.0000,0.0500,0.2797,-0.0004,-0.0000,0.0498,3543,0,1,
69.9338,13466,269365,2558,1936,0,0,1,0.0000,0.0000,0.0000,0.0500,0.2484,-0.0002,-0.0000,0.0499,3544,0,1,
69.9635,13467,269385,2558,1936,0,0,1,0.0000,0.0000,0.0000,0.0500,0.2297,-0.0002,-0.0000,0.0499,3545,0,1,2.23
69.9739,13468,269405,2558,1936,0,0,1,0.0000,0.0000,0.0000,0.0500,0.2172,-0.0001,0.0000,0.0499,3546,0,1,
69.9938,13469,269425,2558,1936,0,0,1,0.0000,0.0000,0.0000,0.0500,0.1922,-0.0001,0.0000,0.0500,3547,0,1,
70.0138,13470,269445,2558,1936,0,0,1,0.0000,0.0000,0.0000,0.0500,0.1609,-0.0001,0.0000,0.0500,3548,0,1,
70.0338,13471,269465,2558,1936,0,0,1,0.0000,0.0000,0.0000,0.0500,0.1359,-0.0000,0.0000,0.0500,3549,0,1,
70.0538,13472,269485,2558,1935,0,0,1,0.0000,0.0000,0.0000,0.0500,0.1109,-0.0000,0.0000,0.0500,3550,0,1,
70.0739,13473,269505,2558,1936,0,0,1,0.0000,0.0000,0.0000,0.0500,0.0797,-0.0000,0.0000,0.0500,3551,0,1,
70.0938,13474,269525,2558,1937,0,0,1,0.0000,0.0000,0.0000,0.0500,0.0548,-0.0000,0.0000,0.0500,3552,0,1,
70.1138,13475,269545,2558,1937,0,0,1,0.0000,0.0000,0.0000,0.0500,0.0324,-0.0000,0.0000,0.0500,3553,0,1,
70.1338,13476,269565,2558,1937,0,0,1,0.0000,0.0000,0.0000,0.0500,0.0212,-0.0000,0.0000,0.0500,3554,0,1,
70.1538,13477,269585,2558,1936,0,0,1,0.0000,0.0000,0.0000,0.0500,0.0139,-0.0000,0.0000,0.0500,3555,0,1,
70.1738,13478,269605,2558,1936,0,0,1,0.0000,0.0000,0.0000,0.0500,0.0082,-0.0000,0.0000,0.0500,3556,0,1,
70.1938,13479,269625,2558,1936,0,0,1,0.0000,0.0000,0.0000,0.0500,0.0054,-0.0000,0.0000,0.0500,3557,0,1,
70.2202,13480,269645,2558,1936,0,0,1,0.0000,0.0000,0.0000,0.0500,0.0044,-0.0000,0.0000,0.0500,3558,0,1,
70.2339,13481,269665,2558,1936,0,0,1,0.0000,0.0000,0.0000,0.0500,0.0035,-0.0000,0.0000,0.0500,3559,0,1,
70.2538,13482,269685,2558,1936,0,0,1,0.0000,0.0000,0.0000,0.0500,0.0021,-0.0000,0.0000,0.0500,3560,0,1,
70.2738,13483,269705,2558,1936,0,0,1,0.0000,0.0000,0.0000,0.0500,0.0014,-0.0000,0.0000,0.0500,3561,0,1,
70.2937,13484,269725,2558,1936,0,0,1,0.0000,0.0000,0.0000,0.0500,0.0008,-0.0000,0.0000,0.0500,3562,0,1,
70.3138,13485,269745,2557,1936,0,0,1,0.0000,0.0000,0.0000,0.0500,0.0005,-0.0000,0.0000,0.0500,3563,0,1,
70.3337,13486,269765,2558,1935,0,0,1,0.0000,0.0000,0.0000,0.0500,0.0003,-0.0000,0.0000,0.0500,3564,0,1,
70.3538,13487,269785,2558,1936,0,0,1,0.0000,0.0000,0.0000,0.0500,0.0002,-0.0000,0.0000,0.0500,3565,0,1,
70.3738,13488,269805,2559,1936,0,0,1,0.0000,0.0000,0.0000,0.0500,0.0001,-0.0000,0.0000,0.0500,3566,0,1,
70.3937,13489,269825,2559,1936,0,0,1,0.0000,0.0000,0.0000,0.0500,0.0001,-0.0000,0.0000,0.0500,3567,0,1,
70.4138,13490,269845,2558,1936,0,0,1,0.0000,0.0000,0.0000,0.0500,0.0001,-0.0000,0.0000,0.0500,3568,0,1,
70.4338,13491,269865,2558,1936,0,0,1,0.0000,0.0000,0.0000,0.0500,0.0000,-0.0000,0.0000,0.0500,3569,0,1,
70.4738,13493,269905,2559,1936,0,0,1,0.0000,0.0000,0.0000,0.0500,0.0000,-0.0000,0.0000,0.0500,3571,0,1,
70.4938,13494,269925,2558,1936,0,0,1,0.0000,0.0000,0.0000,0.0500,0.0000,-0.0000,0.0000,0.0500,3572,0,1,
70.5137,13495,269945,2558,1936,0,0,1,0.0000,0.0000,0.0000,0.0500,0.0000,-0.0000,0.0000,0.0500,3573,0,1,
70.5337,13496,269965,2558,1936,0,0,1,0.0000,0.0000,0.0000,0.0500,0.0000,-0.0000,0.0000,0.0500,3574,0,1,
70.5537,13497,269985,2558,1936,0,0,1,0.0000,0.0000,0.0000,0.0500,0.0000,-0.0000,0.0000,0.0500,3575,0,1,
70.5738,13498,270005,2559,1937,0,0,1,0.0000,0.0000,0.0000,0.0500,0.0000,-0.0000,0.0000,0.0500,3576,0,1,
70.5937,13499,270025,2559,1937,0,0,1,0.0000,0.0000,0.0000,0.0500,0.0000,-0.0000,0.0000,0.0500,3577,0,1,
70.6137,13500,270045,2559,1937,0,0,1,0.0000,0.0000,0.0000,0.0500,0.0000,-0.0000,0.0000,0.0500,3578,0,1,
70.6338,13501,270065,2558,1936,0,0,1,0.0000,0.0000,0.0000,0.0500,0.0000,-0.0000,0.0000,0.0500,3579,0,1,
70.6538,13502,270085,2558,1936,0,0,1,0.0000,0.0000,0.0000,0.0500,0.0000,-0.0000,0.0000,0.0500,3580,0,1,
70.6737,13503,270105,2558,1936,0,0,1,0.0000,0.0000,0.0000,0.0500,0.0000,-0.0000,0.0000,0.0500,3581,0,1,
70.6938,13504,270125,2558,1936,0,0,1,0.0000,0.0000,0.0000,0.0500,0.0000,-0.0000,0.0000,0.0500,3582,0,1,
70.7271,13505,270145,2558,1936,0,0,1,0.0000,0.0000,0.0000,0.0500,0.0000,-0.0000,0.0000,0.0500,3583,0,1,
70.7338,13506,270165,2559,1936,0,0,1,0.0000,0.0000,0.0000,0.0500,0.0000,-0.0000,0.0000,0.0500,3584,0,1,
70.7537,13507,270185,2559,1936,0,0,1,0.0000,0.0000,0.0000,0.0500,0.0000,-0.0000,0.0000,0.0500,3585,0,1,
70.7737,13508,270205,2559,1936,0,0,1,0.0000,0.0000,0.0000,0.0500,0.0000,-0.0000,0.0000,0.0500,3586,0,1,
70.7938,13509,270225,2559,1935,0,0,1,0.0000,0.0000,0.0000,0.0500,0.0000,-0.0000,0.0000,0.0500,3587,0,1,
70.8138,13510,270245,2559,1936,0,0,1,0.0000,0.0000,0.0000,0.0500,0.0000,-0.0000,0.0000,0.0500,3588,0,1,
70.8338,13511,270265,2559,1936,0,0,1,0.0000,0.0000,0.0000,0.0500,0.0000,-0.0000,0.0000,0.0500,3589,0,1,
70.8538,13512,270285,2558,1936,0,0,1,0.0000,0.0000,0.0000,0.0500,0.0000,-0.0000,0.0000,0.0500,3590,0,1,
70.8738,13513,270305,2558,1936,0,0,1,0.0000,0.0000,0.0000,0.0500,0.0000,-0.0000,0.0000,0.0500,3591,0,1,
70.8937,13514,270325,2558,1936,0,0,1,0.0000,0.0000,0.0000,0.0500,0.0000,-0.0000,0.0000,0.0500,3592,0,1,
70.9138,13515,270345,2558,1936,0,0,1,0.0000,0.0000,0.0000,0.0500,0.0000,-0.0000,0.0000,0.0500,3593,0,1,
70.9338,13516,270365,2558,1936,0,0,1,0.0000,0.0000,0.0000,0.0500,0.0000,-0.0000,0.0000,0.0500,3594,0,1,
70.9700,13517,270385,2558,1936,0,0,1,0.0000,0.0000,0.0000,0.0500,0.0000,-0.0000,0.0000,0.0500,3595,0,1,
70.9771,13518,270405,2559,1936,0,0,1,0.0000,0.0000,0.0000,0.0500,0.0000,-0.0000,0.0000,0.0500,3596,0,1,7.03
70.9938,13519,270425,2559,1936,0,0,1,0.0000,0.0000,0.0000,0.0500,0.0000,-0.0000,0.0000,0.0500,3597,0,1,
71.0138,13520,270445,2559,1935,0,0,1,0.0000,0.0000,0.0000,0.0500,0.0000,-0.0000,0.0000,0.0500,3598,0,1,
71.0338,13521,270465,2559,1936,0,0,1,0.0000,0.0000,0.0000,0.0500,0.0000,-0.0000,0.0000,0.0500,3599,0,1,
71.0538,13522,270485,2559,1936,0,0,1,0.0000,0.0000,0.0000,0.0500,0.0000,-0.0000,0.0000,0.0500,3600,0,1,
71.0738,13523,270505,2559,1936,0,0,1,0.0000,0.0000,0.0000,0.0500,0.0000,-0.0000,0.0000,0.0500,3601,0,1,
71.0938,13524,270525,2559,1937,0,0,1,0.0000,0.0000,0.0000,0.0500,0.0000,-0.0000,0.0000,0.0500,3602,0,1,
71.1138,13525,270545,2559,1937,0,0,1,0.0000,0.0000,0.0000,0.0500,0.0000,-0.0000,0.0000,0.0500,3603,0,1,
71.1337,13526,270565,2559,1937,0,0,1,0.0000,0.0000,0.0000,0.0500,0.0000,-0.0000,0.0000,0.0500,3604,0,1,
71.1538,13527,270585,2559,1936,0,0,1,0.0000,0.0000,0.0000,0.0500,0.0000,-0.0000,0.0000,0.0500,3605,0,1,
71.1738,13528,270605,2558,1936,0,0,1,0.0000,0.0000,0.0000,0.0500,0.0000,-0.0000,0.0000,0.0500,3606,0,1,
71.1938,13529,270625,2558,1936,0,0,1,0.0000,0.0000,0.0000,0.0500,0.0000,-0.0000,0.0000,0.0500,3607,0,1,
71.2269,13530,270645,2558,1936,0,0,1,0.0000,0.0000,0.0000,0.0500,0.0000,-0.0000,0.0000,0.0500,3608,0,1,
71.2338,13531,270665,2558,1936,0,0,1,0.0000,0.0000,0.0000,0.0500,0.0000,-0.0000,0.0000,0.0500,3609,0,1,
71.2537,13532,270685,2558,1936,0,0,1,0.0000,0.0000,0.0000,0.0500,0.0000,-0.0000,0.0000,0.0500,3610,0,1,
71.2737,13533,270705,2558,1936,0,0,1,0.0000,0.0000,0.0000,0.0500,0.0000,-0.0000,0.0000,0.0500,3611,0,1,
71.2938,13534,270725,2558,1936,0,0,1,0.0000,0.0000,0.0000,0.0500,0.0000,-0.0000,0.0000,0.0500,3612,0,1,
71.3138,13535,270745,2558,1936,0,0,1,0.0000,0.0000,0.0000,0.0500,0.0000,-0.0000,0.0000,0.0500,3613,0,1,
71.3338,13536,270765,2558,1936,0,0,1,0.0000,0.0000,0.0000,0.0500,0.0000,-0.0000,0.0000,0.0500,3614,0,1,
71.3539,13537,270785,2558,1936,0,0,1,0.0000,0.0000,0.0000,0.0500,0.0000,-0.0000,0.0000,0.0500,3615,0,1,
71.3738,13538,270805,2558,1935,0,0,1,0.0000,0.0000,0.0000,0.0500,0.0000,-0.0000,0.0000,0.0500,3616,0,1,
71.3938,13539,270825,2558,1935,0,0,1,0.0000,0.0000,0.0000,0.0500,0.0000,-0.0000,0.0000,0.0500,3617,0,1,
71.4138,13540,270845,2558,1935,0,0,1,0.0000,0.0000,0.0000,0.0500,0.0000,-0.0000,0.0000,0.0500,3618,0,1,
71.4338,13541,270865,2558,1935,0,0,1,0.0000,0.0000,0.0000,0.0500,0.0000,-0.0000,0.0000,0.0500,3619,0,1,
71.4538,13542,270885,2558,1935,0,0,1,0.0000,0.0000,0.0000,0.0500,0.0000,-0.0000,0.0000,0.0500,3620,0,1,
71.4843,13543,270905,2558,1935,0,0,1,0.0000,0.0000,0.0000,0.0500,0.0000,-0.0000,0.0000,0.0500,3621,0,1,
71.4938,13544,270925,2558,1935,0,0,1,0.0000,0.0000,0.0000,0.0500,0.0000,-0.0000,0.0000,0.0500,3622,0,1,
71.5137,13545,270945,2558,1936,0,0,1,0.0000,0.0000,0.0000,0.0500,0.0000,0.0000,0.0000,0.0500,3623,0,1,
71.5339,13546,270965,2558,1936,0,0,1,0.0000,0.0000,0.0000,0.0500,0.0000,0.0000,0.0000,0.0500,3624,0,1,
71.5538,13547,270985,2558,1936,0,0,1,0.0000,0.0000,0.0000,0.0500,0.0000,0.0000,0.0000,0.0500,3625,0,1,
71.5738,13548,271005,2558,1936,0,0,1,0.0000,0.0000,0.0000,0.0500,0.0000,0.0000,0.0000,0.0500,3626,0,1,
71.5938,13549,271025,2558,1936,0,0,1,0.0000,0.0000,0.0000,0.0500,0.0000,0.0000,0.0000,0.0500,3627,0,1,
71.6138,13550,271045,2558,1936,0,0,1,0.0000,0.0000,0.0000,0.0500,0.0000,0.0000,0.0000,0.0500,3628,0,1,
71.6338,13551,271065,2558,1936,0,0,1,2.0000,0.0000,0.0000,0.0500,0.0063,0.0000,0.0000,0.0500,3629,0,1,
71.6537,13552,271085,2558,1936,0,0,1,2.0000,0.0000,0.0000,0.0500,0.0313,-0.0000,-0.0000,0.0500,3630,0,1,
71.6737,13553,271105,2558,1936,0,0,1,2.0000,0.0000,0.0000,0.0500,0.0563,-0.0000,-0.0000,0.0500,3631,0,1,
71.6938,13554,271125,2558,1936,0,0,1,2.0000,0.0000,0.0000,0.0500,0.0875,-0.0000,0.0000,0.0500,3632,0,1,
71.7200,13555,271145,2558,1935,0,0,1,2.0000,0.0000,0.0000,0.0500,0.1125,-0.0000,-0.0000,0.0500,3633,0,1,
71.7341,13556,271165,2558,1936,0,0,1,2.0000,0.0000,0.0000,0.0500,0.1188,-0.0000,-0.0000,0.0500,3634,0,1,
71.7538,13557,271185,2558,1936,0,0,1,2.0000,0.0000,0.0000,0.0500,0.1438,-0.0000,0.0000,0.0500,3635,0,1,
71.7738,13558,271205,2558,1936,0,0,1,2.0000,0.0000,0.0000,0.0500,0.1688,-0.0000,-0.0000,0.0500,3636,0,1,
71.7938,13559,271225,2558,1936,0,0,1,2.0000,0.0000,0.0000,0.0500,0.2000,-0.0000,0.0000,0.0500,3637,0,1,
71.8138,13560,271245,2558,1936,0,0,1,2.0000,0.0000,0.0000,0.0500,0.2250,-0.0000,-0.0000,0.0500,3638,0,1,
71.8338,13561,271265,2559,1937,0,0,1,2.0000,0.0000,0.0000,0.0500,0.2563,-0.0000,0.0000,0.0500,3639,0,1,
71.8538,13562,271285,2559,1936,0,0,1,2.0000,0.0000,0.0000,0.0500,0.2813,-0.0000,-0.0000,0.0500,3640,0,1,
71.8738,13563,271305,2559,1936,0,0,1,2.0000,0.0000,0.0000,0.0500,0.3063,-0.0000,-0.0000,0.0500,3641,0,1,
71.8938,13564,271325,2559,1936,0,0,1,2.0000,0.0000,0.0000,0.0500,0.3375,-0.0000,-0.0000,0.0500,3642,0,1,
71.9138,13565,271345,2559,1936,0,0,1,2.0000,0.0000,0.0000,0.0500,0.3625,-0.0000,-0.0000,0.0500,3643,0,1,
71.9338,13566,271365,2559,1936,0,0,1,2.0000,0.0000,0.0000,0.0500,0.3937,-0.0000,-0.0000,0.0500,3644,0,1,
71.9538,13567,271385,2559,1936,0,0,1,2.0000,0.0000,0.0000,0.0500,0.4187,-0.0000,-0.0000,0.0500,3645,0,1,
71.9842,13568,271405,2559,1936,0,0,1,2.0000,0.0000,0.0000,0.0500,0.4375,-0.0000,-0.0000,0.0500,3646,0,1,2.09
71.9939,13569,271425,2559,1936,0,0,1,2.0000,0.0000,0.0000,0.0500,0.4500,-0.0000,-0.0000,0.0500,3647,0,1,
72.0138,13570,271445,2559,1936,0,0,1,2.0000,0.0000,0.0000,0.0500,0.4750,-0.0000,-0.0000,0.0500,3648,0,1,
72.0338,13571,271465,2559,1936,0,0,1,2.0000,0.0000,0.0000,0.0500,0.5000,-0.0000,0.0000,0.0500,3649,0,1,
72.0538,13572,271485,2559,1936,0,0,1,2.0000,0.0000,0.0000,0.0500,0.5312,-0.0000,-0.0000,0.0500,3650,0,1,
72.0737,13573,271505,2559,1936,0,0,1,2.0000,0.0000,0.0000,0.0500,0.5562,-0.0000,0.0000,0.0500,3651,0,1,
72.0938,13574,271525,2559,1936,0,0,1,2.0000,0.0000,0.0000,0.0500,0.5875,-0.0000,-0.0000,0.0500,3652,0,1,
72.1138,13575,271545,2559,1936,0,0,1,2.0000,0.0000,0.0000,0.0500,0.6125,-0.0000,0.0000,0.0500,3653,0,1,
72.1338,13576,271565,2558,1936,0,0,1,2.0000,0.0000,0.0000,0.0500,0.6375,-0.0000,-0.0000,0.0500,3654,0,1,
72.1538,13577,271585,2558,1936,0,0,1,2.0000,0.0000,0.0000,0.0500,0.6687,-0.0000,0.0000,0.0500,3655,0,1,
72.1738,13578,271605,2558,1936,0,0,1,2.0000,0.0000,0.0000,0.0500,0.6937,-0.0000,-0.0000,0.0500,3656,0,1,
72.1938,13579,271625,2558,1935,0,0,1,2.0000,0.0000,0.0000,0.0500,0.7250,-0.0000,0.0000,0.0500,3657,0,1,
72.2339,13580,271645,2558,1936,0,0,1,2.0000,0.0000,0.0000,0.0500,0.7500,-0.0000,-0.0000,0.0500,3658,0,1,
72.2342,13581,271665,2558,1936,0,0,1,2.0000,0.0000,0.0000,0.0500,0.7562,-0.0000,-0.0000,0.0500,3659,0,1,
72.2538,13582,271685,2558,1936,0,0,1,2.0000,0.0000,0.0000,0.0500,0.7812,-0.0000,0.0000,0.0500,3660,0,1,
72.2738,13583,271705,2558,1936,0,0,1,2.0000,0.0000,0.0000,0.0500,0.8062,-0.0000,-0.0000,0.0500,3661,0,1,
72.2938,13584,271725,2558,1936,0,0,1,2.0000,0.0000,0.0000,0.0500,0.8375,-0.0000,0.0000,0.0500,3662,0,1,
72.3138,13585,271745,2558,1936,0,0,1,2.0000,0.0000,0.0000,0.0500,0.8625,-0.0000,-0.0000,0.0500,3663,0,1,
72.3338,13586,271765,2558,1936,0,0,1,2.0000,0.0000,0.0000,0.0500,0.8937,-0.0000,0.0000,0.0500,3664,0,1,
72.3538,13587,271785,2558,1936,0,0,1,2.0000,0.0000,0.0000,0.0500,0.9187,-0.0000,-0.0000,0.0500,3665,0,1,
72.3738,13588,271805,2558,1936,0,0,1,2.0000,0.0000,0.0000,0.0500,0.9437,-0.0000,-0.0000,0.0500,3666,0,1,
72.3938,13589,271825,2558,1936,0,0,1,2.0000,0.0000,0.0000,0.0500,0.9750,-0.0000,-0.0000,0.0500,3667,0,1,
72.4138,13590,271845,2558,1936,0,0,1,2.0000,0.0000,0.0000,0.0500,1.0000,-0.0000,-0.0000,0.0500,3668,0,1,
72.4338,13591,271865,2558,1936,0,0,1,2.0000,0.0000,0.0000,0.0500,1.0312,-0.0000,-0.0000,0.0500,3669,0,1,
72.4538,13592,271885,2558,1935,0,0,1,2.0000,0.0000,0.0000,0.0500,1.0562,-0.0000,-0.0000,0.0500,3670,0,1,
72.4938,13594,271925,2558,1935,0,0,1,2.0000,0.0000,0.0000,0.0500,1.0812,-0.0000,0.0000,0.0500,3672,0,1,
72.5138,13595,271945,2558,1936,0,0,1,2.0000,0.0000,0.0000,0.0500,1.1125,-0.0000,-0.0000,0.0500,3673,0,1,
72.5338,13596,271965,2558,1936,0,0,1,2.0000,0.0000,0.0000,0.0500,1.1375,-0.0000,0.0000,0.0500,3674,0,1,
72.5538,13597,271985,2557,1936,0,0,1,2.0000,0.0000,0.0000,0.0500,1.1625,-0.0000,-0.0000,0.0500,3675,0,1,
72.5737,13598,272005,2558,1936,0,0,1,2.0000,0.0000,0.0000,0.0500,1.1938,-0.0000,0.0000,0.0500,3676,0,1,
72.5938,13599,272025,2558,1936,0,0,1,2.0000,0.0000,0.0000,0.0500,1.2188,-0.0000,-0.0000,0.0500,3677,0,1,
72.6137,13600,272045,2558,1936,0,0,1,2.0000,0.0000,0.0000,0.0500,1.2500,-0.0000,0.0000,0.0500,3678,0,1,
72.6338,13601,272065,2558,1936,0,0,1,2.0000,0.0000,0.0000,0.0500,1.2750,-0.0000,-0.0000,0.0500,3679,0,1,
72.6538,13602,272085,2558,1935,0,0,1,2.0000,0.0000,0.0000,0.0500,1.3063,-0.0000,0.0000,0.0500,3680,0,1,
72.6738,13603,272105,2559,1935,0,0,1,2.0000,0.0000,0.0000,0.0500,1.3313,-0.0000,-0.0000,0.0500,3681,0,1,
72.6937,13604,272125,2559,1935,0,0,1,2.0000,0.0000,0.0000,0.0500,1.3563,-0.0000,-0.0000,0.0500,3682,0,1,
72.7138,13605,272145,2559,1936,0,0,1,2.0000,0.0000,0.0000,0.0500,1.3875,-0.0000,-0.0000,0.0500,3683,0,1,
72.7407,13606,272165,2558,1936,0,0,1,2.0000,0.0000,0.0000,0.0500,1.3938,-0.0000,-0.0000,0.0500,3684,0,1,
72.7538,13607,272185,2558,1936,0,0,1,2.0000,0.0000,0.0000,0.0500,1.4125,-0.0000,-0.0000,0.0500,3685,0,1,
72.7738,13608,272205,2558,1936,0,0,1,2.0000,0.0000,0.0000,0.0500,1.4438,-0.0000,-0.0000,0.0500,3686,0,1,
72.7938,13609,272225,2558,1936,0,0,1,2.0000,0.0000,0.0000,0.0500,1.4688,-0.0000,-0.0000,0.0500,3687,0,1,
72.8138,13610,272245,2558,1936,0,0,1,2.0000,0.0000,0.0000,0.0500,1.5000,-0.0000,-0.0000,0.0500,3688,0,1,
72.8337,13611,272265,2558,1936,0,0,1,2.0000,0.0000,0.0000,0.0500,1.5250,-0.0000,-0.0000,0.0500,3689,0,1,
72.8538,13612,272285,2558,1936,0,0,1,2.0000,0.0000,0.0000,0.0500,1.5563,-0.0000,-0.0000,0.0500,3690,0,1,
72.8737,13613,272305,2558,1936,0,0,1,2.0000,0.0000,0.0000,0.0500,1.5813,-0.0000,-0.0000,0.0500,3691,0,1,
72.8938,13614,272325,2558,1936,0,0,1,2.0000,0.0000,0.0000,0.0500,1.6063,-0.0000,0.0000,0.0500,3692,0,1,
72.9138,13615,272345,2558,1936,0,0,1,2.0000,0.0000,0.0000,0.0500,1.6375,-0.0000,-0.0000,0.0500,3693,0,1,
72.9948,13619,272425,2558,1935,0,0,1,2.0000,0.0000,0.0000,0.0500,1.7188,-0.0000,0.0000,0.0500,3695,1,3,3.90
73.0139,13620,272445,2558,1935,0,0,1,2.0000,0.0000,0.0000,0.0500,1.7500,-0.0000,-0.0000,0.0500,3696,1,3,
73.0339,13621,272465,2558,1935,0,0,1,2.0000,0.0000,0.0000,0.0500,1.7750,-0.0000,0.0000,0.0500,3697,1,3,
73.0537,13622,272485,2558,1936,0,0,1,2.0000,0.0000,0.0000,0.0500,1.8063,-0.0000,-0.0000,0.0500,3698,1,3,
73.0738,13623,272505,2558,1936,0,0,1,2.0000,0.0000,0.0000,0.0500,1.8313,-0.0000,0.0000,0.0500,3699,1,3,
73.0937,13624,272525,2558,1936,0,0,1,2.0000,0.0000,0.0000,0.0500,1.8563,-0.0000,-0.0000,0.0500,3700,1,3,
73.1138,13625,272545,2558,1935,0,0,1,2.0000,0.0000,0.0000,0.0500,1.8875,-0.0000,0.0000,0.0500,3701,1,3,
73.1338,13626,272565,2558,1936,0,0,1,2.0000,0.0000,0.0000,0.0500,1.9125,-0.0000,-0.0000,0.0500,3702,1,3,
73.1538,13627,272585,2558,1936,0,0,1,2.0000,0.0000,0.0000,0.0500,1.9438,-0.0000,0.0000,0.0500,3703,1,3,
73.1738,13628,272605,2558,1936,0,0,1,2.0000,0.0000,0.0000,0.0500,1.9631,-0.0000,0.0000,0.0500,3704,1,3,
73.1938,13629,272625,2558,1936,0,0,1,2.0000,0.0000,0.0000,0.0500,1.9758,-0.0000,0.0000,0.0500,3705,1,3,
73.2138,13630,272645,2558,1936,0,0,1,2.0000,0.0000,0.0000,0.0500,1.9857,-0.0000,0.0000,0.0500,3706,1,3,
73.2482,13631,272665,2558,1936,0,0,1,2.0000,0.0000,0.0000,0.0500,1.9896,-0.0000,0.0000,0.0500,3707,1,3,
73.2538,13632,272685,2558,1936,0,0,1,2.0000,0.0000,0.0000,0.0500,1.9906,-0.0000,0.0000,0.0500,3708,1,3,
73.2738,13633,272705,2558,1936,0,0,1,2.0000,0.0000,0.0000,0.0500,1.9938,-0.0000,0.0000,0.0500,3709,1,3,
73.2938,13634,272725,2558,1936,0,0,1,2.0000,0.0000,0.0000,0.0500,1.9964,-0.0000,0.0000,0.0500,3710,1,3,
73.3138,13635,272745,2558,1936,0,0,1,2.0000,0.0000,0.0000,0.0500,1.9976,-0.0000,0.0000,0.0500,3711,1,3,
73.3338,13636,272765,2558,1937,0,0,1,2.0000,0.0000,0.0000,0.0500,1.9984,-0.0000,0.0000,0.0500,3712,1,3,
73.3538,13637,272785,2558,1937,0,0,1,2.0000,0.0000,0.0000,0.0500,1.9991,-0.0000,0.0000,0.0500,3713,1,3,
73.3739,13638,272805,2558,1936,0,0,1,2.0000,0.0000,0.0000,0.0500,1.9994,-0.0000,0.0000,0.0500,3714,1,3,
73.3938,13639,272825,2558,1936,0,0,1,2.0000,0.0000,0.0000,0.0500,1.9996,-0.0000,0.0000,0.0500,3715,1,3,
73.4139,13640,272845,2558,1935,0,0,1,2.0000,0.0000,0.0000,0.0500,1.9998,-0.0000,0.0000,0.0500,3716,1,3,
73.4338,13641,272865,2558,1935,0,0,1,2.0000,0.0000,0.0000,0.0500,1.9998,-0.0000,0.0000,0.0500,3717,1,3,
73.4537,13642,272885,2559,1935,0,0,1,2.0000,0.0000,0.0000,0.0500,1.9999,-0.0000,0.0000,0.0500,3718,1,3,
73.4737,13643,272905,2558,1936,0,0,1,2.0000,0.0000,0.0000,0.0500,1.9999,-0.0000,0.0000,0.0500,3719,1,3,
73.4982,13644,272925,2558,1936,0,0,1,2.0000,0.0000,0.0000,0.0500,2.0000,-0.0000,0.0000,0.0500,3720,1,3,
73.5138,13645,272945,2559,1936,0,0,1,2.0000,0.0000,0.0000,0.0500,2.0000,-0.0000,0.0000,0.0500,3721,1,3,
73.5338,13646,272965,2559,1935,0,0,1,2.0000,0.0000,0.0000,0.0500,2.0000,-0.0000,0.0000,0.0500,3722,1,3,
73.5538,13647,272985,2558,1935,0,0,1,2.0000,0.0000,0.0000,0.0500,2.0000,-0.0000,0.0000,0.0500,3723,1,3,
73.5738,13648,273005,2558,1936,0,0,1,2.0000,0.0000,0.0000,0.0500,2.0000,-0.0000,0.0000,0.0500,3724,1,3,
73.5937,13649,273025,2558,1936,0,0,1,2.0000,0.0000,0.0000,0.0500,2.0000,-0.0000,0.0000,0.0500,3725,1,3,
73.6137,13650,273045,2558,1936,0,0,1,2.0000,0.0000,0.0000,0.0500,2.0000,-0.0000,0.0000,0.0500,3726,1,3,
73.6338,13651,273065,2558,1935,0,0,1,2.0000,0.0000,0.0000,0.0500,2.0000,-0.0000,0.0000,0.0500,3727,1,3,
73.6538,13652,273085,2558,1936,0,0,1,2.0000,0.0000,0.0000,0.0500,2.0000,-0.0000,0.0000,0.0500,3728,1,3,
73.6738,13653,273105,2558,1936,0,0,1,2.0000,0.0000,0.0000,0.0500,2.0000,0.0000,0.0000,0.0500,3729,1,3,
73.6937,13654,273125,2558,1936,0,0,1,2.0000,0.0000,0.0000,0.0500,2.0000,0.0000,0.0000,0.0500,3730,1,3,
73.7138,13655,273145,2558,1936,0,0,1,2.0000,0.0000,0.0000,0.0500,2.0000,0.0000,0.0000,0.0500,3731,1,3,
73.7405,13656,273165,2558,1936,0,0,1,2.0000,0.0000,0.0000,0.0500,2.0000,0.0000,0.0000,0.0500,3732,1,3,
73.7544,13657,273185,2558,1936,0,0,1,2.0000,0.0000,0.0000,0.0500,2.0000,0.0000,0.0000,0.0500,3733,1,3,
73.7739,13658,273205,2558,1936,0,0,1,2.0000,0.0000,0.0000,0.0500,2.0000,0.0000,0.0000,0.0500,3734,1,3,
73.7939,13659,273225,2558,1936,0,0,1,2.0000,0.0000,0.0000,0.0500,2.0000,0.0000,0.0000,0.0500,3735,1,3,
73.8139,13660,273245,2558,1936,0,0,1,2.0000,0.0000,0.0000,0.0500,2.0000,0.0000,0.0000,0.0500,3736,1,3,
73.8338,13661,273265,2558,1936,0,0,1,2.0000,0.0000,0.0000,0.0500,2.0000,0.0000,0.0000,0.0500,3737,1,3,
73.8538,13662,273285,2557,1936,0,0,1,2.0000,0.0000,0.0000,0.0500,2.0000,0.0000,0.0000,0.0500,3738,1,3,
73.8738,13663,273305,2558,1936,0,0,1,2.0000,0.0000,0.0000,0.0500,2.0000,0.0000,0.0000,0.0500,3739,1,3,
73.8938,13664,273325,2558,1936,0,0,1,2.0000,0.0000,0.0000,0.0500,2.0000,0.0000,0.0000,0.0500,3740,1,3,
73.9138,13665,273345,2558,1936,0,0,1,2.0000,0.0000,0.0000,0.0500,2.0000,0.0000,0.0000,0.0500,3741,1,3,
73.9337,13666,273365,2558,1936,0,0,1,2.0000,0.0000,0.0000,0.0500,2.0000,0.0000,0.0000,0.0500,3742,1,3,
73.9539,13667,273385,2559,1936,0,0,1,2.0000,0.0000,0.0000,0.0500,2.0000,0.0000,0.0000,0.0500,3743,1,3,
73.9738,13668,273405,2559,1936,0,0,1,2.0000,0.0000,0.0000,0.0500,2.0000,0.0000,0.0000,0.0500,3744,1,3,
74.0047,13669,273425,2559,1936,0,0,1,2.0000,0.0000,0.0000,0.0500,2.0000,0.0000,0.0000,0.0500,3745,1,3,2.19
74.0138,13670,273445,2559,1936,0,0,1,2.0000,0.0000,0.0000,0.0500,2.0000,0.0000,0.0000,0.0500,3746,1,3,
74.0338,13671,273465,2559,1936,0,0,1,2.0000,0.0000,0.0000,0.0500,2.0000,0.0000,0.0000,0.0500,3747,1,3,
74.0538,13672,273485,2559,1936,0,0,1,2.0000,0.0000,0.0000,0.0500,2.0000,0.0000,0.0000,0.0500,3748,1,3,
74.0738,13673,273505,2559,1936,0,0,1,2.0000,0.0000,0.0000,0.0500,2.0000,0.0000,0.0000,0.0500,3749,1,3,
74.0938,13674,273525,2558,1936,0,0,1,2.0000,0.0000,0.0000,0.0500,2.0000,0.0000,0.0000,0.0500,3750,1,3,
74.1138,13675,273545,2558,1936,0,0,1,2.0000,0.0000,0.0000,0.0500,2.0000,0.0000,0.0000,0.0500,3751,1,3,
74.1338,13676,273565,2558,1936,0,0,1,2.0000,0.0000,0.0000,0.0500,2.0000,0.0000,0.0000,0.0500,3752,1,3,
74.1538,13677,273585,2558,1936,0,0,1,2.0000,0.0000,0.0000,0.0500,2.0000,0.0000,0.0000,0.0500,3753,1,3,
74.1738,13678,273605,2558,1936,0,0,1,2.0000,0.0000,0.0000,0.0500,2.0000,0.0000,0.0000,0.0500,3754,1,3,
74.1938,13679,273625,2558,1936,0,0,1,2.0000,0.0000,0.0000,0.0500,2.0000,0.0000,0.0000,0.0500,3755,1,3,
74.2139,13680,273645,2558,1936,0,0,1,2.0000,0.0000,0.0000,0.0500,2.0000,0.0000,0.0000,0.0500,3756,1,3,
74.2545,13682,273685,2558,1936,0,0,1,2.0000,0.0000,0.0000,0.0500,2.0000,-0.0000,0.0000,0.0500,3758,1,3,
74.2738,13683,273705,2558,1936,0,0,1,2.0000,0.0000,0.0000,0.0500,2.0000,-0.0000,0.0000,0.0500,3759,1,3,
74.2938,13684,273725,2558,1936,0,0,1,2.0000,0.0000,0.0000,0.0500,2.0000,-0.0000,0.0000,0.0500,3760,1,3,
74.3138,13685,273745,2558,1936,0,0,1,2.0000,0.0000,0.0000,0.0500,2.0000,-0.0000,0.0000,0.0500,3761,1,3,
74.3339,13686,273765,2558,1936,0,0,1,2.0000,0.0000,0.0000,0.0500,2.0000,-0.0000,0.0000,0.0500,3762,1,3,
74.3539,13687,273785,2558,1936,0,0,1,2.0000,0.0000,0.0000,0.0500,2.0000,-0.0000,0.0000,0.0500,3763,1,3,
74.3737,13688,273805,2558,1936,0,0,1,2.0000,0.0000,0.0000,0.0500,2.0000,-0.0000,0.0000,0.0500,3764,1,3,
74.3938,13689,273825,2558,1936,0,0,1,2.0000,0.0000,0.0000,0.0500,2.0000,-0.0000,0.0000,0.0500,3765,1,3,
74.4138,13690,273845,2558,1936,0,0,1,2.0000,0.0000,0.0000,0.0500,2.0000,-0.0000,0.0000,0.0500,3766,1,3,
74.4338,13691,273865,2558,1936,0,0,1,2.0000,0.0000,0.0000,0.0500,2.0000,-0.0000,0.0000,0.0500,3767,1,3,
74.4538,13692,273885,2558,1936,0,0,1,2.0000,0.0000,0.0000,0.0500,2.0000,-0.0000,0.0000,0.0500,3768,1,3,
74.4738,13693,273905,2559,1936,0,0,1,2.0000,0.0000,0.0000,0.0500,2.0000,-0.0000,0.0000,0.0500,3769,1,3,
74.5138,13695,273945,2558,1936,0,0,1,2.0000,0.0000,0.0000,0.0500,2.0000,-0.0000,0.0000,0.0500,3771,1,3,
74.5341,13696,273965,2558,1936,0,0,1,2.0000,0.0000,0.0000,0.0500,2.0000,-0.0000,0.0000,0.0500,3772,1,3,
74.5537,13697,273985,2558,1936,0,0,1,2.0000,0.0000,0.0000,0.0500,2.0000,-0.0000,0.0000,0.0500,3773,1,3,
74.5738,13698,274005,2558,1936,0,0,1,2.0000,0.0000,0.0000,0.0500,2.0000,-0.0000,0.0000,0.0500,3774,1,3,
74.5939,13699,274025,2559,1935,0,0,1,2.0000,0.0000,0.0000,0.0500,2.0000,-0.0000,0.0000,0.0500,3775,1,3,
74.6138,13700,274045,2559,1936,0,0,1,2.0000,0.0000,0.0000,0.0500,2.0000,-0.0000,0.0000,0.0500,3776,1,3,
74.6338,13701,274065,2559,1936,0,0,1,-2.0000,0.0000,0.0000,0.0500,1.9937,-0.0000,0.0000,0.0500,3777,1,3,
74.6538,13702,274085,2559,1936,0,0,1,-2.0000,0.0000,0.0000,0.0500,1.9687,-0.0000,-0.0000,0.0500,3778,1,3,
74.6738,13703,274105,2558,1936,0,0,1,-2.0000,0.0000,0.0000,0.0500,1.9437,-0.0000,0.0000,0.0500,3779,1,3,
74.6938,13704,274125,2558,1936,0,0,1,-2.0000,0.0000,0.0000,0.0500,1.9125,-0.0000,-0.0000,0.0500,3780,1,3,
74.7138,13705,274145,2558,1936,0,0,1,-2.0000,0.0000,0.0000,0.0500,1.8875,-0.0000,-0.0000,0.0500,3781,1,3,
74.7338,13706,274165,2559,1937,0,0,1,-2.0000,0.0000,0.0000,0.0500,1.8562,-0.0000,-0.0000,0.0500,3782,1,3,
74.7617,13707,274185,2559,1937,0,0,1,-2.0000,0.0000,0.0000,0.0500,1.8437,-0.0000,0.0000,0.0500,3783,1,3,
74.7738,13708,274205,2558,1937,0,0,1,-2.0000,0.0000,0.0000,0.0500,1.8312,-0.0000,-0.0000,0.0500,3784,1,3,
74.7938,13709,274225,2558,1937,0,0,1,-2.0000,0.0000,0.0000,0.0500,1.8000,-0.0000,-0.0000,0.0500,3785,1,3,
74.8138,13710,274245,2558,1936,0,0,1,-2.0000,0.0000,0.0000,0.0500,1.7750,-0.0000,-0.0000,0.0500,3786,1,3,
74.8339,13711,274265,2558,1936,0,0,1,-2.0000,0.0000,0.0000,0.0500,1.7500,-0.0000,0.0000,0.0500,3787,1,3,
74.8537,13712,274285,2558,1936,0,0,1,-2.0000,0.0000,0.0000,0.0500,1.7187,-0.0000,-0.0000,0.0500,3788,1,3,
74.8738,13713,274305,2558,1936,0,0,1,-2.0000,0.0000,0.0000,0.0500,1.6937,-0.0000,0.0000,0.0500,3789,1,3,
74.8938,13714,274325,2558,1936,0,0,1,-2.0000,0.0000,0.0000,0.0500,1.6625,-0.0000,-0.0000,0.0500,3790,1,3,
74.9138,13715,274345,2558,1936,0,0,1,-2.0000,0.0000,0.0000,0.0500,1.6375,-0.0000,0.0000,0.0500,3791,1,3,
74.9338,13716,274365,2558,1936,0,0,1,-2.0000,0.0000,0.0000,0.0500,1.6062,-0.0000,-0.0000,0.0500,3792,1,3,
74.9538,13717,274385,2558,1936,0,0,1,-2.0000,0.0000,0.0000,0.0500,1.5812,-0.0000,0.0000,0.0500,3793,1,3,
74.9738,13718,274405,2558,1936,0,0,1,-2.0000,0.0000,0.0000,0.0500,1.5562,-0.0000,-0.0000,0.0500,3794,1,3,
75.0187,13720,274445,2559,1936,0,0,1,-2.0000,0.0000,0.0000,0.0500,1.5250,-0.0000,0.0000,0.0500,3796,1,3,14.11
75.0338,13721,274465,2558,1936,0,0,1,-2.0000,0.0000,0.0000,0.0500,1.5000,-0.0000,-0.0000,0.0500,3797,1,3,
75.0538,13722,274485,2558,1936,0,0,1,-2.0000,0.0000,0.0000,0.0500,1.4750,-0.0000,-0.0000,0.0500,3798,1,3,
75.0738,13723,274505,2558,1936,0,0,1,-2.0000,0.0000,0.0000,0.0500,1.4437,-0.0000,-0.0000,0.0500,3799,1,3,
75.0938,13724,274525,2558,1936,0,0,1,-2.0000,0.0000,0.0000,0.0500,1.4187,-0.0000,-0.0000,0.0500,3800,1,3,
75.1138,13725,274545,2558,1936,0,0,1,-2.0000,0.0000,0.0000,0.0500,1.3875,-0.0000,-0.0000,0.0500,3801,1,3,
75.1337,13726,274565,2559,1936,0,0,1,-2.0000,0.0000,0.0000,0.0500,1.3625,-0.0000,-0.0000,0.0500,3802,1,3,
75.1537,13727,274585,2559,1936,0,0,1,-2.0000,0.0000,0.0000,0.0500,1.3375,-0.0000,0.0000,0.0500,3803,1,3,
75.1738,13728,274605,2559,1936,0,0,1,-2.0000,0.0000,0.0000,0.0500,1.3062,-0.0000,-0.0000,0.0500,3804,1,3,
75.1937,13729,274625,2559,1936,0,0,1,-2.0000,0.0000,0.0000,0.0500,1.2812,-0.0000,0.0000,0.0500,3805,1,3,
75.2137,13730,274645,2559,1936,0,0,1,-2.0000,0.0000,0.0000,0.0500,1.2500,-0.0000,-0.0000,0.0500,3806,1,3,
75.2338,13731,274665,2559,1936,0,0,1,-2.0000,0.0000,0.0000,0.0500,1.2250,-0.0000,0.0000,0.0500,3807,1,3,
75.2684,13732,274685,2559,1936,0,0,1,-2.0000,0.0000,0.0000,0.0500,1.2062,-0.0000,0.0000,0.0500,3808,1,3,
75.2738,13733,274705,2559,1936,0,0,1,-2.0000,0.0000,0.0000,0.0500,1.1937,-0.0000,-0.0000,0.0500,3809,1,3,
75.2938,13734,274725,2559,1936,0,0,1,-2.0000,0.0000,0.0000,0.0500,1.1687,-0.0000,0.0000,0.0500,3810,1,3,
75.3138,13735,274745,2559,1936,0,0,1,-2.0000,0.0000,0.0000,0.0500,1.1437,-0.0000,-0.0000,0.0500,3811,1,3,
75.3339,13736,274765,2559,1936,0,0,1,-2.0000,0.0000,0.0000,0.0500,1.1125,-0.0000,0.0000,0.0500,3812,1,3,
75.3538,13737,274785,2558,1936,0,0,1,-2.0000,0.0000,0.0000,0.0500,1.0875,-0.0000,-0.0000,0.0500,3813,1,3,
75.3738,13738,274805,2558,1936,0,0,1,-2.0000,0.0000,0.0000,0.0500,1.0562,-0.0000,0.0000,0.0500,3814,1,3,
75.3938,13739,274825,2558,1936,0,0,1,-2.0000,0.0000,0.0000,0.0500,1.0312,-0.0000,-0.0000,0.0500,3815,1,3,
75.4138,13740,274845,2558,1936,0,0,1,-2.0000,0.0000,0.0000,0.0500,1.0000,-0.0000,0.0000,0.0500,3816,1,3,
75.4338,13741,274865,2558,1936,0,0,1,-2.0000,0.0000,0.0000,0.0500,0.9750,-0.0000,-0.0000,0.0500,3817,1,3,
75.4537,13742,274885,2558,1936,0,0,1,-2.0000,0.0000,0.0000,0.0500,0.9500,-0.0000,-0.0000,0.0500,3818,1,3,
75.4738,13743,274905,2558,1936,0,0,1,-2.0000,0.0000,0.0000,0.0500,0.9187,-0.0000,-0.0000,0.0500,3819,1,3,
75.4938,13744,274925,2558,1936,0,0,1,-2.0000,0.0000,0.0000,0.0500,0.8937,-0.0000,-0.0000,0.0500,3820,1,3,
75.5257,13745,274945,2558,1936,0,0,1,-2.0000,0.0000,0.0000,0.0500,0.8750,-0.0000,-0.0000,0.0500,3821,1,3,
75.5338,13746,274965,2558,1936,0,0,1,-2.0000,0.0000,0.0000,0.0500,0.8687,-0.0000,0.0000,0.0500,3822,1,3,
75.5539,13747,274985,2559,1936,0,0,1,-2.0000,0.0000,0.0000,0.0500,0.8375,-0.0000,-0.0000,0.0500,3823,1,3,
75.5738,13748,275005,2559,1936,0,0,1,-2.0000,0.0000,0.0000,0.0500,0.8125,-0.0000,0.0000,0.0500,3824,1,3,
75.5937,13749,275025,2558,1936,0,0,1,-2.0000,0.0000,0.0000,0.0500,0.7812,-0.0000,-0.0000,0.0500,3825,1,3,
75.6138,13750,275045,2558,1936,0,0,1,-2.0000,0.0000,0.0000,0.0500,0.7562,-0.0000,0.0000,0.0500,3826,1,3,
75.6337,13751,275065,2558,1936,0,0,1,-2.0000,0.0000,0.0000,0.0500,0.7250,-0.0000,-0.0000,0.0500,3827,1,3,
75.6538,13752,275085,2558,1936,0,0,1,-2.0000,0.0000,0.0000,0.0500,0.7000,-0.0000,0.0000,0.0500,3828,1,3,
75.6738,13753,275105,2558,1936,0,0,1,-2.0000,0.0000,0.0000,0.0500,0.6750,-0.0000,-0.0000,0.0500,3829,1,3,
75.6939,13754,275125,2558,1936,0,0,1,-2.0000,0.0000,0.0000,0.0500,0.6437,-0.0000,0.0000,0.0500,3830,1,3,
75.7138,13755,275145,2558,1936,0,0,1,-2.0000,0.0000,0.0000,0.0500,0.6187,-0.0000,-0.0000,0.0500,3831,1,3,
75.7338,13756,275165,2558,1936,0,0,1,-2.0000,0.0000,0.0000,0.0500,0.5875,-0.0000,0.0000,0.0500,3832,1,3,
75.7752,13757,275185,2558,1936,0,0,1,-2.0000,0.0000,0.0000,0.0500,0.5625,-0.0000,-0.0000,0.0500,3833,1,3,
75.7755,13758,275205,2558,1936,0,0,1,-2.0000,0.0000,0.0000,0.0500,0.5562,-0.0000,-0.0000,0.0500,3834,1,3,
75.7938,13759,275225,2558,1937,0,0,1,-2.0000,0.0000,0.0000,0.0500,0.5312,-0.0000,0.0000,0.0500,3835,1,3,
75.8138,13760,275245,2558,1937,0,0,1,-2.0000,0.0000,0.0000,0.0500,0.5062,-0.0000,-0.0000,0.0500,3836,1,3,
75.8339,13761,275265,2558,1937,0,0,1,-2.0000,0.0000,0.0000,0.0500,0.4812,-0.0000,-0.0000,0.0500,3837,1,3,
75.8538,13762,275285,2558,1936,0,0,1,-2.0000,0.0000,0.0000,0.0500,0.4500,-0.0000,-0.0000,0.0500,3838,1,3,
75.8739,13763,275305,2558,1936,0,0,1,-2.0000,0.0000,0.0000,0.0500,0.4250,-0.0000,-0.0000,0.0500,3839,1,3,
75.8938,13764,275325,2558,1936,0,0,1,-2.0000,0.0000,0.0000,0.0500,0.3937,-0.0000,-0.0000,0.0500,3840,1,3,
75.9138,13765,275345,2558,1936,0,0,1,-2.0000,0.0000,0.0000,0.0500,0.3687,-0.0000,-0.0000,0.0500,3841,1,3,
75.9339,13766,275365,2558,1936,0,0,1,-2.0000,0.0000,0.0000,0.0500,0.3375,-0.0000,-0.0000,0.0500,3842,1,3,
75.9537,13767,275385,2558,1936,0,0,1,-2.0000,0.0000,0.0000,0.0500,0.3125,-0.0000,-0.0000,0.0500,3843,1,3,
75.9739,13768,275405,2558,1936,0,0,1,-2.0000,0.0000,0.0000,0.0500,0.2875,-0.0000,0.0000,0.0500,3844,1,3,
75.9938,13769,275425,2559,1936,0,0,1,-2.0000,0.0000,0.0000,0.0500,0.2562,-0.0000,-0.0000,0.0500,3845,1,3,
76.0253,13770,275445,2559,1936,0,0,1,-2.0000,0.0000,0.0000,0.0500,0.2375,-0.0000,-0.0000,0.0500,3846,1,3,6.83
76.0339,13771,275465,2559,1936,0,0,1,-2.0000,0.0000,0.0000,0.0500,0.2312,-0.0000,0.0000,0.0500,3847,1,3,
76.0538,13772,275485,2559,1936,0,0,1,-2.0000,0.0000,0.0000,0.0500,0.2000,-0.0000,-0.0000,0.0500,3848,1,3,
76.0738,13773,275505,2559,1936,0,0,1,-2.0000,0.0000,0.0000,0.0500,0.1750,-0.0000,0.0000,0.0500,3849,1,3,
76.0938,13774,275525,2559,1936,0,0,1,-2.0000,0.0000,0.0000,0.0500,0.1437,-0.0000,-0.0000,0.0500,3850,1,3,
76.1139,13775,275545,2559,1936,0,0,1,-2.0000,0.0000,0.0000,0.0500,0.1187,-0.0000,0.0000,0.0500,3851,1,3,
76.1339,13776,275565,2559,1936,0,0,1,-2.0000,0.0000,0.0000,0.0500,0.0937,-0.0000,-0.0000,0.0500,3852,1,3,
76.1537,13777,275585,2559,1936,0,0,1,-2.0000,0.0000,0.0000,0.0500,0.0625,-0.0000,0.0000,0.0500,3853,1,3,
76.1739,13778,275605,2559,1936,0,0,1,-2.0000,0.0000,0.0000,0.0500,0.0375,-0.0000,-0.0000,0.0500,3854,1,3,
76.1938,13779,275625,2559,1936,0,0,1,-2.0000,0.0000,0.0000,0.0500,0.0062,-0.0000,0.0000,0.0500,3855,1,3,
76.2138,13780,275645,2559,1936,0,0,1,-2.0000,0.0000,0.0000,0.0500,-0.0188,-0.0000,-0.0000,0.0500,3856,1,3,
76.2338,13781,275665,2559,1936,0,0,1,-2.0000,0.0000,0.0000,0.0500,-0.0500,-0.0000,0.0000,0.0500,3857,1,3,
76.2752,13783,275705,2558,1936,0,0,1,-2.0000,0.0000,0.0000,0.0500,-0.0813,-0.0000,-0.0000,0.0500,3859,1,3,
76.2937,13784,275725,2558,1936,0,0,1,-2.0000,0.0000,0.0000,0.0500,-0.1063,-0.0000,0.0000,0.0500,3860,1,3,
76.3138,13785,275745,2558,1936,0,0,1,-2.0000,0.0000,0.0000,0.0500,-0.1313,-0.0000,-0.0000,0.0500,3861,1,3,
76.3338,13786,275765,2558,1936,0,0,1,-2.0000,0.0000,0.0000,0.0500,-0.1625,-0.0000,0.0000,0.0500,3862,1,3,
76.3538,13787,275785,2558,1936,0,0,1,-2.0000,0.0000,0.0000,0.0500,-0.1875,-0.0000,-0.0000,0.0500,3863,1,3,
76.3737,13788,275805,2558,1936,0,0,1,-2.0000,0.0000,0.0000,0.0500,-0.2125,-0.0000,-0.0000,0.0500,3864,1,3,
76.3938,13789,275825,2558,1936,0,0,1,-2.0000,0.0000,0.0000,0.0500,-0.2438,-0.0000,-0.0000,0.0500,3865,1,3,
76.4138,13790,275845,2558,1936,0,0,1,-2.0000,0.0000,0.0000,0.0500,-0.2688,-0.0000,-0.0000,0.0500,3866,1,3,
76.4338,13791,275865,2558,1936,0,0,1,-2.0000,0.0000,0.0000,0.0500,-0.3000,-0.0000,-0.0000,0.0500,3867,1,3,
76.4539,13792,275885,2558,1936,0,0,1,-2.0000,0.0000,0.0000,0.0500,-0.3250,-0.0000,-0.0000,0.0500,3868,1,3,
76.4738,13793,275905,2558,1936,0,0,1,-2.0000,0.0000,0.0000,0.0500,-0.3500,-0.0000,0.0000,0.0500,3869,1,3,
76.4938,13794,275925,2558,1937,0,0,1,-2.0000,0.0000,0.0000,0.0500,-0.3813,-0.0000,-0.0000,0.0500,3870,1,3,
76.5254,13795,275945,2558,1936,0,0,1,-2.0000,0.0000,0.0000,0.0500,-0.4000,-0.0000,-0.0000,0.0500,3871,1,3,
76.5338,13796,275965,2558,1936,0,1,1,-2.0000,0.0000,0.0000,0.0500,-0.4063,-0.0000,0.0000,0.0500,3872,1,3,
76.5538,13797,275985,2558,1936,0,1,1,-2.0000,0.0000,0.0000,0.0500,-0.4313,-0.0000,-0.0000,0.0500,3873,1,3,
76.5739,13798,276005,2559,1936,0,1,1,-2.0000,0.0000,0.0000,0.0500,-0.4625,-0.0000,0.0000,0.0500,3874,1,3,
76.5938,13799,276025,2559,1936,0,1,1,-2.0000,0.0000,0.0000,0.0500,-0.4875,-0.0000,-0.0000,0.0500,3875,1,3,
76.6138,13800,276045,2559,1936,0,1,1,-2.0000,0.0000,0.0000,0.0500,-0.5188,-0.0000,0.0000,0.0500,3876,1,3,
76.6339,13801,276065,2559,1936,0,1,1,-2.0000,0.0000,0.0000,0.0500,-0.5438,-0.0000,-0.0000,0.0500,3877,1,3,
76.6538,13802,276085,2559,1935,0,1,1,-2.0000,0.0000,0.0000,0.0500,-0.5750,-0.0000,0.0000,0.0500,3878,1,3,
76.6738,13803,276105,2559,1936,0,1,1,-2.0000,0.0000,0.0000,0.0500,-0.6000,-0.0000,-0.0000,0.0500,3879,1,3,
76.6938,13804,276125,2558,1936,0,1,1,-2.0000,0.0000,0.0000,0.0500,-0.6250,-0.0000,-0.0000,0.0500,3880,1,3,
76.7138,13805,276145,2558,1936,0,1,1,-2.0000,0.0000,0.0000,0.0500,-0.6563,-0.0000,-0.0000,0.0500,3881,1,3,
76.7338,13806,276165,2558,1936,0,1,1,-2.0000,0.0000,0.0000,0.0500,-0.6813,-0.0000,-0.0000,0.0500,3882,1,3,
76.7538,13807,276185,2558,1936,0,1,1,-2.0000,0.0000,0.0000,0.0500,-0.7125,-0.0000,-0.0000,0.0500,3883,1,3,
76.7821,13808,276205,2558,1936,0,1,1,-2.0000,0.0000,0.0000,0.0500,-0.7250,-0.0000,0.0000,0.0500,3884,1,3,
76.7938,13809,276225,2558,1936,0,1,1,-2.0000,0.0000,0.0000,0.0500,-0.7375,-0.0000,-0.0000,0.0500,3885,1,3,
76.8138,13810,276245,2558,1936,0,1,1,-2.0000,0.0000,0.0000,0.0500,-0.7688,-0.0000,-0.0000,0.0500,3886,1,3,
76.8337,13811,276265,2558,1936,0,1,1,-2.0000,0.0000,0.0000,0.0500,-0.7938,-0.0000,-0.0000,0.0500,3887,1,3,
76.8538,13812,276285,2558,1936,0,1,1,-2.0000,0.0000,0.0000,0.0500,-0.8188,-0.0000,0.0000,0.0500,3888,1,3,
76.8739,13813,276305,2558,1936,0,1,1,-2.0000,0.0000,0.0000,0.0500,-0.8500,-0.0000,-0.0000,0.0500,3889,1,3,
76.8939,13814,276325,2559,1936,0,1,1,-2.0000,0.0000,0.0000,0.0500,-0.8750,-0.0000,0.0000,0.0500,3890,1,3,
76.9138,13815,276345,2559,1936,0,1,1,-2.0000,0.0000,0.0000,0.0500,-0.9000,-0.0000,-0.0000,0.0500,3891,1,3,
76.9338,13816,276365,2559,1936,0,1,1,-2.0000,0.0000,0.0000,0.0500,-0.9313,-0.0000,0.0000,0.0500,3892,1,3,
76.9538,13817,276385,2558,1936,0,1,1,-2.0000,0.0000,0.0000,0.0500,-0.9563,-0.0000,-0.0000,0.0500,3893,1,3,
76.9738,13818,276405,2558,1936,0,1,1,-2.0000,0.0000,0.0000,0.0500,-0.9875,-0.0000,0.0000,0.0500,3894,1,3,
76.9938,13819,276425,2558,1935,0,1,1,-2.0000,0.0000,0.0000,0.0500,-1.0125,-0.0000,-0.0000,0.0500,3895,1,3,
77.0338,13821,276465,2558,1935,0,1,1,-2.0000,0.0000,0.0000,0.0500,-1.0438,-0.0000,0.0000,0.0500,3897,1,3,7.27
77.0538,13822,276485,2558,1935,0,1,1,-2.0000,0.0000,0.0000,0.0500,-1.0688,-0.0000,-0.0000,0.0500,3898,1,3,
77.0738,13823,276505,2558,1935,0,1,1,-2.0000,0.0000,0.0000,0.0500,-1.1000,-0.0000,0.0000,0.0500,3899,1,3,
77.0938,13824,276525,2558,1935,0,1,1,-2.0000,0.0000,0.0000,0.0500,-1.1250,-0.0000,-0.0000,0.0500,3900,1,3,
77.1139,13825,276545,2558,1935,0,1,1,-2.0000,0.0000,0.0000,0.0500,-1.1563,-0.0000,0.0000,0.0500,3901,1,3,
77.1339,13826,276565,2558,1935,0,1,1,-2.0000,0.0000,0.0000,0.0500,-1.1813,-0.0000,-0.0000,0.0500,3902,1,3,
77.1538,13827,276585,2558,1935,0,1,1,-2.0000,0.0000,0.0000,0.0500,-1.2063,-0.0000,-0.0000,0.0500,3903,1,3,
77.1739,13828,276605,2558,1936,0,1,1,-2.0000,0.0000,0.0000,0.0500,-1.2375,-0.0000,-0.0000,0.0500,3904,1,3,
77.1938,13829,276625,2558,1936,0,1,1,-2.0000,0.0000,0.0000,0.0500,-1.2625,-0.0000,-0.0000,0.0500,3905,1,3,
77.2140,13830,276645,2558,1936,0,1,1,-2.0000,0.0000,0.0000,0.0500,-1.2938,-0.0000,-0.0000,0.0500,3906,1,3,
77.2338,13831,276665,2558,1936,0,1,1,-2.0000,0.0000,0.0000,0.0500,-1.3188,-0.0000,-0.0000,0.0500,3907,1,3,
77.2539,13832,276685,2558,1936,0,1,1,-2.0000,0.0000,0.0000,0.0500,-1.3500,-0.0000,-0.0000,0.0500,3908,1,3,
77.2891,13833,276705,2558,1936,0,1,1,-2.0000,0.0000,0.0000,0.0500,-1.3688,-0.0000,-0.0000,0.0500,3909,1,3,
77.2940,13834,276725,2558,1936,0,1,1,-2.0000,0.0000,0.0000,0.0500,-1.3750,-0.0000,-0.0000,0.0500,3910,1,3,
77.3138,13835,276745,2558,1936,0,1,1,-2.0000,0.0000,0.0000,0.0500,-1.4000,-0.0000,0.0000,0.0500,3911,1,3,
77.3338,13836,276765,2558,1936,0,1,1,-2.0000,0.0000,0.0000,0.0500,-1.4250,-0.0000,-0.0000,0.0500,3912,1,3,
77.3538,13837,276785,2558,1936,0,1,1,-2.0000,0.0000,0.0000,0.0500,-1.4563,-0.0000,0.0000,0.0500,3913,1,3,
77.3738,13838,276805,2558,1936,0,1,1,-2.0000,0.0000,0.0000,0.0500,-1.4813,-0.0000,-0.0000,0.0500,3914,1,3,
77.3938,13839,276825,2558,1936,0,1,1,-2.0000,0.0000,0.0000,0.0500,-1.5125,-0.0000,0.0000,0.0500,3915,1,3,
77.4138,13840,276845,2558,1936,0,1,1,-2.0000,0.0000,0.0000,0.0500,-1.5375,-0.0000,-0.0000,0.0500,3916,1,3,
77.4339,13841,276865,2558,1937,0,1,1,-2.0000,0.0000,0.0000,0.0500,-1.5625,-0.0000,-0.0000,0.0500,3917,1,3,
77.4538,13842,276885,2558,1936,0,1,1,-2.0000,0.0000,0.0000,0.0500,-1.5938,-0.0000,-0.0000,0.0500,3918,1,3,
77.4738,13843,276905,2559,1936,0,1,1,-2.0000,0.0000,0.0000,0.0500,-1.6188,-0.0000,-0.0000,0.0500,3919,1,3,
77.4938,13844,276925,2559,1936,0,1,1,-2.0000,0.0000,0.0000,0.0500,-1.6500,-0.0000,-0.0000,0.0500,3920,1,3,
77.5138,13845,276945,2559,1935,0,1,1,-2.0000,0.0000,0.0000,0.0500,-1.6750,-0.0000,-0.0000,0.0500,3921,1,3,
77.5396,13846,276965,2559,1936,0,1,1,-2.0000,0.0000,0.0000,0.0500,-1.6875,-0.0000,-0.0000,0.0500,3922,1,3,
77.5538,13847,276985,2559,1936,0,1,1,-2.0000,0.0000,0.0000,0.0500,-1.7063,-0.0000,-0.0000,0.0500,3923,1,3,
77.5739,13848,277005,2559,1936,0,1,1,-2.0000,0.0000,0.0000,0.0500,-1.7313,-0.0000,-0.0000,0.0500,3924,1,3,
77.5939,13849,277025,2559,1935,0,1,1,-2.0000,0.0000,0.0000,0.0500,-1.7625,-0.0000,-0.0000,0.0500,3925,1,3,
77.6138,13850,277045,2559,1936,0,1,1,-2.0000,0.0000,0.0000,0.0500,-1.7875,-0.0000,-0.0000,0.0500,3926,1,3,
77.6338,13851,277065,2559,1936,0,1,1,-2.0000,0.0000,0.0000,0.0500,-1.8125,-0.0000,0.0000,0.0500,3927,1,3,
77.6538,13852,277085,2559,1936,0,1,1,-2.0000,0.0000,0.0000,0.0500,-1.8438,-0.0000,-0.0000,0.0500,3928,1,3,
77.6738,13853,277105,2559,1936,0,1,1,-2.0000,0.0000,0.0000,0.0500,-1.8688,-0.0000,0.0000,0.0500,3929,1,3,
77.6938,13854,277125,2559,1936,0,1,1,-2.0000,0.0000,0.0000,0.0500,-1.9000,-0.0000,-0.0000,0.0500,3930,1,3,
77.7139,13855,277145,2559,1937,0,1,1,-2.0000,0.0000,0.0000,0.0500,-1.9250,-0.0000,0.0000,0.0500,3931,1,3,
77.7339,13856,277165,2559,1935,0,1,1,-2.0000,0.0000,0.0000,0.0500,-1.9544,-0.0000,-0.0000,0.0500,3932,1,3,
77.7537,13857,277185,2559,1936,0,1,1,-2.0000,0.0000,0.0000,0.0500,-1.9701,-0.0000,-0.0000,0.0500,3933,1,3,
77.7959,13859,277225,2559,1936,0,1,1,-2.0000,0.0000,0.0000,0.0500,-1.9804,-0.0000,-0.0000,0.0500,3935,1,3,
77.8139,13860,277245,2559,1936,0,1,1,-2.0000,0.0000,0.0000,0.0500,-1.9884,-0.0000,0.0000,0.0500,3936,1,3,
77.8339,13861,277265,2558,1936,0,1,1,-2.0000,0.0000,0.0000,0.0500,-1.9924,-0.0000,0.0000,0.0500,3937,1,3,
77.8538,13862,277285,2558,1936,0,1,1,-2.0000,0.0000,0.0000,0.0500,-1.9950,-0.0000,0.0000,0.0500,3938,1,3,
77.8739,13863,277305,2558,1936,0,1,1,-2.0000,0.0000,0.0000,0.0500,-1.9971,-0.0000,0.0000,0.0500,3939,1,3,
77.8938,13864,277325,2558,1936,0,1,1,-2.0000,0.0000,0.0000,0.0500,-1.9981,-0.0000,0.0000,0.0500,3940,1,3,
77.9139,13865,277345,2558,1936,0,1,1,-2.0000,0.0000,0.0000,0.0500,-1.9989,-0.0000,0.0000,0.0500,3941,1,3,
77.9338,13866,277365,2558,1936,0,1,1,-2.0000,0.0000,0.0000,0.0500,-1.9993,-0.0000,0.0000,0.0500,3942,1,3,
77.9539,13867,277385,2558,1935,0,1,1,-2.0000,0.0000,0.0000,0.0500,-1.9995,-0.0000,0.0000,0.0500,3943,1,3,
77.9738,13868,277405,2558,1935,0,1,1,-2.0000,0.0000,0.0000,0.0500,-1.9997,-0.0000,0.0000,0.0500,3944,1,3,
77.9939,13869,277425,2558,1936,0,1,1,-2.0000,0.0000,0.0000,0.0500,-1.9998,-0.0000,0.0000,0.0500,3945,1,3,
78.0138,13870,277445,2558,1936,0,1,1,-2.0000,0.0000,0.0000,0.0500,-1.9999,-0.0000,0.0000,0.0500,3946,1,3,
78.0462,13871,277465,2558,1936,0,1,1,-2.0000,0.0000,0.0000,0.0500,-1.9999,-0.0000,0.0000,0.0500,3947,1,3,7.25
78.0539,13872,277485,2558,1936,0,1,1,-2.0000,0.0000,0.0000,0.0500,-1.9999,-0.0000,0.0000,0.0500,3948,1,3,
78.0738,13873,277505,2558,1936,0,1,1,-2.0000,0.0000,0.0000,0.0500,-2.0000,-0.0000,0.0000,0.0500,3949,1,3,
78.0939,13874,277525,2558,1936,0,1,1,-2.0000,0.0000,0.0000,0.0500,-2.0000,-0.0000,0.0000,0.0500,3950,1,3,
78.1139,13875,277545,2557,1936,0,1,1,-2.0000,0.0000,0.0000,0.0500,-2.0000,-0.0000,0.0000,0.0500,3951,1,3,
78.1338,13876,277565,2558,1936,0,1,1,-2.0000,0.0000,0.0000,0.0500,-2.0000,-0.0000,0.0000,0.0500,3952,1,3,
78.1538,13877,277585,2558,1936,0,1,1,-2.0000,0.0000,0.0000,0.0500,-2.0000,-0.0000,0.0000,0.0500,3953,1,3,
78.1737,13878,277605,2558,1936,0,1,1,-2.0000,0.0000,0.0000,0.0500,-2.0000,-0.0000,0.0000,0.0500,3954,1,3,
78.1939,13879,277625,2558,1936,0,1,1,-2.0000,0.0000,0.0000,0.0500,-2.0000,-0.0000,0.0000,0.0500,3955,1,3,
78.2139,13880,277645,2558,1936,0,1,1,-2.0000,0.0000,0.0000,0.0500,-2.0000,-0.0000,0.0000,0.0500,3956,1,3,
78.2339,13881,277665,2558,1936,0,1,1,-2.0000,0.0000,0.0000,0.0500,-2.0000,-0.0000,0.0000,0.0500,3957,1,3,
78.2538,13882,277685,2558,1935,0,1,1,-2.0000,0.0000,0.0000,0.0500,-2.0000,0.0000,0.0000,0.0500,3958,1,3,
78.2888,13883,277705,2558,1935,0,1,1,-2.0000,0.0000,0.0000,0.0500,-2.0000,0.0000,0.0000,0.0500,3959,1,3,
78.2963,13884,277725,2558,1935,0,1,1,-2.0000,0.0000,0.0000,0.0500,-2.0000,0.0000,0.0000,0.0500,3960,1,3,
78.3139,13885,277745,2558,1936,0,1,1,-2.0000,0.0000,0.0000,0.0500,-2.0000,0.0000,0.0000,0.0500,3961,1,3,
78.3339,13886,277765,2558,1936,0,1,1,-2.0000,0.0000,0.0000,0.0500,-2.0000,0.0000,0.0000,0.0500,3962,1,3,
78.3539,13887,277785,2558,1936,0,1,1,-2.0000,0.0000,0.0000,0.0500,-2.0000,0.0000,0.0000,0.0500,3963,1,3,
78.3738,13888,277805,2558,1936,0,1,1,-2.0000,0.0000,0.0000,0.0500,-2.0000,0.0000,0.0000,0.0500,3964,1,3,
78.3938,13889,277825,2558,1936,0,1,1,-2.0000,0.0000,0.0000,0.0500,-2.0000,0.0000,0.0000,0.0500,3965,1,3,
78.4138,13890,277845,2558,1936,0,1,1,-2.0000,0.0000,0.0000,0.0500,-2.0000,0.0000,0.0000,0.0500,3966,1,3,
78.4339,13891,277865,2558,1936,0,1,1,-2.0000,0.0000,0.0000,0.0500,-2.0000,0.0000,0.0000,0.0500,3967,1,3,
78.4538,13892,277885,2558,1936,0,1,1,-2.0000,0.0000,0.0000,0.0500,-2.0000,0.0000,0.0000,0.0500,3968,1,3,
78.4738,13893,277905,2558,1936,0,1,1,-2.0000,0.0000,0.0000,0.0500,-2.0000,0.0000,0.0000,0.0500,3969,1,3,
78.4938,13894,277925,2558,1936,0,1,1,-2.0000,0.0000,0.0000,0.0500,-2.0000,0.0000,0.0000,0.0500,3970,1,3,
78.5139,13895,277945,2558,1936,0,1,1,-2.0000,0.0000,0.0000,0.0500,-2.0000,0.0000,0.0000,0.0500,3971,1,3,
78.5463,13896,277965,2558,1936,0,1,1,-2.0000,0.0000,0.0000,0.0500,-2.0000,0.0000,0.0000,0.0500,3972,1,3,
78.5539,13897,277985,2558,1936,0,1,1,-2.0000,0.0000,0.0000,0.0500,-2.0000,0.0000,0.0000,0.0500,3973,1,3,
78.5738,13898,278005,2558,1936,0,1,1,-2.0000,0.0000,0.0000,0.0500,-2.0000,0.0000,0.0000,0.0500,3974,1,3,
78.5938,13899,278025,2558,1936,0,1,1,-2.0000,0.0000,0.0000,0.0500,-2.0000,0.0000,0.0000,0.0500,3975,1,3,
78.6139,13900,278045,2558,1936,0,1,1,-2.0000,0.0000,0.0000,0.0500,-2.0000,0.0000,0.0000,0.0500,3976,1,3,
78.6339,13901,278065,2558,1936,0,1,1,0.0000,0.0000,0.0000,0.0500,-1.9937,0.0000,0.0000,0.0500,3977,1,3,
78.6538,13902,278085,2558,1936,0,1,1,0.0000,0.0000,0.0000,0.0500,-1.9687,-0.0000,-0.0000,0.0500,3978,1,3,
78.6738,13903,278105,2558,1936,0,1,1,0.0000,0.0000,0.0000,0.0500,-1.9375,-0.0000,-0.0000,0.0500,3979,1,3,
78.6937,13904,278125,2558,1936,0,1,1,0.0000,0.0000,0.0000,0.0500,-1.9125,-0.0000,-0.0000,0.0500,3980,1,3,
78.7138,13905,278145,2558,1936,0,1,1,0.0000,0.0000,0.0000,0.0500,-1.8812,-0.0000,0.0000,0.0500,3981,1,3,
78.7337,13906,278165,2558,1936,0,1,1,0.0000,0.0000,0.0000,0.0500,-1.8562,-0.0000,-0.0000,0.0500,3982,1,3,
78.7538,13907,278185,2559,1936,0,1,1,0.0000,0.0000,0.0000,0.0500,-1.8312,-0.0000,-0.0000,0.0500,3983,1,3,
78.7820,13908,278205,2559,1936,0,1,1,0.0000,0.0000,0.0000,0.0500,-1.8000,-0.0000,-0.0000,0.0500,3984,1,3,
78.7961,13909,278225,2559,1936,0,1,1,0.0000,0.0000,0.0000,0.0500,-1.7937,-0.0000,-0.0000,0.0500,3985,1,3,
78.8138,13910,278245,2558,1936,0,1,1,0.0000,0.0000,0.0000,0.0500,-1.7750,-0.0000,-0.0000,0.0500,3986,1,3,
78.8338,13911,278265,2558,1936,0,1,1,0.0000,0.0000,0.0000,0.0500,-1.7437,-0.0000,-0.0000,0.0500,3987,1,3,
78.8538,13912,278285,2558,1936,0,1,1,0.0000,0.0000,0.0000,0.0500,-1.7187,-0.0000,-0.0000,0.0500,3988,1,3,
78.8739,13913,278305,2558,1936,0,1,1,0.0000,0.0000,0.0000,0.0500,-1.6875,-0.0000,-0.0000,0.0500,3989,1,3,
78.8940,13914,278325,2558,1936,0,0,1,0.0000,0.0000,0.0000,0.0500,-1.6625,-0.0000,-0.0000,0.0500,3990,1,3,
78.9138,13915,278345,2558,1937,0,0,1,0.0000,0.0000,0.0000,0.0500,-1.6312,-0.0000,-0.0000,0.0500,3991,1,3,
78.9339,13916,278365,2558,1936,0,0,1,0.0000,0.0000,0.0000,0.0500,-1.6062,-0.0000,-0.0000,0.0500,3992,1,3,
78.9538,13917,278385,2558,1936,0,0,1,0.0000,0.0000,0.0000,0.0500,-1.5812,-0.0000,0.0000,0.0500,3993,1,3,
78.9738,13918,278405,2558,1936,0,0,1,0.0000,0.0000,0.0000,0.0500,-1.5500,-0.0000,-0.0000,0.0500,3994,1,3,
78.9938,13919,278425,2558,1936,0,0,1,0.0000,0.0000,0.0000,0.0500,-1.5250,-0.0000,0.0000,0.0500,3995,1,3,
79.0138,13920,278445,2558,1936,0,0,1,0.0000,0.0000,0.0000,0.0500,-1.4937,-0.0000,-0.0000,0.0500,3996,1,3,
79.0527,13921,278465,2558,1936,0,0,1,0.0000,0.0000,0.0000,0.0500,-1.4750,-0.0000,-0.0000,0.0500,3997,1,3,
79.0547,13922,278485,2558,1937,0,0,1,0.0000,0.0000,0.0000,0.0500,-1.4687,-0.0000,0.0000,0.0500,3998,1,3,8.85
79.0739,13923,278505,2558,1937,0,0,1,0.0000,0.0000,0.0000,0.0500,-1.4437,-0.0000,-0.0000,0.0500,3999,1,3,
79.0938,13924,278525,2558,1937,0,0,1,0.0000,0.0000,0.0000,0.0500,-1.4125,-0.0000,0.0000,0.0500,4000,1,3,
79.1139,13925,278545,2558,1936,0,0,1,0.0000,0.0000,0.0000,0.0500,-1.3875,-0.0000,-0.0000,0.0500,4001,1,3,
79.1338,13926,278565,2559,1936,0,0,1,0.0000,0.0000,0.0000,0.0500,-1.3625,-0.0000,-0.0000,0.0500,4002,1,3,
79.1538,13927,278585,2559,1937,0,0,1,0.0000,0.0000,0.0000,0.0500,-1.3312,-0.0000,-0.0000,0.0500,4003,1,3,
79.1738,13928,278605,2558,1936,0,0,1,0.0000,0.0000,0.0000,0.0500,-1.3062,-0.0000,-0.0000,0.0500,4004,1,3,
79.1938,13929,278625,2558,1936,0,0,1,0.0000,0.0000,0.0000,0.0500,-1.2750,-0.0000,-0.0000,0.0500,4005,1,3,
79.2138,13930,278645,2558,1937,0,0,1,0.0000,0.0000,0.0000,0.0500,-1.2500,-0.0000,-0.0000,0.0500,4006,1,3,
79.2339,13931,278665,2558,1937,0,0,1,0.0000,0.0000,0.0000,0.0500,-1.2250,-0.0000,0.0000,0.0500,4007,1,3,
79.2539,13932,278685,2558,1936,0,0,1,0.0000,0.0000,0.0000,0.0500,-1.1937,-0.0000,-0.0000,0.0500,4008,1,3,
79.2738,13933,278705,2558,1937,0,0,1,0.0000,0.0000,0.0000,0.0500,-1.1687,-0.0000,0.0000,0.0500,4009,1,3,
79.3028,13934,278725,2558,1936,0,0,1,0.0000,0.0000,0.0000,0.0500,-1.1500,-0.0000,0.0000,0.0500,4010,1,3,
79.3138,13935,278745,2558,1936,0,0,1,0.0000,0.0000,0.0000,0.0500,-1.1375,-0.0000,-0.0000,0.0500,4011,1,3,
79.3339,13936,278765,2559,1936,0,0,1,0.0000,0.0000,0.0000,0.0500,-1.1125,-0.0000,0.0000,0.0500,4012,1,3,
79.3539,13937,278785,2559,1936,0,0,1,0.0000,0.0000,0.0000,0.0500,-1.0812,-0.0000,-0.0000,0.0500,4013,1,3,
79.3738,13938,278805,2558,1936,0,0,1,0.0000,0.0000,0.0000,0.0500,-1.0562,-0.0000,0.0000,0.0500,4014,1,3,
79.3939,13939,278825,2558,1936,0,0,1,0.0000,0.0000,0.0000,0.0500,-1.0250,-0.0000,-0.0000,0.0500,4015,1,3,
79.4137,13940,278845,2558,1936,0,0,1,0.0000,0.0000,0.0000,0.0500,-1.0000,-0.0000,0.0000,0.0500,4016,1,3,
79.4340,13941,278865,2558,1936,0,0,1,0.0000,0.0000,0.0000,0.0500,-0.9750,-0.0000,-0.0000,0.0500,4017,1,3,
79.4538,13942,278885,2558,1936,0,0,1,0.0000,0.0000,0.0000,0.0500,-0.9437,-0.0000,0.0000,0.0500,4018,1,3,
79.4739,13943,278905,2558,1936,0,0,1,0.0000,0.0000,0.0000,0.0500,-0.9187,-0.0000,-0.0000,0.0500,4019,1,3,
79.4938,13944,278925,2558,1936,0,0,1,0.0000,0.0000,0.0000,0.0500,-0.8875,-0.0000,0.0000,0.0500,4020,1,3,
79.5139,13945,278945,2558,1936,0,0,1,0.0000,0.0000,0.0000,0.0500,-0.8625,-0.0000,-0.0000,0.0500,4021,1,3,
79.5338,13946,278965,2558,1935,0,0,1,0.0000,0.0000,0.0000,0.0500,-0.8375,-0.0000,-0.0000,0.0500,4022,1,3,
79.5599,13947,278985,2558,1935,0,0,1,0.0000,0.0000,0.0000,0.0500,-0.8250,-0.0000,-0.0000,0.0500,4023,1,3,
79.5738,13948,279005,2558,1936,0,0,1,0.0000,0.0000,0.0000,0.0500,-0.8062,-0.0000,-0.0000,0.0500,4024,1,3,
79.5938,13949,279025,2558,1936,0,0,1,0.0000,0.0000,0.0000,0.0500,-0.7812,-0.0000,-0.0000,0.0500,4025,1,3,
79.6139,13950,279045,2558,1935,0,0,1,0.0000,0.0000,0.0000,0.0500,-0.7500,-0.0000,-0.0000,0.0500,4026,1,3,
79.6339,13951,279065,2558,1935,0,0,1,0.0000,0.0000,0.0000,0.0500,-0.7250,-0.0000,-0.0000,0.0500,4027,1,3,
79.6538,13952,279085,2558,1936,0,0,1,0.0000,0.0000,0.0000,0.0500,-0.7000,-0.0000,0.0000,0.0500,4028,1,3,
79.6738,13953,279105,2558,1936,0,0,1,0.0000,0.0000,0.0000,0.0500,-0.6687,-0.0000,-0.0000,0.0500,4029,1,3,
79.6938,13954,279125,2559,1936,0,0,1,0.0000,0.0000,0.0000,0.0500,-0.6437,-0.0000,0.0000,0.0500,4030,1,3,
79.7138,13955,279145,2559,1937,0,0,1,0.0000,0.0000,0.0000,0.0500,-0.6125,-0.0000,-0.0000,0.0500,4031,1,3,
79.7338,13956,279165,2559,1936,0,0,1,0.0000,0.0000,0.0000,0.0500,-0.5875,-0.0000,0.0000,0.0500,4032,1,3,
79.7538,13957,279185,2558,1936,0,0,1,0.0000,0.0000,0.0000,0.0500,-0.5625,-0.0000,-0.0000,0.0500,4033,1,3,
79.7738,13958,279205,2558,1936,0,0,1,0.0000,0.0000,0.0000,0.0500,-0.5312,-0.0000,0.0000,0.0500,4034,1,3,
79.8097,13959,279225,2558,1936,0,0,1,0.0000,0.0000,0.0000,0.0500,-0.5125,-0.0000,0.0000,0.0500,4035,1,3,
79.8139,13960,279245,2558,1936,0,0,1,0.0000,0.0000,0.0000,0.0500,-0.5062,-0.0000,-0.0000,0.0500,4036,1,3,
79.8338,13961,279265,2558,1935,0,0,1,0.0000,0.0000,0.0000,0.0500,-0.4750,-0.0000,0.0000,0.0500,4037,1,3,
79.8539,13962,279285,2558,1936,0,0,1,0.0000,0.0000,0.0000,0.0500,-0.4500,-0.0000,-0.0000,0.0500,4038,1,3,
79.8738,13963,279305,2558,1936,0,0,1,0.0000,0.0000,0.0000,0.0500,-0.4187,-0.0000,0.0000,0.0500,4039,1,3,
79.8939,13964,279325,2559,1936,0,0,1,0.0000,0.0000,0.0000,0.0500,-0.3937,-0.0000,-0.0000,0.0500,4040,1,3,
79.9139,13965,279345,2558,1936,0,0,1,0.0000,0.0000,0.0000,0.0500,-0.3687,-0.0000,-0.0000,0.0500,4041,1,3,
79.9338,13966,279365,2558,1936,0,0,1,0.0000,0.0000,0.0000,0.0500,-0.3375,-0.0000,-0.0000,0.0500,4042,1,3,
79.9538,13967,279385,2558,1936,0,0,1,0.0000,0.0000,0.0000,0.0500,-0.3125,-0.0000,-0.0000,0.0500,4043,1,3,
79.9738,13968,279405,2558,1936,0,0,1,0.0000,0.0000,0.0000,0.0500,-0.2812,-0.0000,-0.0000,0.0500,4044,1,3,
79.9939,13969,279425,2558,1936,0,0,1,0.0000,0.0000,0.0000,0.0500,-0.2562,-0.0000,-0.0000,0.0500,4045,1,3,
80.0139,13970,279445,2558,1936,0,0,1,0.0000,0.0000,0.0000,0.0500,-0.2250,-0.0000,-0.0000,0.0500,4046,1,3,
80.0338,13971,279465,2558,1936,0,0,1,0.0000,0.0000,0.0000,0.0500,-0.2000,-0.0000,-0.0000,0.0500,4047,1,3,
80.0599,13972,279485,2558,1936,0,0,1,0.0000,0.0000,0.0000,0.0500,-0.1875,-0.0000,-0.0000,0.0500,4048,1,3,2.14
80.0739,13973,279505,2558,1936,0,0,1,0.0000,0.0000,0.0000,0.0500,-0.1687,-0.0000,-0.0000,0.0500,4049,1,3,
80.0939,13974,279525,2558,1936,0,0,1,0.0000,0.0000,0.0000,0.0500,-0.1437,-0.0000,-0.0000,0.0500,4050,1,3,
80.1138,13975,279545,2558,1936,0,0,1,0.0000,0.0000,0.0000,0.0500,-0.1187,-0.0000,0.0000,0.0500,4051,1,3,
80.1339,13976,279565,2558,1936,0,0,1,0.0000,0.0000,0.0000,0.0500,-0.0875,-0.0000,-0.0000,0.0500,4052,1,3,
80.1538,13977,279585,2558,1936,0,0,1,0.0000,0.0000,0.0000,0.0500,-0.0625,-0.0000,0.0000,0.0500,4053,1,3,
80.1739,13978,279605,2558,1936,0,0,1,0.0000,0.0000,0.0000,0.0500,-0.0369,-0.0000,-0.0000,0.0500,4054,1,3,
80.1939,13979,279625,2558,1936,0,0,1,0.0000,0.0000,0.0000,0.0500,-0.0242,-0.0000,-0.0000,0.0500,4055,1,3,
80.2139,13980,279645,2558,1936,0,0,1,0.0000,0.0000,0.0000,0.0500,-0.0143,-0.0000,0.0000,0.0500,4056,1,3,
80.2338,13981,279665,2558,1936,0,0,1,0.0000,0.0000,0.0000,0.0500,-0.0094,-0.0000,0.0000,0.0500,4057,1,3,
80.2538,13982,279685,2558,1936,0,0,1,0.0000,0.0000,0.0000,0.0500,-0.0062,-0.0000,0.0000,0.0500,4058,1,3,
80.2738,13983,279705,2557,1936,0,0,1,0.0000,0.0000,0.0000,0.0500,-0.0036,-0.0000,0.0000,0.0500,4059,1,3,
80.3168,13985,279745,2558,1936,0,0,1,0.0000,0.0000,0.0000,0.0500,-0.0024,-0.0000,0.0000,0.0500,4061,1,3,
80.3338,13986,279765,2558,1936,0,0,1,0.0000,0.0000,0.0000,0.0500,-0.0016,-0.0000,0.0000,0.0500,4062,1,3,
80.3538,13987,279785,2558,1936,0,0,1,0.0000,0.0000,0.0000,0.0500,-0.0009,-0.0000,0.0000,0.0500,4063,1,3,
80.3738,13988,279805,2558,1936,0,0,1,0.0000,0.0000,0.0000,0.0500,-0.0006,-0.0000,0.0000,0.0500,4064,1,3,
80.3938,13989,279825,2558,1936,0,0,1,0.0000,0.0000,0.0000,0.0500,-0.0004,-0.0000,0.0000,0.0500,4065,1,3,
80.4138,13990,279845,2558,1936,0,0,1,0.0000,0.0000,0.0000,0.0500,-0.0002,-0.0000,0.0000,0.0500,4066,1,3,
80.4339,13991,279865,2558,1936,0,0,1,0.0000,0.0000,0.0000,0.0500,-0.0001,-0.0000,0.0000,0.0500,4067,1,3,
80.4538,13992,279885,2558,1936,0,0,1,0.0000,0.0000,0.0000,0.0500,-0.0001,-0.0000,0.0000,0.0500,4068,1,3,
80.4738,13993,279905,2558,1936,0,0,1,0.0000,0.0000,0.0000,0.0500,-0.0001,-0.0000,0.0000,0.0500,4069,1,3,
80.4938,13994,279925,2558,1936,0,0,1,0.0000,0.0000,0.0000,0.0500,-0.0000,-0.0000,0.0000,0.0500,4070,1,3,
80.5138,13995,279945,2559,1936,0,0,1,0.0000,0.0000,0.0000,0.0500,-0.0000,-0.0000,0.0000,0.0500,4071,1,3,
80.5339,13996,279965,2559,1936,0,0,1,0.0000,0.0000,0.0000,0.0500,-0.0000,-0.0000,0.0000,0.0500,4072,1,3,
80.5670,13997,279985,2559,1936,0,0,1,0.0000,0.0000,0.0000,0.0500,-0.0000,-0.0000,0.0000,0.0500,4073,1,3,
80.5738,13998,280005,2559,1936,0,0,1,0.0000,0.0000,0.0000,0.0500,-0.0000,-0.0000,0.0000,0.0500,4074,1,3,
80.5938,13999,280025,2559,1936,0,0,1,0.0000,0.0000,0.0000,0.0500,-0.0000,-0.0000,0.0000,0.0500,4075,1,3,
80.6138,14000,280045,2559,1936,0,0,1,0.0000,0.0000,0.0000,0.0500,-0.0000,-0.0000,0.0000,0.0500,4076,1,3,
80.6337,14001,280065,2559,1936,0,0,1,0.0000,0.0000,0.0000,0.0500,-0.0000,-0.0000,0.0000,0.0500,4077,1,3,
80.6538,14002,280085,2559,1936,0,0,1,0.0000,0.0000,0.0000,0.0500,-0.0000,-0.0000,0.0000,0.0500,4078,1,3,
80.6738,14003,280105,2559,1936,0,0,1,0.0000,0.0000,0.0000,0.0500,-0.0000,0.0000,0.0000,0.0500,4079,1,3,
80.6938,14004,280125,2559,1936,0,0,1,0.0000,0.0000,0.0000,0.0500,-0.0000,0.0000,0.0000,0.0500,4080,1,3,
80.7139,14005,280145,2559,1936,0,0,1,0.0000,0.0000,0.0000,0.0500,-0.0000,0.0000,0.0000,0.0500,4081,1,3,
80.7338,14006,280165,2559,1936,0,0,1,0.0000,0.0000,0.0000,0.0500,-0.0000,0.0000,0.0000,0.0500,4082,1,3,
80.7539,14007,280185,2559,1936,0,0,1,0.0000,0.0000,0.0000,0.0500,-0.0000,0.0000,0.0000,0.0500,4083,1,3,
80.7739,14008,280205,2559,1936,0,0,1,0.0000,0.0000,0.0000,0.0500,-0.0000,0.0000,0.0000,0.0500,4084,1,3,
80.8025,14009,280225,2559,1936,0,0,1,0.0000,0.0000,0.0000,0.0500,-0.0000,0.0000,0.0000,0.0500,4085,1,3,
80.8168,14010,280245,2559,1936,0,0,1,0.0000,0.0000,0.0000,0.0500,-0.0000,0.0000,0.0000,0.0500,4086,1,3,
80.8338,14011,280265,2559,1936,0,0,1,0.0000,0.0000,0.0000,0.0500,-0.0000,0.0000,0.0000,0.0500,4087,1,3,
80.8539,14012,280285,2559,1936,0,0,1,0.0000,0.0000,0.0000,0.0500,-0.0000,0.0000,0.0000,0.0500,4088,1,3,
80.8738,14013,280305,2559,1936,0,0,1,0.0000,0.0000,0.0000,0.0500,-0.0000,0.0000,0.0000,0.0500,4089,1,3,
80.8939,14014,280325,2559,1936,0,0,1,0.0000,0.0000,0.0000,0.0500,-0.0000,0.0000,0.0000,0.0500,4090,1,3,
80.9139,14015,280345,2558,1936,0,0,1,0.0000,0.0000,0.0000,0.0500,-0.0000,0.0000,0.0000,0.0500,4091,1,3,
80.9338,14016,280365,2558,1936,0,0,1,0.0000,0.0000,0.0000,0.0500,-0.0000,0.0000,0.0000,0.0500,4092,1,3,
80.9539,14017,280385,2558,1935,0,0,1,0.0000,0.0000,0.0000,0.0500,-0.0000,0.0000,0.0000,0.0500,4093,1,3,
80.9738,14018,280405,2558,1935,0,0,1,0.0000,0.0000,0.0000,0.0500,-0.0000,0.0000,0.0000,0.0500,4094,1,3,
80.9939,14019,280425,2558,1935,0,0,1,0.0000,0.0000,0.0000,0.0500,-0.0000,0.0000,0.0000,0.0500,4095,1,3,
81.0138,14020,280445,2558,1936,0,0,1,0.0000,0.0000,0.0000,0.0500,-0.0000,0.0000,0.0000,0.0500,4096,1,3,
81.0339,14021,280465,2558,1936,0,0,1,0.0000,0.0000,0.0000,0.0500,-0.0000,0.0000,0.0000,0.0500,4097,1,3,
81.0666,14022,280485,2558,1936,0,0,1,0.0000,0.0000,0.0000,0.0500,-0.0000,0.0000,0.0000,0.0500,4098,1,3,6.91
81.0739,14023,280505,2558,1936,0,0,1,0.0000,0.0000,0.0000,0.0500,-0.0000,0.0000,0.0000,0.0500,4099,1,3,
81.0938,14024,280525,2558,1936,0,0,1,0.0000,0.0000,0.0000,0.0500,-0.0000,0.0000,0.0000,0.0500,4100,1,3,
81.1138,14025,280545,2558,1935,0,0,1,0.0000,0.0000,0.0000,0.0500,-0.0000,0.0000,0.0000,0.0500,4101,1,3,
81.1338,14026,280565,2558,1935,0,0,1,0.0000,1.2000,0.0000,0.0500,-0.0000,0.0050,0.0000,0.0500,4102,1,3,
81.1538,14027,280585,2558,1935,0,0,1,0.0000,1.2000,0.0000,0.0500,-0.0000,0.0250,0.0000,0.0500,4103,1,3,
81.1739,14028,280605,2558,1935,0,0,1,0.0000,1.2000,0.0000,0.0500,-0.0000,0.0500,-0.0000,0.0500,4104,1,3,
81.1939,14029,280625,2558,1936,0,0,1,0.0000,1.2000,0.0000,0.0500,-0.0000,0.0700,-0.0000,0.0500,4105,1,3,
81.2138,14030,280645,2558,1936,0,0,1,0.0000,1.2000,0.0000,0.0500,-0.0000,0.0950,-0.0000,0.0500,4106,1,3,
81.2339,14031,280665,2558,1936,0,0,1,0.0000,1.2000,0.0000,0.0500,-0.0000,0.1150,-0.0000,0.0500,4107,1,3,
81.2539,14032,280685,2558,1936,0,0,1,0.0000,1.2000,0.0000,0.0500,-0.0000,0.1351,-0.0000,0.0500,4108,1,3,
81.2738,14033,280705,2558,1936,0,0,1,0.0000,1.2000,0.0000,0.0500,-0.0000,0.1601,-0.0000,0.0500,4109,1,3,
81.2960,14034,280725,2558,1936,0,0,1,0.0000,1.2000,0.0000,0.0500,-0.0000,0.1851,-0.0000,0.0500,4110,1,3,
81.3237,14035,280745,2558,1936,0,0,1,0.0000,1.2000,0.0000,0.0500,-0.0000,0.1951,-0.0000,0.0500,4111,1,3,
81.3338,14036,280765,2558,1936,0,0,1,0.0000,1.2000,0.0000,0.0500,-0.0000,0.2051,-0.0000,0.0500,4112,1,3,
81.3538,14037,280785,2558,1936,0,0,1,0.0000,1.2000,0.0000,0.0500,-0.0000,0.2251,-0.0000,0.0500,4113,1,3,
81.3738,14038,280805,2558,1936,0,0,1,0.0000,1.2000,0.0000,0.0500,-0.0000,0.2501,-0.0000,0.0500,4114,1,3,
81.3939,14039,280825,2558,1936,0,0,1,0.0000,1.2000,0.0000,0.0500,-0.0000,0.2701,-0.0000,0.0500,4115,1,3,
81.4138,14040,280845,2558,1936,0,0,1,0.0000,1.2000,0.0000,0.0500,-0.0000,0.2901,-0.0000,0.0500,4116,1,3,
81.4338,14041,280865,2558,1936,0,0,1,0.0000,1.2000,0.0000,0.0500,-0.0000,0.3152,-0.0000,0.0500,4117,1,3,
81.4556,14042,280885,2558,1936,0,0,1,0.0000,1.2000,0.0000,0.0500,-0.0000,0.3402,-0.0000,0.0500,4118,1,3,
81.4738,14043,280905,2558,1936,0,0,1,0.0000,1.2000,0.0000,0.0500,-0.0000,0.3602,-0.0000,0.0500,4119,1,3,
81.4939,14044,280925,2558,1936,0,0,1,0.0000,1.2000,0.0000,0.0500,-0.0000,0.3802,-0.0000,0.0500,4120,1,3,
81.5139,14045,280945,2558,1936,0,0,1,0.0000,1.2000,0.0000,0.0500,-0.0000,0.4002,-0.0000,0.0500,4121,1,3,
81.5338,14046,280965,2558,1936,0,0,1,0.0000,1.2000,0.0000,0.0500,-0.0000,0.4252,-0.0000,0.0500,4122,1,3,
81.5737,14047,280985,2558,1936,0,0,1,0.0000,1.2000,0.0000,0.0500,-0.0000,0.4452,-0.0000,0.0500,4123,1,3,
81.5808,14048,281005,2558,1936,0,0,1,0.0000,1.2000,0.0000,0.0500,-0.0000,0.4502,-0.0000,0.0500,4124,1,3,
81.5937,14049,281025,2558,1936,0,0,1,0.0000,1.2000,0.0000,0.0500,-0.0000,0.4603,-0.0000,0.0500,4125,1,3,
81.6138,14050,281045,2557,1936,0,0,1,0.0000,1.2000,0.0000,0.0500,-0.0000,0.4853,-0.0000,0.0500,4126,1,3,
81.6338,14051,281065,2558,1936,0,0,1,0.0000,1.2000,0.0000,0.0500,-0.0000,0.5053,-0.0000,0.0500,4127,1,3,
81.6567,14052,281085,2558,1936,0,0,1,0.0000,1.2000,0.0000,0.0500,-0.0000,0.5303,-0.0000,0.0500,4128,1,3,
81.6738,14053,281105,2558,1936,0,0,1,0.0000,1.2000,0.0000,0.0500,-0.0000,0.5503,-0.0000,0.0500,4129,1,3,
81.6938,14054,281125,2558,1936,0,0,1,0.0000,1.2000,0.0000,0.0500,-0.0000,0.5703,-0.0000,0.0500,4130,1,3,
81.7138,14055,281145,2558,1936,0,0,1,0.0000,1.2000,0.0000,0.0500,-0.0000,0.5953,-0.0000,0.0500,4131,1,3,
81.7339,14056,281165,2558,1936,0,0,1,0.0000,1.2000,0.0000,0.0500,-0.0000,0.6153,-0.0000,0.0500,4132,1,3,
81.7538,14057,281185,2558,1936,0,0,1,0.0000,1.2000,0.0000,0.0500,-0.0000,0.6404,-0.0000,0.0500,4133,1,3,
81.7738,14058,281205,2558,1936,5,0,1,0.0000,1.2000,0.0000,0.0500,-0.0000,0.6604,-0.0000,0.0500,4134,1,3,
81.7940,14059,281225,2558,1937,24,0,1,0.0000,1.2000,0.0000,0.0500,-0.0000,0.6804,-0.0000,0.0500,4135,1,3,
81.8234,14060,281245,2558,1936,48,0,1,0.0000,1.2000,0.0000,0.0500,-0.0000,0.6954,-0.0000,0.0500,4136,1,3,
81.8372,14061,281265,2558,1936,78,0,1,0.0000,1.2000,0.0000,0.0500,-0.0000,0.7054,-0.0000,0.0500,4137,1,3,
81.8541,14062,281285,2558,1936,111,0,1,0.0000,1.2000,0.0000,0.0500,-0.0000,0.7204,-0.0000,0.0500,4138,1,3,
81.8740,14063,281305,2558,1936,148,0,1,0.0000,1.2000,0.0000,0.0500,-0.0000,0.7454,-0.0000,0.0500,4139,1,3,
81.8941,14064,281325,2558,1936,185,0,1,0.0000,1.2000,0.0000,0.0500,-0.0000,0.7654,-0.0000,0.0500,4140,1,3,
81.9140,14065,281345,2558,1936,225,0,1,0.0000,1.2000,0.0000,0.0500,-0.0000,0.7904,-0.0000,0.0500,4141,1,3,
81.9340,14066,281365,2558,1936,265,0,1,0.0000,1.2000,0.0000,0.0500,-0.0000,0.8105,-0.0000,0.0500,4142,1,3,
81.9541,14067,281385,2558,1936,305,0,1,0.0000,1.2000,0.0000,0.0500,-0.0000,0.8305,-0.0000,0.0500,4143,1,3,
81.9740,14068,281405,2558,1936,345,0,1,0.0000,1.2000,0.0000,0.0500,-0.0000,0.8555,-0.0000,0.0500,4144,1,3,
81.9941,14069,281425,2558,1936,387,0,1,0.0000,1.2000,0.0000,0.0500,-0.0000,0.8755,-0.0000,0.0500,4145,1,3,
82.0140,14070,281445,2558,1936,429,0,1,0.0000,1.2000,0.0000,0.0500,-0.0000,0.9005,-0.0000,0.0500,4146,1,3,
82.0341,14071,281465,2558,1936,471,0,1,0.0000,1.2000,0.0000,0.0500,-0.0000,0.9205,-0.0000,0.0500,4147,1,3,
82.0540,14072,281485,2558,1936,513,0,1,0.0000,1.2000,0.0000,0.0500,-0.0000,0.9405,-0.0000,0.0500,4148,1,3,
82.0806,14073,281505,2558,1936,553,0,1,0.0000,1.2000,0.0000,0.0500,-0.0000,0.9505,-0.0000,0.0500,4149,1,3,2.18
82.1012,14074,281525,2558,1936,595,0,1,0.0000,1.2000,0.0000,0.0500,-0.0000,0.9705,-0.0000,0.0500,4150,1,3,
82.1141,14075,281545,2558,1937,636,0,1,0.0000,1.2000,0.0000,0.0500,-0.0000,0.9805,-0.0000,0.0500,4151,1,3,
82.1341,14076,281565,2558,1936,674,0,1,0.0000,1.2000,0.0000,0.0500,-0.0000,1.0056,-0.0000,0.0500,4152,1,3,
82.1541,14077,281585,2558,1936,710,0,1,0.0000,1.2000,0.0000,0.0500,-0.0000,1.0256,-0.0000,0.0500,4153,1,3,
82.1741,14078,281605,2558,1936,743,0,1,0.0000,1.2000,0.0000,0.0500,-0.0000,1.0506,-0.0000,0.0500,4154,1,3,
82.1940,14079,281625,2558,1936,775,0,1,0.0000,1.2000,0.0000,0.0500,-0.0000,1.0706,-0.0000,0.0500,4155,1,3,
82.2141,14080,281645,2558,1936,806,0,1,0.0000,1.2000,0.0000,0.0500,-0.0000,1.0906,-0.0000,0.0500,4156,1,3,
82.2341,14081,281665,2558,1935,833,0,1,0.0000,1.2000,0.0000,0.0500,-0.0000,1.1156,-0.0000,0.0500,4157,1,3,
82.2540,14082,281685,2558,1935,857,0,1,0.0000,1.2000,0.0000,0.0500,-0.0000,1.1356,-0.0000,0.0500,4158,1,3,
82.2740,14083,281705,2559,1935,877,0,1,0.0000,1.2000,0.0000,0.0500,-0.0000,1.1600,-0.0000,0.0500,4159,1,3,
82.2940,14084,281725,2558,1936,892,0,1,0.0000,1.2000,0.0000,0.0500,-0.0000,1.1738,-0.0000,0.0500,4160,1,3,
82.3373,14086,281765,2559,1936,907,0,1,0.0000,1.2000,0.0000,0.0500,-0.0000,1.1828,-0.0000,0.0500,4162,1,3,
82.3541,14087,281785,2558,1936,909,0,1,0.0000,1.2000,0.0000,0.0500,-0.0000,1.1875,-0.0000,0.0500,4163,1,3,
82.3740,14088,281805,2558,1936,907,0,1,0.0000,1.2000,0.0000,0.0500,-0.0000,1.1926,-0.0000,0.0500,4164,1,3,
82.3941,14089,281825,2558,1936,899,0,1,0.0000,1.2000,0.0000,0.0500,-0.0000,1.1952,-0.0000,0.0500,4165,1,3,
82.4140,14090,281845,2558,1936,887,0,1,0.0000,1.2000,0.0000,0.0500,-0.0000,1.1972,-0.0000,0.0500,4166,1,3,
82.4341,14091,281865,2558,1936,865,0,1,0.0000,1.2000,0.0000,0.0500,-0.0000,1.1981,-0.0000,0.0500,4167,1,3,
82.4541,14092,281885,2558,1936,844,0,1,0.0000,1.2000,0.0000,0.0500,-0.0000,1.1988,-0.0000,0.0500,4168,1,3,
82.4741,14093,281905,2559,1936,817,0,1,0.0000,1.2000,0.0000,0.0500,-0.0000,1.1993,-0.0000,0.0500,4169,1,3,
82.4941,14094,281925,2558,1935,790,0,1,0.0000,1.2000,0.0000,0.0500,-0.0000,1.1996,-0.0000,0.0500,4170,1,3,
82.5140,14095,281945,2558,1935,760,0,1,0.0000,1.2000,0.0000,0.0500,-0.0000,1.1998,-0.0000,0.0500,4171,1,3,
82.5340,14096,281965,2558,1935,727,0,1,0.0000,1.2000,0.0000,0.0500,-0.0000,1.1998,-0.0000,0.0500,4172,1,3,
82.5540,14097,281985,2558,1935,690,0,1,0.0000,1.2000,0.0000,0.0500,-0.0000,1.1999,-0.0000,0.0500,4173,1,3,
82.5808,14098,282005,2558,1936,654,0,1,0.0000,1.2000,0.0000,0.0500,-0.0000,1.1999,-0.0000,0.0500,4174,1,3,
82.5940,14099,282025,2558,1935,614,0,1,0.0000,1.2000,0.0000,0.0500,-0.0000,1.2000,-0.0000,0.0500,4175,1,3,
82.6140,14100,282045,2558,1935,572,0,1,0.0000,1.2000,0.0000,0.0500,-0.0000,1.2000,-0.0000,0.0500,4176,1,3,
82.6340,14101,282065,2558,1936,528,0,1,0.0000,1.2000,0.0000,0.0500,-0.0000,1.2000,-0.0000,0.0500,4177,1,3,
82.6541,14102,282085,2558,1937,480,0,1,0.0000,1.2000,0.0000,0.0500,-0.0000,1.2000,-0.0000,0.0500,4178,1,3,
82.6741,14103,282105,2558,1937,433,0,1,0.0000,1.2000,0.0000,0.0500,-0.0000,1.2000,-0.0000,0.0500,4179,1,3,
82.6941,14104,282125,2558,1937,385,0,1,0.0000,1.2000,0.0000,0.0500,-0.0000,1.2000,-0.0000,0.0500,4180,1,3,
82.7141,14105,282145,2558,1936,336,0,1,0.0000,1.2000,0.0000,0.0500,-0.0000,1.2000,-0.0000,0.0500,4181,1,3,
82.7341,14106,282165,2558,1936,289,0,1,0.0000,1.2000,0.0000,0.0500,-0.0000,1.2000,-0.0000,0.0500,4182,1,3,
82.7540,14107,282185,2558,1936,239,0,1,0.0000,1.2000,0.0000,0.0500,-0.0000,1.2000,-0.0000,0.0500,4183,1,3,
82.7741,14108,282205,2558,1936,188,0,1,0.0000,1.2000,0.0000,0.0500,-0.0000,1.2000,-0.0000,0.0500,4184,1,3,
82.7941,14109,282225,2558,1936,139,0,1,0.0000,1.2000,0.0000,0.0500,-0.0000,1.2000,-0.0000,0.0500,4185,1,3,
82.8372,14110,282245,2559,1936,91,0,1,0.0000,1.2000,0.0000,0.0500,-0.0000,1.2000,-0.0000,0.0500,4186,1,3,
82.8374,14111,282265,2558,1935,59,0,1,0.0000,1.2000,0.0000,0.0500,-0.0000,1.2000,-0.0000,0.0500,4187,1,3,
82.8539,14112,282285,2559,1935,38,0,1,0.0000,1.2000,0.0000,0.0500,-0.0000,1.2000,-0.0000,0.0500,4188,1,3,
82.8739,14113,282305,2560,1935,25,0,1,0.0000,1.2000,0.0000,0.0500,-0.0000,1.2000,-0.0000,0.0500,4189,1,3,
82.8939,14114,282325,2559,1935,16,0,1,0.0000,1.2000,0.0000,0.0500,-0.0000,1.2000,-0.0000,0.0500,4190,1,3,
82.9139,14115,282345,2559,1935,10,0,1,0.0000,1.2000,0.0000,0.0500,-0.0000,1.2000,-0.0000,0.0500,4191,1,3,
82.9338,14116,282365,2559,1936,6,0,1,0.0000,1.2000,0.0000,0.0500,-0.0000,1.2000,-0.0000,0.0500,4192,1,3,
82.9538,14117,282385,2558,1936,4,0,1,0.0000,1.2000,0.0000,0.0500,-0.0000,1.2000,-0.0000,0.0500,4193,1,3,
82.9739,14118,282405,2558,1936,2,0,1,0.0000,1.2000,0.0000,0.0500,-0.0000,1.2000,-0.0000,0.0500,4194,1,3,
82.9939,14119,282425,2558,1936,1,0,1,0.0000,1.2000,0.0000,0.0500,-0.0000,1.2000,-0.0000,0.0500,4195,1,3,
83.0139,14120,282445,2558,1936,1,0,1,0.0000,1.2000,0.0000,0.0500,-0.0000,1.2000,-0.0000,0.0500,4196,1,3,
83.0338,14121,282465,2558,1936,0,0,1,0.0000,1.2000,0.0000,0.0500,-0.0000,1.2000,-0.0000,0.0500,4197,1,3,
83.0538,14122,282485,2558,1936,0,0,1,0.0000,1.2000,0.0000,0.0500,-0.0000,1.2000,-0.0000,0.0500,4198,1,3,
83.0874,14123,282505,2558,1936,0,0,1,0.0000,1.2000,0.0000,0.0500,-0.0000,1.2000,-0.0000,0.0500,4199,1,3,7.16
83.0940,14124,282525,2558,1936,0,0,1,0.0000,1.2000,0.0000,0.0500,-0.0000,1.2000,-0.0000,0.0500,4200,1,3,
83.1139,14125,282545,2558,1936,0,0,1,0.0000,1.2000,0.0000,0.0500,-0.0000,1.2000,-0.0000,0.0500,4201,1,3,
83.1339,14126,282565,2558,1936,0,0,1,0.0000,1.2000,0.0000,0.0500,-0.0000,1.2000,-0.0000,0.0500,4202,1,3,
83.1539,14127,282585,2558,1935,0,0,1,0.0000,1.2000,0.0000,0.0500,-0.0000,1.2000,-0.0000,0.0500,4203,1,3,
83.1738,14128,282605,2558,1936,0,0,1,0.0000,1.2000,0.0000,0.0500,-0.0000,1.2000,-0.0000,0.0500,4204,1,3,
83.1939,14129,282625,2558,1936,0,0,1,0.0000,1.2000,0.0000,0.0500,-0.0000,1.2000,-0.0000,0.0500,4205,1,3,
83.2139,14130,282645,2558,1936,0,0,1,0.0000,1.2000,0.0000,0.0500,-0.0000,1.2000,-0.0000,0.0500,4206,1,3,
83.2339,14131,282665,2558,1936,0,0,1,0.0000,1.2000,0.0000,0.0500,-0.0000,1.2000,-0.0000,0.0500,4207,1,3,
83.2538,14132,282685,2558,1936,0,0,1,0.0000,1.2000,0.0000,0.0500,-0.0000,1.2000,-0.0000,0.0500,4208,1,3,
83.2740,14133,282705,2558,1936,0,0,1,0.0000,1.2000,0.0000,0.0500,-0.0000,1.2000,-0.0000,0.0500,4209,1,3,
83.2939,14134,282725,2558,1936,0,0,1,0.0000,1.2000,0.0000,0.0500,-0.0000,1.2000,-0.0000,0.0500,4210,1,3,
83.3139,14135,282745,2558,1936,0,0,1,0.0000,1.2000,0.0000,0.0500,-0.0000,1.2000,-0.0000,0.0500,4211,1,3,
83.3442,14136,282765,2558,1936,0,0,1,0.0000,1.2000,0.0000,0.0500,-0.0000,1.2000,-0.0000,0.0500,4212,1,3,
83.3539,14137,282785,2558,1937,0,0,1,0.0000,1.2000,0.0000,0.0500,-0.0000,1.2000,-0.0000,0.0500,4213,1,3,
83.3738,14138,282805,2558,1936,0,0,1,0.0000,1.2000,0.0000,0.0500,-0.0000,1.2000,-0.0000,0.0500,4214,1,3,
83.3939,14139,282825,2558,1936,0,0,1,0.0000,1.2000,0.0000,0.0500,-0.0000,1.2000,-0.0000,0.0500,4215,1,3,
83.4139,14140,282845,2558,1936,0,0,1,0.0000,1.2000,0.0000,0.0500,-0.0000,1.2000,-0.0000,0.0500,4216,1,3,
83.4339,14141,282865,2558,1936,0,0,1,0.0000,1.2000,0.0000,0.0500,-0.0000,1.2000,-0.0000,0.0500,4217,1,3,
83.4539,14142,282885,2559,1936,0,0,1,0.0000,1.2000,0.0000,0.0500,-0.0000,1.2000,-0.0000,0.0500,4218,1,3,
83.4738,14143,282905,2559,1936,0,0,1,0.0000,1.2000,0.0000,0.0500,-0.0000,1.2000,-0.0000,0.0500,4219,1,3,
83.4940,14144,282925,2558,1936,0,0,1,0.0000,1.2000,0.0000,0.0500,-0.0000,1.2000,-0.0000,0.0500,4220,1,3,
83.5140,14145,282945,2558,1936,0,0,1,0.0000,1.2000,0.0000,0.0500,-0.0000,1.2000,-0.0000,0.0500,4221,1,3,
83.5338,14146,282965,2558,1936,0,0,1,0.0000,1.2000,0.0000,0.0500,-0.0000,1.2000,-0.0000,0.0500,4222,1,3,
83.5538,14147,282985,2558,1936,0,0,1,0.0000,1.2000,0.0000,0.0500,-0.0000,1.2000,-0.0000,0.0500,4223,1,3,
83.5944,14149,283025,2558,1936,0,0,1,0.0000,1.2000,0.0000,0.0500,-0.0000,1.2000,-0.0000,0.0500,4225,1,3,
83.6138,14150,283045,2558,1936,0,0,1,0.0000,1.2000,0.0000,0.0500,-0.0000,1.2000,-0.0000,0.0500,4226,1,3,
83.6339,14151,283065,2558,1936,0,0,1,0.0000,-1.2000,0.0000,0.0500,-0.0000,1.1950,-0.0000,0.0487,4227,1,3,
83.6538,14152,283085,2558,1936,0,0,1,0.0000,-1.2000,0.0000,0.0500,-0.0000,1.1700,0.0000,0.0450,4228,1,3,
83.6739,14153,283105,2558,1936,0,0,1,0.0000,-1.2000,0.0000,0.0500,-0.0000,1.1502,0.0000,0.0455,4229,1,3,
83.6939,14154,283125,2557,1936,0,0,1,0.0000,-1.2000,0.0000,0.0500,-0.0000,1.1253,0.0000,0.0474,4230,1,3,
83.7139,14155,283145,2557,1936,0,0,1,0.0000,-1.2000,0.0000,0.0500,-0.0000,1.1053,0.0000,0.0483,4231,1,3,
83.7339,14156,283165,2557,1936,0,0,1,0.0000,-1.2000,0.0000,0.0500,-0.0000,1.0853,0.0000,0.0489,4232,1,3,
83.7539,14157,283185,2558,1936,0,0,1,0.0000,-1.2000,0.0000,0.0500,-0.0000,1.0603,0.0000,0.0493,4233,1,3,
83.7746,14158,283205,2558,1936,0,0,1,0.0000,-1.2000,0.0000,0.0500,-0.0000,1.0404,0.0000,0.0496,4234,1,3,
83.7939,14159,283225,2557,1936,0,0,1,0.0000,-1.2000,0.0000,0.0500,-0.0000,1.0154,0.0000,0.0497,4235,1,3,
83.8139,14160,283245,2558,1936,0,0,1,0.0000,-1.2000,0.0000,0.0500,-0.0000,0.9954,0.0000,0.0498,4236,1,3,
83.8510,14161,283265,2558,1936,0,0,1,0.0000,-1.2000,0.0000,0.0500,-0.0000,0.9804,0.0000,0.0499,4237,1,3,
83.8540,14162,283285,2558,1936,0,0,1,0.0000,-1.2000,0.0000,0.0500,-0.0000,0.9754,0.0000,0.0499,4238,1,3,
83.8738,14163,283305,2559,1936,0,0,1,0.0000,-1.2000,0.0000,0.0500,-0.0000,0.9504,0.0000,0.0499,4239,1,3,
83.8939,14164,283325,2559,1936,0,0,1,0.0000,-1.2000,0.0000,0.0500,-0.0000,0.9304,0.0000,0.0500,4240,1,3,
83.9139,14165,283345,2559,1936,0,0,1,0.0000,-1.2000,0.0000,0.0500,-0.0000,0.9104,0.0000,0.0500,4241,1,3,
83.9339,14166,283365,2558,1936,0,0,1,0.0000,-1.2000,0.0000,0.0500,-0.0000,0.8855,0.0000,0.0500,4242,1,3,
83.9554,14167,283385,2558,1936,0,0,1,0.0000,-1.2000,0.0000,0.0500,-0.0000,0.8605,0.0000,0.0500,4243,1,3,
83.9739,14168,283405,2558,1936,0,0,1,0.0000,-1.2000,0.0000,0.0500,-0.0000,0.8405,0.0000,0.0500,4244,1,3,
83.9939,14169,283425,2558,1936,0,0,1,0.0000,-1.2000,0.0000,0.0500,-0.0000,0.8205,0.0000,0.0500,4245,1,3,
84.0139,14170,283445,2558,1936,0,0,1,0.0000,-1.2000,0.0000,0.0500,-0.0000,0.8005,0.0000,0.0500,4246,1,3,
84.0339,14171,283465,2558,1936,0,0,1,0.0000,-1.2000,0.0000,0.0500,-0.0000,0.7755,0.0000,0.0500,4247,1,3,
84.0539,14172,283485,2558,1936,0,0,1,0.0000,-1.2000,0.0000,0.0500,-0.0000,0.7555,0.0000,0.0500,4248,1,3,
84.0801,14173,283505,2558,1936,0,0,1,0.0000,-1.2000,0.0000,0.0500,-0.0000,0.7305,0.0000,0.0500,4249,1,3,
84.1013,14174,283525,2558,1936,0,0,1,0.0000,-1.2000,0.0000,0.0500,-0.0000,0.7255,0.0000,0.0500,4250,1,3,2.04
84.1139,14175,283545,2558,1936,0,0,1,0.0000,-1.2000,0.0000,0.0500,-0.0000,0.7155,0.0000,0.0500,4251,1,3,
84.1338,14176,283565,2558,1936,0,0,1,0.0000,-1.2000,0.0000,0.0500,-0.0000,0.6906,0.0000,0.0500,4252,1,3,
84.1539,14177,283585,2558,1936,0,0,1,0.0000,-1.2000,0.0000,0.0500,-0.0000,0.6706,0.0000,0.0500,4253,1,3,
84.1739,14178,283605,2558,1937,0,0,1,0.0000,-1.2000,0.0000,0.0500,-0.0000,0.6456,-0.0000,0.0500,4254,1,3,
84.1939,14179,283625,2558,1936,0,0,1,0.0000,-1.2000,0.0000,0.0500,-0.0000,0.6256,-0.0000,0.0500,4255,1,3,
84.2138,14180,283645,2558,1936,0,0,1,0.0000,-1.2000,0.0000,0.0500,-0.0000,0.6056,-0.0000,0.0500,4256,1,3,
84.2339,14181,283665,2558,1936,0,0,1,0.0000,-1.2000,0.0000,0.0500,-0.0000,0.5806,-0.0000,0.0500,4257,1,3,
84.2539,14182,283685,2558,1936,0,0,1,0.0000,-1.2000,0.0000,0.0500,-0.0000,0.5606,-0.0000,0.0500,4258,1,3,
84.2745,14183,283705,2558,1936,0,0,1,0.0000,-1.2000,0.0000,0.0500,-0.0000,0.5357,-0.0000,0.0500,4259,1,3,
84.2939,14184,283725,2558,1936,0,0,1,0.0000,-1.2000,0.0000,0.0500,-0.0000,0.5157,-0.0000,0.0500,4260,1,3,
84.3139,14185,283745,2558,1936,0,0,1,0.0000,-1.2000,0.0000,0.0500,-0.0000,0.4957,-0.0000,0.0500,4261,1,3,
84.3509,14186,283765,2558,1936,0,0,1,0.0000,-1.2000,0.0000,0.0500,-0.0000,0.4807,-0.0000,0.0500,4262,1,3,
84.3539,14187,283785,2558,1936,0,0,1,0.0000,-1.2000,0.0000,0.0500,-0.0000,0.4757,-0.0000,0.0500,4263,1,3,
84.3790,14188,283805,2558,1936,0,0,1,0.0000,-1.2000,0.0000,0.0500,-0.0000,0.4457,-0.0000,0.0500,4264,1,3,
84.3939,14189,283825,2558,1936,0,0,1,0.0000,-1.2000,0.0000,0.0500,-0.0000,0.4307,-0.0000,0.0500,4265,1,3,
84.4139,14190,283845,2558,1936,0,0,1,0.0000,-1.2000,0.0000,0.0500,-0.0000,0.4107,-0.0000,0.0500,4266,1,3,
84.4339,14191,283865,2558,1935,0,0,1,0.0000,-1.2000,0.0000,0.0500,-0.0000,0.3857,-0.0000,0.0500,4267,1,3,
84.4539,14192,283885,2559,1936,0,0,1,0.0000,-1.2000,0.0000,0.0500,-0.0000,0.3658,-0.0000,0.0500,4268,1,3,
84.4739,14193,283905,2559,1936,0,0,1,0.0000,-1.2000,0.0000,0.0500,-0.0000,0.3458,-0.0000,0.0500,4269,1,3,
84.4939,14194,283925,2558,1937,0,0,1,0.0000,-1.2000,0.0000,0.0500,-0.0000,0.3208,-0.0000,0.0500,4270,1,3,
84.5138,14195,283945,2558,1936,0,0,1,0.0000,-1.2000,0.0000,0.0500,-0.0000,0.3008,-0.0000,0.0500,4271,1,3,
84.5386,14196,283965,2558,1936,0,0,1,0.0000,-1.2000,0.0000,0.0500,-0.0000,0.2708,-0.0000,0.0500,4272,1,3,
84.5539,14197,283985,2558,1936,0,0,1,0.0000,-1.2000,0.0000,0.0500,-0.0000,0.2558,-0.0000,0.0500,4273,1,3,
84.5738,14198,284005,2558,1936,0,0,1,0.0000,-1.2000,0.0000,0.0500,-0.0000,0.2358,-0.0000,0.0500,4274,1,3,
84.6009,14199,284025,2558,1936,0,0,1,0.0000,-1.2000,0.0000,0.0500,-0.0000,0.2308,-0.0000,0.0500,4275,1,3,
84.6139,14200,284045,2558,1936,0,0,1,0.0000,-1.2000,0.0000,0.0500,-0.0000,0.2158,-0.0000,0.0500,4276,1,3,
84.6339,14201,284065,2558,1936,0,0,1,0.0000,-1.2000,0.0000,0.0500,-0.0000,0.1959,-0.0000,0.0500,4277,1,3,
84.6567,14202,284085,2558,1936,0,0,1,0.0000,-1.2000,0.0000,0.0500,-0.0000,0.1709,-0.0000,0.0500,4278,1,3,
84.6739,14203,284105,2558,1936,0,0,1,0.0000,-1.2000,0.0000,0.0500,-0.0000,0.1509,-0.0000,0.0500,4279,1,3,
84.6939,14204,284125,2558,1936,0,0,1,0.0000,-1.2000,0.0000,0.0500,-0.0000,0.1309,-0.0000,0.0500,4280,1,3,
84.7138,14205,284145,2558,1936,0,0,1,0.0000,-1.2000,0.0000,0.0500,-0.0000,0.1059,-0.0000,0.0500,4281,1,3,
84.7339,14206,284165,2558,1936,0,0,1,0.0000,-1.2000,0.0000,0.0500,-0.0000,0.0859,-0.0000,0.0500,4282,1,3,
84.7539,14207,284185,2558,1936,0,0,1,0.0000,-1.2000,0.0000,0.0500,-0.0000,0.0609,-0.0000,0.0500,4283,1,3,
84.7739,14208,284205,2558,1936,0,0,1,0.0000,-1.2000,0.0000,0.0500,-0.0000,0.0409,-0.0000,0.0500,4284,1,3,
84.7939,14209,284225,2559,1936,0,0,1,0.0000,-1.2000,0.0000,0.0500,-0.0000,0.0210,-0.0000,0.0500,4285,1,3,
84.8162,14210,284245,2559,1936,0,0,1,0.0000,-1.2000,0.0000,0.0500,-0.0000,-0.0040,-0.0000,0.0500,4286,1,3,
84.8510,14211,284265,2559,1936,0,0,1,0.0000,-1.2000,0.0000,0.0500,-0.0000,-0.0190,-0.0000,0.0500,4287,1,3,
84.8538,14212,284285,2558,1936,0,0,1,0.0000,-1.2000,0.0000,0.0500,-0.0000,-0.0240,-0.0000,0.0500,4288,1,3,
84.8739,14213,284305,2559,1936,0,0,1,0.0000,-1.2000,0.0000,0.0500,-0.0000,-0.0440,-0.0000,0.0500,4289,1,3,
84.8939,14214,284325,2558,1936,0,0,1,0.0000,-1.2000,0.0000,0.0500,-0.0000,-0.0640,0.0000,0.0500,4290,1,3,
84.9139,14215,284345,2558,1936,0,0,1,0.0000,-1.2000,0.0000,0.0500,-0.0000,-0.0891,-0.0000,0.0500,4291,1,3,
84.9338,14216,284365,2558,1936,0,0,1,0.0000,-1.2000,0.0000,0.0500,-0.0000,-0.1091,0.0000,0.0500,4292,1,3,
84.9540,14217,284385,2558,1936,0,0,1,0.0000,-1.2000,0.0000,0.0500,-0.0000,-0.1341,-0.0000,0.0500,4293,1,3,
84.9760,14218,284405,2558,1936,0,0,1,0.0000,-1.2000,0.0000,0.0500,-0.0000,-0.1591,-0.0000,0.0500,4294,1,3,
84.9940,14219,284425,2559,1936,0,0,1,0.0000,-1.2000,0.0000,0.0500,-0.0000,-0.1741,0.0000,0.0500,4295,1,3,
85.0139,14220,284445,2559,1936,0,0,1,0.0000,-1.2000,0.0000,0.0500,-0.0000,-0.1991,-0.0000,0.0500,4296,1,3,
85.0339,14221,284465,2558,1936,0,0,1,0.0000,-1.2000,0.0000,0.0500,-0.0000,-0.2191,-0.0000,0.0500,4297,1,3,
85.0539,14222,284485,2558,1936,0,0,1,0.0000,-1.2000,0.0000,0.0500,-0.0000,-0.2441,-0.0000,0.0500,4298,1,3,
85.0738,14223,284505,2558,1936,0,0,1,0.0000,-1.2000,0.0000,0.0500,-0.0000,-0.2641,0.0000,0.0500,4299,1,3,
85.1009,14224,284525,2558,1936,0,0,1,0.0000,-1.2000,0.0000,0.0500,-0.0000,-0.2741,-0.0000,0.0500,4300,1,3,
85.1139,14225,284545,2559,1936,0,0,1,0.0000,-1.2000,0.0000,0.0500,-0.0000,-0.2841,-0.0000,0.0500,4301,1,3,2.10
85.1340,14226,284565,2559,1936,0,0,1,0.0000,-1.2000,0.0000,0.0500,-0.0000,-0.3041,-0.0000,0.0500,4302,1,3,
85.1543,14227,284585,2559,1936,0,0,1,0.0000,-1.2000,0.0000,0.0500,-0.0000,-0.3292,-0.0000,0.0500,4303,1,3,
85.1738,14228,284605,2559,1936,0,0,1,0.0000,-1.2000,0.0000,0.0500,-0.0000,-0.3492,-0.0000,0.0500,4304,1,3,
85.1938,14229,284625,2559,1936,0,0,1,0.0000,-1.2000,0.0000,0.0500,-0.0000,-0.3692,-0.0000,0.0500,4305,1,3,
85.2139,14230,284645,2559,1936,0,0,1,0.0000,-1.2000,0.0000,0.0500,-0.0000,-0.3942,-0.0000,0.0500,4306,1,3,
85.2339,14231,284665,2559,1936,0,0,1,0.0000,-1.2000,0.0000,0.0500,-0.0000,-0.4142,-0.0000,0.0500,4307,1,3,
85.2540,14232,284685,2559,1936,0,0,1,0.0000,-1.2000,0.0000,0.0500,-0.0000,-0.4392,-0.0000,0.0500,4308,1,3,
85.2739,14233,284705,2558,1936,0,0,1,0.0000,-1.2000,0.0000,0.0500,-0.0000,-0.4592,-0.0000,0.0500,4309,1,3,
85.2939,14234,284725,2558,1936,0,0,1,0.0000,-1.2000,0.0000,0.0500,-0.0000,-0.4792,0.0000,0.0500,4310,1,3,
85.3138,14235,284745,2559,1936,0,0,1,0.0000,-1.2000,0.0000,0.0500,-0.0000,-0.5042,-0.0000,0.0500,4311,1,3,
85.3577,14237,284785,2558,1936,0,0,1,0.0000,-1.2000,0.0000,0.0500,-0.0000,-0.5242,-0.0000,0.0500,4313,1,3,
85.3738,14238,284805,2558,1936,0,0,1,0.0000,-1.2000,0.0000,0.0500,-0.0000,-0.5443,-0.0000,0.0500,4314,1,3,
85.3938,14239,284825,2558,1936,0,0,1,0.0000,-1.2000,0.0000,0.0500,-0.0000,-0.5643,-0.0000,0.0500,4315,1,3,
85.4139,14240,284845,2559,1935,0,0,1,0.0000,-1.2000,0.0000,0.0500,-0.0000,-0.5843,-0.0000,0.0500,4316,1,3,
85.4339,14241,284865,2559,1936,0,0,1,0.0000,-1.2000,0.0000,0.0500,-0.0000,-0.6093,-0.0000,0.0500,4317,1,3,
85.4539,14242,284885,2558,1936,0,0,1,0.0000,-1.2000,0.0000,0.0500,-0.0000,-0.6293,0.0000,0.0500,4318,1,3,
85.4738,14243,284905,2558,1936,0,0,1,0.0000,-1.2000,0.0000,0.0500,-0.0000,-0.6543,-0.0000,0.0500,4319,1,3,
85.4938,14244,284925,2558,1936,0,0,1,0.0000,-1.2000,0.0000,0.0500,-0.0000,-0.6743,-0.0000,0.0500,4320,1,3,
85.5139,14245,284945,2558,1936,0,0,1,0.0000,-1.2000,0.0000,0.0500,-0.0000,-0.6943,-0.0000,0.0500,4321,1,3,
85.5339,14246,284965,2558,1936,0,0,1,0.0000,-1.2000,0.0000,0.0500,-0.0000,-0.7193,0.0000,0.0500,4322,1,3,
85.5539,14247,284985,2558,1936,0,0,1,0.0000,-1.2000,0.0000,0.0500,-0.0000,-0.7393,-0.0000,0.0500,4323,1,3,
85.5739,14248,285005,2558,1936,0,0,1,0.0000,-1.2000,0.0000,0.0500,-0.0000,-0.7644,-0.0000,0.0500,4324,1,3,
85.6008,14249,285025,2558,1935,0,0,1,0.0000,-1.2000,0.0000,0.0500,-0.0000,-0.7744,-0.0000,0.0500,4325,1,3,
85.6139,14250,285045,2558,1935,0,0,1,0.0000,-1.2000,0.0000,0.0500,-0.0000,-0.7844,-0.0000,0.0500,4326,1,3,
85.6340,14251,285065,2558,1936,0,0,1,0.0000,-1.2000,0.0000,0.0500,-0.0000,-0.8044,-0.0000,0.0500,4327,1,3,
85.6539,14252,285085,2558,1936,0,0,1,0.0000,-1.2000,0.0000,0.0500,-0.0000,-0.8294,-0.0000,0.0500,4328,1,3,
85.6774,14253,285105,2558,1937,0,0,1,0.0000,-1.2000,0.0000,0.0500,-0.0000,-0.8544,-0.0000,0.0500,4329,1,3,
85.6938,14254,285125,2558,1936,0,0,1,0.0000,-1.2000,0.0000,0.0500,-0.0000,-0.8694,0.0000,0.0500,4330,1,3,
85.7140,14255,285145,2558,1936,0,0,1,0.0000,-1.2000,0.0000,0.0500,-0.0000,-0.8944,-0.0000,0.0500,4331,1,3,
85.7539,14257,285185,2558,1936,0,0,1,0.0000,-1.2000,0.0000,0.0500,-0.0000,-0.9344,-0.0000,0.0500,4332,1,4,
85.7740,14258,285205,2558,1936,0,0,1,0.0000,-1.2000,0.0000,0.0500,-0.0000,-0.9594,0.0000,0.0500,4333,1,4,
85.7939,14259,285225,2558,1936,0,0,1,0.0000,-1.2000,0.0000,0.0500,-0.0000,-0.9795,-0.0000,0.0500,4334,1,4,
85.8139,14260,285245,2558,1936,0,0,1,0.0000,-1.2000,0.0000,0.0500,-0.0000,-1.0045,-0.0000,0.0500,4335,1,4,
85.8339,14261,285265,2559,1936,0,0,1,0.0000,-1.2000,0.0000,0.0500,-0.0000,-1.0245,-0.0000,0.0500,4336,1,4,
85.8577,14262,285285,2558,1936,0,0,1,0.0000,-1.2000,0.0000,0.0500,-0.0000,-1.0345,-0.0000,0.0500,4337,1,4,
85.8740,14263,285305,2558,1936,0,0,1,0.0000,-1.2000,0.0000,0.0500,-0.0000,-1.0495,0.0000,0.0500,4338,1,4,
85.8939,14264,285325,2558,1936,0,0,1,0.0000,-1.2000,0.0000,0.0500,-0.0000,-1.0695,-0.0000,0.0500,4339,1,4,
85.9139,14265,285345,2558,1936,0,0,1,0.0000,-1.2000,0.0000,0.0500,-0.0000,-1.0945,-0.0000,0.0500,4340,1,4,
85.9342,14266,285365,2558,1936,0,0,1,0.0000,-1.2000,0.0000,0.0500,-0.0000,-1.1145,-0.0000,0.0500,4341,1,4,
85.9539,14267,285385,2558,1936,0,0,1,0.0000,-1.2000,0.0000,0.0500,-0.0000,-1.1395,-0.0000,0.0500,4342,1,4,
85.9739,14268,285405,2558,1936,0,0,1,0.0000,-1.2000,0.0000,0.0500,-0.0000,-1.1591,-0.0000,0.0500,4343,1,4,
85.9938,14269,285425,2558,1936,0,0,1,0.0000,-1.2000,0.0000,0.0500,-0.0000,-1.1732,-0.0000,0.0500,4344,1,4,
86.0138,14270,285445,2558,1935,0,0,1,0.0000,-1.2000,0.0000,0.0500,-0.0000,-1.1842,-0.0000,0.0500,4345,1,4,
86.0339,14271,285465,2558,1936,0,0,1,0.0000,-1.2000,0.0000,0.0500,-0.0000,-1.1896,-0.0000,0.0500,4346,1,4,
86.0539,14272,285485,2558,1936,0,0,1,0.0000,-1.2000,0.0000,0.0500,-0.0000,-1.1932,-0.0000,0.0500,4347,1,4,
86.0739,14273,285505,2558,1936,0,0,1,0.0000,-1.2000,0.0000,0.0500,-0.0000,-1.1960,-0.0000,0.0500,4348,1,4,
86.1008,14274,285525,2558,1936,0,0,1,0.0000,-1.2000,0.0000,0.0500,-0.0000,-1.1971,-0.0000,0.0500,4349,1,4,
86.1141,14275,285545,2558,1936,0,0,1,0.0000,-1.2000,0.0000,0.0500,-0.0000,-1.1976,-0.0000,0.0500,4350,1,4,2.12
86.1339,14276,285565,2558,1936,0,0,1,0.0000,-1.2000,0.0000,0.0500,-0.0000,-1.1985,-0.0000,0.0500,4351,1,4,
86.1538,14277,285585,2558,1936,0,0,1,0.0000,-1.2000,0.0000,0.0500,-0.0000,-1.1991,-0.0000,0.0500,4352,1,4,
86.1738,14278,285605,2558,1936,0,0,1,0.0000,-1.2000,0.0000,0.0500,-0.0000,-1.1994,-0.0000,0.0500,4353,1,4,
86.1940,14279,285625,2558,1936,0,0,1,0.0000,-1.2000,0.0000,0.0500,-0.0000,-1.1997,-0.0000,0.0500,4354,1,4,
86.2139,14280,285645,2558,1936,0,0,1,0.0000,-1.2000,0.0000,0.0500,-0.0000,-1.1998,-0.0000,0.0500,4355,1,4,
86.2340,14281,285665,2558,1935,0,0,1,0.0000,-1.2000,0.0000,0.0500,-0.0000,-1.1999,-0.0000,0.0500,4356,1,4,
86.2538,14282,285685,2558,1935,0,0,1,0.0000,-1.2000,0.0000,0.0500,-0.0000,-1.1999,-0.0000,0.0500,4357,1,4,
86.2739,14283,285705,2558,1936,0,0,1,0.0000,-1.2000,0.0000,0.0500,-0.0000,-1.2000,0.0000,0.0500,4358,1,4,
86.2939,14284,285725,2558,1936,0,0,1,0.0000,-1.2000,0.0000,0.0500,-0.0000,-1.2000,-0.0000,0.0500,4359,1,4,
86.3139,14285,285745,2558,1936,0,0,1,0.0000,-1.2000,0.0000,0.0500,-0.0000,-1.2000,-0.0000,0.0500,4360,1,4,
86.3339,14286,285765,2558,1936,0,0,1,0.0000,-1.2000,0.0000,0.0500,-0.0000,-1.2000,-0.0000,0.0500,4361,1,4,
86.3647,14287,285785,2558,1936,0,0,1,0.0000,-1.2000,0.0000,0.0500,-0.0000,-1.2000,-0.0000,0.0500,4362,1,4,
86.3739,14288,285805,2558,1936,0,0,1,0.0000,-1.2000,0.0000,0.0500,-0.0000,-1.2000,0.0000,0.0500,4363,1,4,
86.3938,14289,285825,2558,1936,0,0,1,0.0000,-1.2000,0.0000,0.0500,-0.0000,-1.2000,-0.0000,0.0500,4364,1,4,
86.4139,14290,285845,2558,1936,0,0,1,0.0000,-1.2000,0.0000,0.0500,-0.0000,-1.2000,-0.0000,0.0500,4365,1,4,
86.4340,14291,285865,2558,1936,0,0,1,0.0000,-1.2000,0.0000,0.0500,-0.0000,-1.2000,-0.0000,0.0500,4366,1,4,
86.4538,14292,285885,2558,1936,0,0,1,0.0000,-1.2000,0.0000,0.0500,-0.0000,-1.2000,-0.0000,0.0500,4367,1,4,
86.4739,14293,285905,2558,1936,0,0,1,0.0000,-1.2000,0.0000,0.0500,-0.0000,-1.2000,-0.0000,0.0500,4368,1,4,
86.4939,14294,285925,2558,1936,0,0,1,0.0000,-1.2000,0.0000,0.0500,-0.0000,-1.2000,-0.0000,0.0500,4369,1,4,
86.5139,14295,285945,2559,1937,0,0,1,0.0000,-1.2000,0.0000,0.0500,-0.0000,-1.2000,-0.0000,0.0500,4370,1,4,
86.5339,14296,285965,2559,1936,0,0,1,0.0000,-1.2000,0.0000,0.0500,-0.0000,-1.2000,-0.0000,0.0500,4371,1,4,
86.5539,14297,285985,2559,1936,0,0,1,0.0000,-1.2000,0.0000,0.0500,-0.0000,-1.2000,-0.0000,0.0500,4372,1,4,
86.5739,14298,286005,2559,1937,0,0,1,0.0000,-1.2000,0.0000,0.0500,-0.0000,-1.2000,-0.0000,0.0500,4373,1,4,
86.6076,14299,286025,2559,1937,0,0,1,0.0000,-1.2000,0.0000,0.0500,-0.0000,-1.2000,0.0000,0.0500,4374,1,4,
86.6153,14300,286045,2558,1937,0,0,1,0.0000,-1.2000,0.0000,0.0500,-0.0000,-1.2000,-0.0000,0.0500,4375,1,4,
86.6339,14301,286065,2558,1936,0,0,1,0.0000,-1.2000,0.0000,0.0500,-0.0000,-1.2000,-0.0000,0.0500,4376,1,4,
86.6539,14302,286085,2558,1936,0,0,1,0.0000,-1.2000,0.0000,0.0500,-0.0000,-1.2000,-0.0000,0.0500,4377,1,4,
86.6738,14303,286105,2558,1936,0,0,1,0.0000,-1.2000,0.0000,0.0500,-0.0000,-1.2000,-0.0000,0.0500,4378,1,4,
86.6939,14304,286125,2558,1936,0,0,1,0.0000,-1.2000,0.0000,0.0500,-0.0000,-1.2000,0.0000,0.0500,4379,1,4,
86.7139,14305,286145,2558,1936,0,0,1,0.0000,-1.2000,0.0000,0.0500,-0.0000,-1.2000,-0.0000,0.0500,4380,1,4,
86.7339,14306,286165,2558,1936,0,0,1,0.0000,-1.2000,0.0000,0.0500,-0.0000,-1.2000,-0.0000,0.0500,4381,1,4,
86.7539,14307,286185,2558,1936,0,0,1,0.0000,-1.2000,0.0000,0.0500,-0.0000,-1.2000,-0.0000,0.0500,4382,1,4,
86.7739,14308,286205,2558,1936,0,0,1,0.0000,-1.2000,0.0000,0.0500,-0.0000,-1.2000,0.0000,0.0500,4383,1,4,
86.7939,14309,286225,2558,1936,0,0,1,0.0000,-1.2000,0.0000,0.0500,-0.0000,-1.2000,-0.0000,0.0500,4384,1,4,
86.8141,14310,286245,2558,1936,0,0,1,0.0000,-1.2000,0.0000,0.0500,-0.0000,-1.2000,-0.0000,0.0500,4385,1,4,
86.8339,14311,286265,2558,1936,0,0,1,0.0000,-1.2000,0.0000,0.0500,-0.0000,-1.2000,-0.0000,0.0500,4386,1,4,
86.8648,14312,286285,2558,1936,0,0,1,0.0000,-1.2000,0.0000,0.0500,-0.0000,-1.2000,-0.0000,0.0500,4387,1,4,
86.8739,14313,286305,2558,1935,0,0,1,0.0000,-1.2000,0.0000,0.0500,-0.0000,-1.2000,0.0000,0.0500,4388,1,4,
86.8939,14314,286325,2558,1935,0,0,1,0.0000,-1.2000,0.0000,0.0500,-0.0000,-1.2000,-0.0000,0.0500,4389,1,4,
86.9139,14315,286345,2558,1936,0,0,1,0.0000,-1.2000,0.0000,0.0500,-0.0000,-1.2000,-0.0000,0.0500,4390,1,4,
86.9340,14316,286365,2558,1936,0,0,1,0.0000,-1.2000,0.0000,0.0500,-0.0000,-1.2000,-0.0000,0.0500,4391,1,4,
86.9539,14317,286385,2558,1936,0,0,1,0.0000,-1.2000,0.0000,0.0500,-0.0000,-1.2000,-0.0000,0.0500,4392,1,4,
86.9739,14318,286405,2558,1936,0,0,1,0.0000,-1.2000,0.0000,0.0500,-0.0000,-1.2000,-0.0000,0.0500,4393,1,4,
86.9939,14319,286425,2558,1936,0,0,1,0.0000,-1.2000,0.0000,0.0500,-0.0000,-1.2000,-0.0000,0.0500,4394,1,4,
87.0139,14320,286445,2558,1936,0,0,1,0.0000,-1.2000,0.0000,0.0500,-0.0000,-1.2000,-0.0000,0.0500,4395,1,4,
87.0339,14321,286465,2558,1936,0,0,1,0.0000,-1.2000,0.0000,0.0500,-0.0000,-1.2000,-0.0000,0.0500,4396,1,4,
87.0540,14322,286485,2558,1936,0,0,1,0.0000,-1.2000,0.0000,0.0500,-0.0000,-1.2000,-0.0000,0.0500,4397,1,4,
87.0739,14323,286505,2558,1936,0,0,1,0.0000,-1.2000,0.0000,0.0500,-0.0000,-1.2000,-0.0000,0.0500,4398,1,4,
87.0939,14324,286525,2558,1936,0,0,1,0.0000,-1.2000,0.0000,0.0500,-0.0000,-1.2000,0.0000,0.0500,4399,1,4,
87.1219,14325,286545,2558,1936,0,0,1,0.0000,-1.2000,0.0000,0.0500,-0.0000,-1.2000,-0.0000,0.0500,4400,1,4,2.14
87.1340,14326,286565,2558,1936,0,0,1,0.0000,0.0000,0.0000,0.0500,-0.0000,-1.1950,-0.0000,0.0500,4401,1,4,
87.1539,14327,286585,2558,1936,0,0,1,0.0000,0.0000,0.0000,0.0500,-0.0000,-1.1700,0.0000,0.0500,4402,1,4,
87.1738,14328,286605,2558,1936,0,0,1,0.0000,0.0000,0.0000,0.0500,-0.0000,-1.1500,0.0000,0.0500,4403,1,4,
87.1939,14329,286625,2558,1936,0,0,1,0.0000,0.0000,0.0000,0.0500,-0.0000,-1.1300,0.0000,0.0500,4404,1,4,
87.2139,14330,286645,2558,1936,0,0,1,0.0000,0.0000,0.0000,0.0500,-0.0000,-1.1051,0.0000,0.0500,4405,1,4,
87.2339,14331,286665,2558,1936,0,0,1,0.0000,0.0000,0.0000,0.0500,-0.0000,-1.0851,0.0000,0.0500,4406,1,4,
87.2605,14332,286685,2558,1936,0,0,1,0.0000,0.0000,0.0000,0.0500,-0.0000,-1.0601,0.0000,0.0500,4407,1,4,
87.2739,14333,286705,2558,1936,0,0,1,0.0000,0.0000,0.0000,0.0500,-0.0000,-1.0451,0.0000,0.0500,4408,1,4,
87.2939,14334,286725,2558,1936,0,0,1,0.0000,0.0000,0.0000,0.0500,-0.0000,-1.0201,0.0000,0.0500,4409,1,4,
87.3139,14335,286745,2558,1936,0,0,1,0.0000,0.0000,0.0000,0.0500,-0.0000,-1.0001,0.0000,0.0500,4410,1,4,
87.3339,14336,286765,2558,1936,0,0,1,0.0000,0.0000,0.0000,0.0500,-0.0000,-0.9751,0.0000,0.0500,4411,1,4,
87.3715,14337,286785,2558,1935,0,0,1,0.0000,0.0000,0.0000,0.0500,-0.0000,-0.9601,0.0000,0.0500,4412,1,4,
87.3786,14338,286805,2558,1935,0,0,1,0.0000,0.0000,0.0000,0.0500,-0.0000,-0.9502,0.0000,0.0500,4413,1,4,
87.3939,14339,286825,2558,1936,0,0,1,0.0000,0.0000,0.0000,0.0500,-0.0000,-0.9352,0.0000,0.0500,4414,1,4,
87.4139,14340,286845,2558,1936,0,0,1,0.0000,0.0000,0.0000,0.0500,-0.0000,-0.9152,0.0000,0.0500,4415,1,4,
87.4339,14341,286865,2558,1936,0,0,1,0.0000,0.0000,0.0000,0.0500,-0.0000,-0.8902,0.0000,0.0500,4416,1,4,
87.4540,14342,286885,2558,1936,0,0,1,0.0000,0.0000,0.0000,0.0500,-0.0000,-0.8702,0.0000,0.0500,4417,1,4,
87.4740,14343,286905,2558,1936,0,0,1,0.0000,0.0000,0.0000,0.0500,-0.0000,-0.8452,0.0000,0.0500,4418,1,4,
87.4939,14344,286925,2558,1936,0,0,1,0.0000,0.0000,0.0000,0.0500,-0.0000,-0.8252,0.0000,0.0500,4419,1,4,
87.5139,14345,286945,2558,1936,0,0,1,0.0000,0.0000,0.0000,0.0500,-0.0000,-0.8052,0.0000,0.0500,4420,1,4,
87.5339,14346,286965,2558,1935,0,0,1,0.0000,0.0000,0.0000,0.0500,-0.0000,-0.7802,0.0000,0.0500,4421,1,4,
87.5539,14347,286985,2558,1935,0,0,1,0.0000,0.0000,0.0000,0.0500,-0.0000,-0.7603,0.0000,0.0500,4422,1,4,
87.5740,14348,287005,2558,1935,0,0,1,0.0000,0.0000,0.0000,0.0500,-0.0000,-0.7353,0.0000,0.0500,4423,1,4,
87.5939,14349,287025,2558,1935,0,0,1,0.0000,0.0000,0.0000,0.0500,-0.0000,-0.7153,0.0000,0.0500,4424,1,4,
87.6284,14350,287045,2558,1936,0,0,1,0.0000,0.0000,0.0000,0.0500,-0.0000,-0.7053,0.0000,0.0500,4425,1,4,
87.6354,14351,287065,2558,1936,0,0,1,0.0000,0.0000,0.0000,0.0500,-0.0000,-0.6953,0.0000,0.0500,4426,1,4,
87.6540,14352,287085,2558,1936,0,0,1,0.0000,0.0000,0.0000,0.0500,-0.0000,-0.6753,0.0000,0.0500,4427,1,4,
87.6739,14353,287105,2558,1936,0,0,1,0.0000,0.0000,0.0000,0.0500,-0.0000,-0.6503,0.0000,0.0500,4428,1,4,
87.6939,14354,287125,2558,1936,0,0,1,0.0000,0.0000,0.0000,0.0500,-0.0000,-0.6303,0.0000,0.0500,4429,1,4,
87.7139,14355,287145,2558,1936,0,0,1,0.0000,0.0000,0.0000,0.0500,-0.0000,-0.6103,0.0000,0.0500,4430,1,4,
87.7339,14356,287165,2558,1936,0,0,1,0.0000,0.0000,0.0000,0.0500,-0.0000,-0.5853,0.0000,0.0500,4431,1,4,
87.7539,14357,287185,2558,1936,0,0,1,0.0000,0.0000,0.0000,0.0500,-0.0000,-0.5653,-0.0000,0.0500,4432,1,4,
87.7739,14358,287205,2558,1936,0,0,1,0.0000,0.0000,0.0000,0.0500,-0.0000,-0.5403,-0.0000,0.0500,4433,1,4,
87.7950,14359,287225,2558,1936,0,0,1,0.0000,0.0000,0.0000,0.0500,-0.0000,-0.5204,-0.0000,0.0500,4434,1,4,
87.8138,14360,287245,2558,1935,0,0,1,0.0000,0.0000,0.0000,0.0500,-0.0000,-0.5004,-0.0000,0.0500,4435,1,4,
87.8339,14361,287265,2558,1935,0,0,1,0.0000,0.0000,0.0000,0.0500,-0.0000,-0.4754,0.0000,0.0500,4436,1,4,
87.8785,14363,287305,2559,1936,0,0,1,0.0000,0.0000,0.0000,0.0500,-0.0000,-0.4554,-0.0000,0.0500,4438,1,4,
87.8939,14364,287325,2558,1935,0,0,1,0.0000,0.0000,0.0000,0.0500,-0.0000,-0.4354,-0.0000,0.0500,4439,1,4,
87.9139,14365,287345,2558,1935,0,0,1,0.0000,0.0000,0.0000,0.0500,-0.0000,-0.4154,0.0000,0.0500,4440,1,4,
87.9339,14366,287365,2558,1935,0,0,1,0.0000,0.0000,0.0000,0.0500,-0.0000,-0.3904,-0.0000,0.0500,4441,1,4,
87.9549,14367,287385,2558,1935,0,0,1,0.0000,0.0000,0.0000,0.0500,-0.0000,-0.3704,-0.0000,0.0500,4442,1,4,
87.9739,14368,287405,2558,1936,0,0,1,0.0000,0.0000,0.0000,0.0500,-0.0000,-0.3454,-0.0000,0.0500,4443,1,4,
87.9939,14369,287425,2559,1936,0,0,1,0.0000,0.0000,0.0000,0.0500,-0.0000,-0.3254,0.0000,0.0500,4444,1,4,
88.0139,14370,287445,2558,1936,0,0,1,0.0000,0.0000,0.0000,0.0500,-0.0000,-0.3055,-0.0000,0.0500,4445,1,4,
88.0338,14371,287465,2558,1936,0,0,1,0.0000,0.0000,0.0000,0.0500,-0.0000,-0.2805,-0.0000,0.0500,4446,1,4,
88.0539,14372,287485,2559,1936,0,0,1,0.0000,0.0000,0.0000,0.0500,-0.0000,-0.2605,-0.0000,0.0500,4447,1,4,
88.0740,14373,287505,2558,1937,0,0,1,0.0000,0.0000,0.0000,0.0500,-0.0000,-0.2355,0.0000,0.0500,4448,1,4,
88.0938,14374,287525,2559,1937,0,0,1,0.0000,0.0000,0.0000,0.0500,-0.0000,-0.2155,-0.0000,0.0500,4449,1,4,
88.1358,14376,287565,2559,1936,0,0,1,0.0000,0.0000,0.0000,0.0500,-0.0000,-0.1905,-0.0000,0.0500,4451,1,4,2.19
88.1540,14377,287585,2559,1937,0,0,1,0.0000,0.0000,0.0000,0.0500,-0.0000,-0.1705,-0.0000,0.0500,4452,1,4,
88.1739,14378,287605,2559,1937,0,0,1,0.0000,0.0000,0.0000,0.0500,-0.0000,-0.1505,-0.0000,0.0500,4453,1,4,
88.1939,14379,287625,2559,1936,0,0,1,0.0000,0.0000,0.0000,0.0500,-0.0000,-0.1305,-0.0000,0.0500,4454,1,4,
88.2139,14380,287645,2559,1936,0,0,1,0.0000,0.0000,0.0000,0.0500,-0.0000,-0.1055,-0.0000,0.0500,4455,1,4,
88.2340,14381,287665,2559,1936,0,0,1,0.0000,0.0000,0.0000,0.0500,-0.0000,-0.0856,-0.0000,0.0500,4456,1,4,
88.2538,14382,287685,2559,1936,0,0,1,0.0000,0.0000,0.0000,0.0500,-0.0000,-0.0606,-0.0000,0.0500,4457,1,4,
88.2739,14383,287705,2559,1936,0,0,1,0.0000,0.0000,0.0000,0.0500,-0.0000,-0.0410,-0.0000,0.0500,4458,1,4,
88.2953,14384,287725,2558,1936,0,0,1,0.0000,0.0000,0.0000,0.0500,-0.0000,-0.0242,-0.0000,0.0500,4459,1,4,
88.3140,14385,287745,2558,1936,0,0,1,0.0000,0.0000,0.0000,0.0500,-0.0000,-0.0159,-0.0000,0.0500,4460,1,4,
88.3339,14386,287765,2558,1936,0,0,1,0.0000,0.0000,0.0000,0.0500,-0.0000,-0.0104,-0.0000,0.0500,4461,1,4,
88.3540,14387,287785,2558,1936,0,0,1,0.0000,0.0000,0.0000,0.0500,-0.0000,-0.0061,-0.0000,0.0500,4462,1,4,
88.3854,14388,287805,2558,1936,0,0,1,0.0000,0.0000,0.0000,0.0500,-0.0000,-0.0050,-0.0000,0.0500,4463,1,4,
88.3940,14389,287825,2558,1937,0,0,1,0.0000,0.0000,0.0000,0.0500,-0.0000,-0.0045,-0.0000,0.0500,4464,1,4,
88.4140,14390,287845,2558,1937,0,0,1,0.0000,0.0000,0.0000,0.0500,-0.0000,-0.0026,-0.0000,0.0500,4465,1,4,
88.4340,14391,287865,2558,1936,0,0,1,0.0000,0.0000,0.0000,0.0500,-0.0000,-0.0017,-0.0000,0.0500,4466,1,4,
88.4539,14392,287885,2558,1936,0,0,1,0.0000,0.0000,0.0000,0.0500,-0.0000,-0.0010,-0.0000,0.0500,4467,1,4,
88.4739,14393,287905,2558,1936,0,0,1,0.0000,0.0000,0.0000,0.0500,-0.0000,-0.0006,-0.0000,0.0500,4468,1,4,
88.4938,14394,287925,2558,1936,0,0,1,0.0000,0.0000,0.0000,0.0500,-0.0000,-0.0004,-0.0000,0.0500,4469,1,4,
88.5139,14395,287945,2559,1935,0,0,1,0.0000,0.0000,0.0000,0.0500,-0.0000,-0.0002,-0.0000,0.0500,4470,1,4,
88.5339,14396,287965,2559,1935,0,0,1,0.0000,0.0000,0.0000,0.0500,-0.0000,-0.0001,-0.0000,0.0500,4471,1,4,
88.5539,14397,287985,2559,1935,0,0,1,0.0000,0.0000,0.0000,0.0500,-0.0000,-0.0001,-0.0000,0.0500,4472,1,4,
88.5738,14398,288005,2558,1935,0,0,1,0.0000,0.0000,0.0000,0.0500,-0.0000,-0.0000,-0.0000,0.0500,4473,1,4,
88.5939,14399,288025,2558,1935,0,0,1,0.0000,0.0000,0.0000,0.0500,-0.0000,-0.0000,-0.0000,0.0500,4474,1,4,
88.6358,14401,288065,2557,1936,0,0,1,0.0000,0.0000,0.0000,0.0500,-0.0000,-0.0000,-0.0000,0.0500,4476,1,4,
88.6540,14402,288085,2558,1936,0,0,1,0.0000,0.0000,0.0000,0.0500,-0.0000,-0.0000,-0.0000,0.0500,4477,1,4,
88.6739,14403,288105,2558,1936,0,0,1,0.0000,0.0000,0.0000,0.0500,-0.0000,-0.0000,-0.0000,0.0500,4478,1,4,
88.6940,14404,288125,2557,1936,0,0,1,0.0000,0.0000,0.0000,0.0500,-0.0000,-0.0000,-0.0000,0.0500,4479,1,4,
88.7139,14405,288145,2558,1936,0,0,1,0.0000,0.0000,0.0000,0.0500,-0.0000,-0.0000,-0.0000,0.0500,4480,1,4,
88.7339,14406,288165,2558,1936,0,0,1,0.0000,0.0000,0.0000,0.0500,-0.0000,-0.0000,-0.0000,0.0500,4481,1,4,
88.7540,14407,288185,2558,1937,0,0,1,0.0000,0.0000,0.0000,0.0500,-0.0000,-0.0000,-0.0000,0.0500,4482,1,4,
88.7739,14408,288205,2558,1937,0,0,1,0.0000,0.0000,0.0000,0.0500,-0.0000,-0.0000,-0.0000,0.0500,4483,1,4,
88.7939,14409,288225,2558,1937,0,0,1,0.0000,0.0000,0.0000,0.0500,-0.0000,0.0000,-0.0000,0.0500,4484,1,4,
88.8139,14410,288245,2558,1937,0,0,1,0.0000,0.0000,0.0000,0.0500,-0.0000,0.0000,-0.0000,0.0500,4485,1,4,
88.8339,14411,288265,2558,1937,0,0,1,0.0000,0.0000,0.0000,0.0500,-0.0000,0.0000,-0.0000,0.0500,4486,1,4,
88.8538,14412,288285,2558,1936,0,0,1,0.0000,0.0000,0.0000,0.0500,-0.0000,0.0000,-0.0000,0.0500,4487,1,4,
88.8939,14414,288325,2558,1936,0,0,1,0.0000,0.0000,0.0000,0.0500,-0.0000,0.0000,-0.0000,0.0500,4489,1,4,
88.9139,14415,288345,2558,1936,0,0,1,0.0000,0.0000,0.0000,0.0500,-0.0000,0.0000,-0.0000,0.0500,4490,1,4,
88.9339,14416,288365,2558,1936,0,0,1,0.0000,0.0000,0.0000,0.0500,-0.0000,0.0000,-0.0000,0.0500,4491,1,4,
88.9539,14417,288385,2558,1936,0,0,1,0.0000,0.0000,0.0000,0.0500,-0.0000,0.0000,-0.0000,0.0500,4492,1,4,
88.9740,14418,288405,2559,1936,0,0,1,0.0000,0.0000,0.0000,0.0500,-0.0000,0.0000,-0.0000,0.0500,4493,1,4,
88.9939,14419,288425,2558,1936,0,0,1,0.0000,0.0000,0.0000,0.0500,-0.0000,0.0000,-0.0000,0.0500,4494,1,4,
89.0139,14420,288445,2558,1935,0,0,1,0.0000,0.0000,0.0000,0.0500,-0.0000,0.0000,-0.0000,0.0500,4495,1,4,
89.0340,14421,288465,2559,1935,0,0,1,0.0000,0.0000,0.0000,0.0500,-0.0000,0.0000,-0.0000,0.0500,4496,1,4,
89.0540,14422,288485,2560,1935,0,0,1,0.0000,0.0000,0.0000,0.0500,-0.0000,0.0000,-0.0000,0.0500,4497,1,4,
89.0740,14423,288505,2559,1935,0,0,1,0.0000,0.0000,0.0000,0.0500,-0.0000,0.0000,-0.0000,0.0500,4498,1,4,
89.0939,14424,288525,2559,1936,0,0,1,0.0000,0.0000,0.0000,0.0500,-0.0000,0.0000,-0.0000,0.0500,4499,1,4,
89.1139,14425,288545,2559,1936,0,0,1,0.0000,0.0000,0.0000,0.0500,-0.0000,0.0000,-0.0000,0.0500,4500,1,4,
89.1426,14426,288565,2558,1936,0,0,1,0.0000,0.0000,0.0000,0.0500,-0.0000,0.0000,-0.0000,0.0500,4501,1,4,2.19
89.1540,14427,288585,2558,1936,0,0,1,0.0000,0.0000,0.0000,0.0500,-0.0000,0.0000,-0.0000,0.0500,4502,1,4,
89.1739,14428,288605,2558,1937,0,0,1,0.0000,0.0000,0.0000,0.0500,-0.0000,0.0000,-0.0000,0.0500,4503,1,4,
89.1941,14429,288625,2558,1936,0,0,1,0.0000,0.0000,0.0000,0.0500,-0.0000,0.0000,-0.0000,0.0500,4504,1,4,
89.2139,14430,288645,2558,1936,0,0,1,0.0000,0.0000,0.0000,0.0500,-0.0000,0.0000,-0.0000,0.0500,4505,1,4,
89.2339,14431,288665,2558,1936,0,0,1,0.0000,0.0000,0.0000,0.0500,-0.0000,0.0000,-0.0000,0.0500,4506,1,4,
89.2539,14432,288685,2558,1935,0,0,1,0.0000,0.0000,0.0000,0.0500,-0.0000,0.0000,-0.0000,0.0500,4507,1,4,
89.2739,14433,288705,2558,1936,0,0,1,0.0000,0.0000,0.0000,0.0500,-0.0000,0.0000,-0.0000,0.0500,4508,1,4,
89.2939,14434,288725,2558,1936,0,0,1,0.0000,0.0000,0.0000,0.0500,-0.0000,0.0000,-0.0000,0.0500,4509,1,4,
89.3140,14435,288745,2558,1936,0,0,1,0.0000,0.0000,0.0000,0.0500,-0.0000,0.0000,-0.0000,0.0500,4510,1,4,
89.3338,14436,288765,2558,1936,0,0,1,0.0000,0.0000,0.0000,0.0500,-0.0000,0.0000,-0.0000,0.0500,4511,1,4,
89.3540,14437,288785,2558,1936,0,0,1,0.0000,0.0000,0.0000,0.0500,-0.0000,0.0000,-0.0000,0.0500,4512,1,4,
89.3852,14438,288805,2558,1936,0,0,1,0.0000,0.0000,0.0000,0.0500,-0.0000,0.0000,-0.0000,0.0500,4513,1,4,
89.3939,14439,288825,2558,1936,0,0,1,0.0000,0.0000,0.0000,0.0500,-0.0000,0.0000,-0.0000,0.0500,4514,1,4,
89.4139,14440,288845,2558,1936,0,0,1,0.0000,0.0000,0.0000,0.0500,-0.0000,0.0000,-0.0000,0.0500,4515,1,4,
89.4339,14441,288865,2558,1936,0,0,1,0.0000,0.0000,0.0000,0.0500,-0.0000,0.0000,-0.0000,0.0500,4516,1,4,
89.4540,14442,288885,2558,1936,0,0,1,0.0000,0.0000,0.0000,0.0500,-0.0000,0.0000,-0.0000,0.0500,4517,1,4,
89.4739,14443,288905,2558,1936,0,0,1,0.0000,0.0000,0.0000,0.0500,-0.0000,0.0000,-0.0000,0.0500,4518,1,4,
89.4939,14444,288925,2558,1936,0,0,1,0.0000,0.0000,0.0000,0.0500,-0.0000,0.0000,-0.0000,0.0500,4519,1,4,
89.5139,14445,288945,2558,1936,0,0,1,0.0000,0.0000,0.0000,0.0500,-0.0000,0.0000,-0.0000,0.0500,4520,1,4,
89.5339,14446,288965,2558,1936,0,0,1,0.0000,0.0000,0.0000,0.0500,-0.0000,0.0000,-0.0000,0.0500,4521,1,4,
89.5539,14447,288985,2558,1936,0,0,1,0.0000,0.0000,0.0000,0.0500,-0.0000,0.0000,-0.0000,0.0500,4522,1,4,
89.5739,14448,289005,2559,1936,0,0,1,0.0000,0.0000,0.0000,0.0500,-0.0000,0.0000,-0.0000,0.0500,4523,1,4,
89.5939,14449,289025,2559,1936,0,0,1,0.0000,0.0000,0.0000,0.0500,-0.0000,0.0000,-0.0000,0.0500,4524,1,4,
89.6139,14450,289045,2559,1936,0,0,1,0.0000,0.0000,0.0000,0.0500,-0.0000,0.0000,-0.0000,0.0500,4525,1,4,
89.6494,14451,289065,2558,1936,0,0,1,0.0000,0.0000,0.1500,0.0500,-0.0000,0.0000,0.0000,0.0500,4526,1,4,
89.6540,14452,289085,2559,1936,0,0,1,0.0000,0.0000,0.1500,0.0500,-0.0000,0.0000,0.0000,0.0500,4527,1,4,
89.6738,14453,289105,2558,1936,0,0,1,0.0000,0.0000,0.1500,0.0500,-0.0000,0.0000,0.0001,0.0500,4528,1,4,
89.6939,14454,289125,2558,1936,0,0,1,0.0000,0.0000,0.1500,0.0500,-0.0000,0.0000,0.0002,0.0500,4529,1,4,
89.7138,14455,289145,2558,1936,0,0,1,0.0000,0.0000,0.1500,0.0500,-0.0000,0.0000,0.0004,0.0500,4530,1,4,
89.7340,14456,289165,2558,1937,0,0,1,0.0000,0.0000,0.1500,0.0500,-0.0000,0.0000,0.0007,0.0500,4531,1,4,
89.7539,14457,289185,2558,1937,0,0,1,0.0000,0.0000,0.1500,0.0500,-0.0000,0.0000,0.0011,0.0500,4532,1,4,
89.7739,14458,289205,2558,1936,0,0,1,0.0000,0.0000,0.1500,0.0500,-0.0000,0.0000,0.0014,0.0500,4533,1,4,
89.7939,14459,289225,2558,1936,0,0,1,0.0000,0.0000,0.1500,0.0500,-0.0000,0.0000,0.0020,0.0500,4534,1,4,
89.8139,14460,289245,2558,1936,0,0,1,0.0000,0.0000,0.1500,0.0500,-0.0000,0.0000,0.0024,0.0500,4535,1,4,
89.8339,14461,289265,2558,1936,0,0,1,0.0000,0.0000,0.1500,0.0500,-0.0000,0.0000,0.0030,0.0500,4536,1,4,
89.8539,14462,289285,2558,1936,0,0,1,0.0000,0.0000,0.1500,0.0500,-0.0000,0.0000,0.0037,0.0500,4537,1,4,
89.8739,14463,289305,2558,1936,0,0,1,0.0000,0.0000,0.1500,0.0500,-0.0000,0.0000,0.0043,0.0500,4538,1,4,
89.8991,14464,289325,2558,1935,0,0,1,0.0000,0.0000,0.1500,0.0500,-0.0000,0.0000,0.0047,0.0500,4539,1,4,
89.9140,14465,289345,2558,1936,0,0,1,0.0000,0.0000,0.1500,0.0500,-0.0000,0.0000,0.0052,0.0500,4540,1,4,
89.9339,14466,289365,2558,1936,0,0,1,0.0000,0.0000,0.1500,0.0500,-0.0000,0.0000,0.0060,0.0500,4541,1,4,
89.9539,14467,289385,2558,1936,0,0,1,0.0000,0.0000,0.1500,0.0500,-0.0000,0.0000,0.0070,0.0500,4542,1,4,
89.9739,14468,289405,2558,1936,0,0,1,0.0000,0.0000,0.1500,0.0500,-0.0000,0.0000,0.0079,0.0500,4543,1,4,
89.9939,14469,289425,2558,1936,0,0,1,0.0000,0.0000,0.1500,0.0500,-0.0000,0.0000,0.0091,0.0500,4544,1,4,
90.0139,14470,289445,2558,1936,0,0,1,0.0000,0.0000,0.1500,0.0500,-0.0000,0.0000,0.0100,0.0500,4545,1,4,
90.0339,14471,289465,2559,1936,0,0,1,0.0000,0.0000,0.1500,0.0500,-0.0000,0.0000,0.0111,0.0500,4546,1,4,
90.0539,14472,289485,2559,1936,0,0,1,0.0000,0.0000,0.1500,0.0500,-0.0000,0.0000,0.0125,0.0500,4547,1,4,
90.0740,14473,289505,2558,1936,0,0,1,0.0000,0.0000,0.1500,0.0500,-0.0000,0.0000,0.0136,0.0500,4548,1,4,
90.0940,14474,289525,2558,1936,0,0,1,0.0000,0.0000,0.1500,0.0500,-0.0000,0.0000,0.0151,0.0500,4549,1,4,
90.1140,14475,289545,2558,1936,0,0,1,0.0000,0.0000,0.1500,0.0500,-0.0000,0.0000,0.0164,0.0500,4550,1,4,
90.1492,14476,289565,2558,1936,0,0,1,0.0000,0.0000,0.1500,0.0500,-0.0000,0.0000,0.0177,0.0500,4551,1,4,
90.1548,14477,289585,2558,1935,0,0,1,0.0000,0.0000,0.1500,0.0500,-0.0000,0.0000,0.0181,0.0500,4552,1,4,5.52
90.1740,14478,289605,2559,1935,0,0,1,0.0000,0.0000,0.1500,0.0500,-0.0000,0.0000,0.0195,0.0500,4553,1,4,
90.1940,14479,289625,2559,1935,0,0,1,0.0000,0.0000,0.1500,0.0500,-0.0000,0.0000,0.0209,0.0500,4554,1,4,
90.2140,14480,289645,2559,1935,0,0,1,0.0000,0.0000,0.1500,0.0500,-0.0000,0.0000,0.0228,0.0500,4555,1,4,
90.2339,14481,289665,2559,1936,0,0,1,0.0000,0.0000,0.1500,0.0500,-0.0000,0.0000,0.0243,0.0500,4556,1,4,
90.2539,14482,289685,2559,1936,0,0,1,0.0000,0.0000,0.1500,0.0500,-0.0000,0.0000,0.0263,0.0500,4557,1,4,
90.2739,14483,289705,2558,1936,0,0,1,0.0000,0.0000,0.1500,0.0500,-0.0000,0.0000,0.0280,0.0500,4558,1,4,
90.2940,14484,289725,2558,1936,0,0,1,0.0000,0.0000,0.1500,0.0500,-0.0000,0.0000,0.0301,0.0500,4559,1,4,
90.3140,14485,289745,2558,1937,0,0,1,0.0000,0.0000,0.1500,0.0500,-0.0000,0.0000,0.0319,0.0500,4560,1,4,
90.3367,14486,289765,2558,1937,0,0,1,0.0000,0.0000,0.1500,0.0500,-0.0000,0.0000,0.0342,0.0500,4561,1,4,
90.3539,14487,289785,2558,1937,0,0,1,0.0000,0.0000,0.1500,0.0500,-0.0000,0.0000,0.0356,0.0500,4562,1,4,
90.3739,14488,289805,2558,1937,0,0,1,0.0000,0.0000,0.1500,0.0500,-0.0000,0.0000,0.0380,0.0500,4563,1,4,
90.3990,14489,289825,2558,1937,0,0,1,0.0000,0.0000,0.1500,0.0500,-0.0000,0.0000,0.0385,0.0500,4564,1,4,
90.4139,14490,289845,2558,1937,0,0,1,0.0000,0.0000,0.1500,0.0500,-0.0000,0.0000,0.0400,0.0500,4565,1,4,
90.4339,14491,289865,2558,1937,0,0,1,0.0000,0.0000,0.1500,0.0500,-0.0000,0.0000,0.0425,0.0500,4566,1,4,
90.4545,14492,289885,2558,1936,0,0,1,0.0000,0.0000,0.1500,0.0500,-0.0000,0.0000,0.0446,0.0500,4567,1,4,
90.4739,14493,289905,2558,1936,0,0,1,0.0000,0.0000,0.1500,0.0500,-0.0000,0.0000,0.0473,0.0500,4568,1,4,
90.4940,14494,289925,2558,1936,0,0,1,0.0000,0.0000,0.1500,0.0500,-0.0000,0.0000,0.0495,0.0500,4569,1,4,
90.5138,14495,289945,2558,1935,0,0,1,0.0000,0.0000,0.1500,0.0500,-0.0000,0.0000,0.0517,0.0500,4570,1,4,
90.5340,14496,289965,2558,1935,0,0,1,0.0000,0.0000,0.1500,0.0500,-0.0000,0.0000,0.0546,0.0500,4571,1,4,
90.5539,14497,289985,2558,1936,0,0,1,0.0000,0.0000,0.1500,0.0500,-0.0000,0.0000,0.0570,0.0500,4572,1,4,
90.5740,14498,290005,2558,1936,0,0,1,0.0000,0.0000,0.1500,0.0500,-0.0000,0.0000,0.0600,0.0500,4573,1,4,
90.5940,14499,290025,2558,1935,0,0,1,0.0000,0.0000,0.1500,0.0500,-0.0000,0.0000,0.0625,0.0500,4574,1,4,
90.6139,14500,290045,2558,1936,0,0,1,0.0000,0.0000,0.1500,0.0500,-0.0000,0.0000,0.0650,0.0500,4575,1,4,
90.6559,14502,290085,2558,1936,0,0,1,0.0000,0.0000,0.1500,0.0500,-0.0000,0.0000,0.0675,0.0500,4577,1,4,
90.6739,14503,290105,2558,1936,0,0,1,0.0000,0.0000,0.1500,0.0500,-0.0000,0.0000,0.0701,0.0500,4578,1,4,
90.6940,14504,290125,2557,1936,0,0,1,0.0000,0.0000,0.1500,0.0500,-0.0000,0.0000,0.0735,0.0500,4579,1,4,
90.7140,14505,290145,2557,1936,0,0,1,0.0000,0.0000,0.1500,0.0500,-0.0000,0.0000,0.0762,0.0500,4580,1,4,
90.7339,14506,290165,2557,1936,0,0,1,0.0000,0.0000,0.1500,0.0500,-0.0000,0.0000,0.0797,0.0500,4581,1,4,
90.7539,14507,290185,2558,1936,0,0,1,0.0000,0.0000,0.1500,0.0500,-0.0000,0.0000,0.0825,0.0500,4582,1,4,
90.7740,14508,290205,2558,1936,0,0,1,0.0000,0.0000,0.1500,0.0500,-0.0000,0.0000,0.0861,0.0500,4583,1,4,
90.7939,14509,290225,2558,1936,0,0,1,0.0000,0.0000,0.1500,0.0500,-0.0000,0.0000,0.0890,0.0500,4584,1,4,
90.8139,14510,290245,2558,1936,0,0,1,0.0000,0.0000,0.1500,0.0500,-0.0000,0.0000,0.0920,0.0500,4585,1,4,
90.8340,14511,290265,2558,1936,0,0,1,0.0000,0.0000,0.1500,0.0500,-0.0000,0.0000,0.0958,0.0500,4586,1,4,
90.8541,14512,290285,2558,1936,0,0,1,0.0000,0.0000,0.1500,0.0500,-0.0000,0.0000,0.0989,0.0500,4587,1,4,
90.9060,14514,290325,2558,1936,0,0,1,0.0000,0.0000,0.1500,0.0500,-0.0000,0.0000,0.1036,0.0500,4589,1,4,
90.9139,14515,290345,2557,1936,0,0,1,0.0000,0.0000,0.1500,0.0500,-0.0000,0.0000,0.1052,0.0500,4590,1,4,
90.9340,14516,290365,2558,1936,0,0,1,0.0000,0.0000,0.1500,0.0500,-0.0000,0.0000,0.1092,0.0500,4591,1,4,
90.9539,14517,290385,2558,1936,0,0,1,0.0000,0.0000,0.1500,0.0500,-0.0000,0.0000,0.1125,0.0500,4592,1,4,
90.9739,14518,290405,2558,1936,0,0,1,0.0000,0.0000,0.1500,0.0500,-0.0000,0.0000,0.1167,0.0500,4593,1,4,
90.9939,14519,290425,2558,1936,0,0,1,0.0000,0.0000,0.1500,0.0500,-0.0000,0.0000,0.1201,0.0500,4594,1,4,
91.0140,14520,290445,2558,1936,0,0,1,0.0000,0.0000,0.1500,0.0500,-0.0000,0.0000,0.1235,0.0500,4595,1,4,
91.0381,14521,290465,2558,1936,0,0,1,0.0000,0.0000,0.1500,0.0500,-0.0000,0.0000,0.1287,0.0500,4596,1,4,
91.0539,14522,290485,2558,1937,0,0,1,0.0000,0.0000,0.1500,0.0500,-0.0000,0.0000,0.1314,0.0500,4597,1,4,
91.0739,14523,290505,2558,1936,0,0,1,0.0000,0.0000,0.1500,0.0500,-0.0000,0.0000,0.1350,0.0500,4598,1,4,
91.0939,14524,290525,2558,1936,0,0,1,0.0000,0.0000,0.1500,0.0500,-0.0000,0.0000,0.1395,0.0500,4599,1,4,
91.1140,14525,290545,2558,1936,0,0,1,0.0000,0.0000,0.1500,0.0500,-0.0000,0.0000,0.1430,0.0500,4600,1,4,
91.1421,14526,290565,2558,1936,0,0,1,0.0000,0.0000,0.1500,0.0000,-0.0000,0.0000,0.1454,0.0497,4601,1,4,
91.1629,14527,290585,2558,1936,0,0,1,0.0000,0.0000,0.1500,0.0000,-0.0000,0.0000,0.1463,0.0479,4602,1,4,2.08
91.1739,14528,290605,2558,1936,0,0,1,0.0000,0.0000,0.1500,0.0000,-0.0000,0.0000,0.1470,0.0448,4603,1,4,
91.1939,14529,290625,2558,1936,0,0,1,0.0000,0.0000,0.1500,0.0000,-0.0000,-0.0000,0.1480,0.0365,4604,1,4,
91.2140,14530,290645,2558,1936,0,0,1,0.0000,0.0000,0.1500,0.0000,-0.0000,-0.0000,0.1488,0.0260,4605,1,4,
91.2339,14531,290665,2559,1935,0,0,1,0.0000,0.0000,0.1500,0.0000,-0.0000,-0.0000,0.1492,0.0178,4606,1,4,
91.2540,14532,290685,2559,1935,0,0,1,0.0000,0.0000,0.1500,0.0000,-0.0000,0.0000,0.1495,0.0105,4607,1,4,
91.2740,14533,290705,2559,1935,0,0,1,0.0000,0.0000,0.1500,0.0000,-0.0000,0.0000,0.1497,0.0069,4608,1,4,
91.2940,14534,290725,2559,1935,0,0,1,0.0000,0.0000,0.1500,0.0000,-0.0000,0.0000,0.1498,0.0041,4609,1,4,
91.3139,14535,290745,2559,1935,0,0,1,0.0000,0.0000,0.1500,0.0000,-0.0000,0.0000,0.1499,0.0027,4610,1,4,
91.3340,14536,290765,2559,1935,0,0,1,0.0000,0.0000,0.1500,0.0000,-0.0000,0.0000,0.1499,0.0018,4611,1,4,
91.3539,14537,290785,2559,1935,0,0,1,0.0000,0.0000,0.1500,0.0000,-0.0000,0.0000,0.1500,0.0010,4612,1,4,
91.3739,14538,290805,2558,1936,0,0,1,0.0000,0.0000,0.1500,0.0000,-0.0000,0.0000,0.1500,0.0007,4613,1,4,
91.4060,14539,290825,2558,1936,0,0,1,0.0000,0.0000,0.1500,0.0000,-0.0000,0.0000,0.1500,0.0005,4614,1,4,
91.4139,14540,290845,2558,1936,0,0,1,0.0000,0.0000,0.1500,0.0000,-0.0000,0.0000,0.1500,0.0004,4615,1,4,
91.4339,14541,290865,2558,1936,0,0,1,0.0000,0.0000,0.1500,0.0000,-0.0000,0.0000,0.1500,0.0003,4616,1,4,
91.4540,14542,290885,2558,1936,0,0,1,0.0000,0.0000,0.1500,0.0000,-0.0000,0.0000,0.1500,0.0002,4617,1,4,
91.4739,14543,290905,2558,1936,0,0,1,0.0000,0.0000,0.1500,0.0000,-0.0000,0.0000,0.1500,0.0001,4618,1,4,
91.4940,14544,290925,2558,1936,0,0,1,0.0000,0.0000,0.1500,0.0000,-0.0000,0.0000,0.1500,0.0001,4619,1,4,
91.5139,14545,290945,2558,1936,0,0,1,0.0000,0.0000,0.1500,0.0000,-0.0000,0.0000,0.1500,0.0000,4620,1,4,
91.5339,14546,290965,2558,1936,0,0,1,0.0000,0.0000,0.1500,0.0000,-0.0000,0.0000,0.1500,0.0000,4621,1,4,
91.5539,14547,290985,2558,1936,0,0,1,0.0000,0.0000,0.1500,0.0000,-0.0000,0.0000,0.1500,0.0000,4622,1,4,
91.5740,14548,291005,2558,1936,0,0,1,0.0000,0.0000,0.1500,0.0000,-0.0000,0.0000,0.1500,0.0000,4623,1,4,
91.5940,14549,291025,2558,1936,0,0,1,0.0000,0.0000,0.1500,0.0000,-0.0000,0.0000,0.1500,0.0000,4624,1,4,
91.6141,14550,291045,2558,1935,0,0,1,0.0000,0.0000,0.1500,0.0000,-0.0000,0.0000,0.1500,0.0000,4625,1,4,
91.6558,14551,291065,2558,1935,0,0,1,0.0000,0.0000,0.1500,0.0000,-0.0000,0.0000,0.1500,0.0000,4626,1,4,
91.6562,14552,291085,2558,1935,0,0,1,0.0000,0.0000,0.1500,0.0000,-0.0000,0.0000,0.1500,0.0000,4627,1,4,
91.6739,14553,291105,2558,1935,0,0,1,0.0000,0.0000,0.1500,0.0000,-0.0000,0.0000,0.1500,0.0000,4628,1,4,
91.6939,14554,291125,2558,1936,0,0,1,0.0000,0.0000,0.1500,0.0000,-0.0000,0.0000,0.1500,0.0000,4629,1,4,
91.7139,14555,291145,2558,1936,0,0,1,0.0000,0.0000,0.1500,0.0000,-0.0000,0.0000,0.1500,0.0000,4630,1,4,
91.7340,14556,291165,2558,1936,0,0,1,0.0000,0.0000,0.1500,0.0000,-0.0000,0.0000,0.1500,0.0000,4631,1,4,
91.7540,14557,291185,2558,1936,0,0,1,0.0000,0.0000,0.1500,0.0000,-0.0000,0.0000,0.1500,0.0000,4632,1,4,
91.7739,14558,291205,2558,1936,0,0,1,0.0000,0.0000,0.1500,0.0000,-0.0000,0.0000,0.1500,0.0000,4633,1,4,
91.7939,14559,291225,2558,1936,0,0,1,0.0000,0.0000,0.1500,0.0000,-0.0000,0.0000,0.1500,0.0000,4634,1,4,
91.8140,14560,291245,2558,1936,0,0,1,0.0000,0.0000,0.1500,0.0000,-0.0000,0.0000,0.1500,0.0000,4635,1,4,
91.8339,14561,291265,2560,1936,0,0,1,0.0000,0.0000,0.1500,0.0000,-0.0000,0.0000,0.1500,0.0000,4636,1,4,
91.8540,14562,291285,2559,1937,0,0,1,0.0000,0.0000,0.1500,0.0000,-0.0000,0.0000,0.1500,0.0000,4637,1,4,
91.8740,14563,291305,2559,1936,0,0,1,0.0000,0.0000,0.1500,0.0000,-0.0000,0.0000,0.1500,0.0000,4638,1,4,
91.9059,14564,291325,2559,1936,0,0,1,0.0000,0.0000,0.1500,0.0000,-0.0000,0.0000,0.1500,0.0000,4639,1,4,
91.9140,14565,291345,2559,1936,0,0,1,0.0000,0.0000,0.1500,0.0000,-0.0000,0.0000,0.1500,0.0000,4640,1,4,
91.9339,14566,291365,2559,1936,0,0,1,0.0000,0.0000,0.1500,0.0000,-0.0000,0.0000,0.1500,0.0000,4641,1,4,
91.9540,14567,291385,2558,1936,0,0,1,0.0000,0.0000,0.1500,0.0000,-0.0000,0.0000,0.1500,0.0000,4642,1,4,
91.9739,14568,291405,2558,1936,0,0,1,0.0000,0.0000,0.1500,0.0000,-0.0000,0.0000,0.1500,0.0000,4643,1,4,
91.9940,14569,291425,2558,1936,0,0,1,0.0000,0.0000,0.1500,0.0000,-0.0000,0.0000,0.1500,0.0000,4644,1,4,
92.0140,14570,291445,2559,1936,0,0,1,0.0000,0.0000,0.1500,0.0000,-0.0000,0.0000,0.1500,0.0000,4645,1,4,
92.0340,14571,291465,2559,1937,0,0,1,0.0000,0.0000,0.1500,0.0000,-0.0000,0.0000,0.1500,0.0000,4646,1,4,
92.0539,14572,291485,2559,1937,0,0,1,0.0000,0.0000,0.1500,0.0000,-0.0000,0.0000,0.1500,0.0000,4647,1,4,
92.0739,14573,291505,2559,1937,0,0,1,0.0000,0.0000,0.1500,0.0000,-0.0000,0.0000,0.1500,0.0000,4648,1,4,
92.0939,14574,291525,2558,1936,0,0,1,0.0000,0.0000,0.1500,0.0000,-0.0000,0.0000,0.1500,0.0000,4649,1,4,
92.1139,14575,291545,2558,1936,0,0,1,0.0000,0.0000,0.1500,0.0000,-0.0000,0.0000,0.1500,0.0000,4650,1,4,
92.1339,14576,291565,2558,1936,0,0,1,0.0000,0.0000,0.1500,0.0000,-0.0000,0.0000,0.1500,0.0000,4651,1,4,
92.1629,14577,291585,2558,1936,0,0,1,0.0000,0.0000,0.1500,0.0000,-0.0000,0.0000,0.1500,0.0000,4652,1,4,2.05
92.1741,14578,291605,2558,1936,0,0,1,0.0000,0.0000,0.1500,0.0000,-0.0000,0.0000,0.1500,0.0000,4653,1,4,
92.1940,14579,291625,2558,1936,0,0,1,0.0000,0.0000,0.1500,0.0000,-0.0000,0.0000,0.1500,0.0000,4654,1,4,
92.2140,14580,291645,2558,1936,0,0,1,0.0000,0.0000,0.1500,0.0000,-0.0000,0.0000,0.1500,0.0000,4655,1,4,
92.2339,14581,291665,2558,1936,0,0,1,0.0000,0.0000,0.1500,0.0000,-0.0000,0.0000,0.1500,0.0000,4656,1,4,
92.2540,14582,291685,2558,1936,0,0,1,0.0000,0.0000,0.1500,0.0000,-0.0000,0.0000,0.1500,0.0000,4657,1,4,
92.2739,14583,291705,2558,1936,0,0,1,0.0000,0.0000,0.1500,0.0000,-0.0000,0.0000,0.1500,0.0000,4658,1,4,
92.2941,14584,291725,2558,1936,0,0,1,0.0000,0.0000,0.1500,0.0000,-0.0000,0.0000,0.1500,0.0000,4659,1,4,
92.3139,14585,291745,2558,1937,0,0,1,0.0000,0.0000,0.1500,0.0000,-0.0000,0.0000,0.1500,0.0000,4660,1,4,
92.3340,14586,291765,2558,1937,0,0,1,0.0000,0.0000,0.1500,0.0000,-0.0000,0.0000,0.1500,0.0000,4661,1,4,
92.3539,14587,291785,2558,1937,0,0,1,0.0000,0.0000,0.1500,0.0000,-0.0000,0.0000,0.1500,0.0000,4662,1,4,
92.3740,14588,291805,2558,1937,0,0,1,0.0000,0.0000,0.1500,0.0000,-0.0000,0.0000,0.1500,0.0000,4663,1,4,
92.3990,14589,291825,2558,1937,0,0,1,0.0000,0.0000,0.1500,0.0000,-0.0000,0.0000,0.1500,0.0000,4664,1,4,
92.4199,14590,291845,2558,1936,0,0,1,0.0000,0.0000,0.1500,0.0000,-0.0000,0.0000,0.1500,0.0000,4665,1,4,
92.4339,14591,291865,2558,1936,0,0,1,0.0000,0.0000,0.1500,0.0000,-0.0000,0.0000,0.1500,0.0000,4666,1,4,
92.4540,14592,291885,2558,1935,0,0,1,0.0000,0.0000,0.1500,0.0000,-0.0000,0.0000,0.1500,0.0000,4667,1,4,
92.4739,14593,291905,2558,1936,0,0,1,0.0000,0.0000,0.1500,0.0000,-0.0000,0.0000,0.1500,0.0000,4668,1,4,
92.4940,14594,291925,2558,1936,0,0,1,0.0000,0.0000,0.1500,0.0000,-0.0000,0.0000,0.1500,0.0000,4669,1,4,
92.5140,14595,291945,2558,1936,0,0,1,0.0000,0.0000,0.1500,0.0000,-0.0000,0.0000,0.1500,0.0000,4670,1,4,
92.5340,14596,291965,2558,1936,0,0,1,0.0000,0.0000,0.1500,0.0000,-0.0000,0.0000,0.1500,0.0000,4671,1,4,
92.5538,14597,291985,2558,1936,0,0,1,0.0000,0.0000,0.1500,0.0000,-0.0000,0.0000,0.1500,0.0000,4672,1,4,
92.5739,14598,292005,2558,1936,0,0,1,0.0000,0.0000,0.1500,0.0000,-0.0000,0.0000,0.1500,0.0000,4673,1,4,
92.5939,14599,292025,2558,1936,0,0,1,0.0000,0.0000,0.1500,0.0000,-0.0000,0.0000,0.1500,0.0000,4674,1,4,
92.6140,14600,292045,2559,1936,0,0,1,0.0000,0.0000,0.1500,0.0000,-0.0000,0.0000,0.1500,0.0000,4675,1,4,
92.6339,14601,292065,2559,1936,0,0,1,0.0000,0.0000,0.1500,0.0500,-0.0000,0.0000,0.1500,0.0003,4676,1,4,
92.6628,14602,292085,2559,1936,0,0,1,0.0000,0.0000,0.1500,0.0500,-0.0000,0.0000,0.1500,0.0035,4677,1,4,
92.6739,14603,292105,2559,1936,0,0,1,0.0000,0.0000,0.1500,0.0500,-0.0000,0.0000,0.1500,0.0052,4678,1,4,
92.6939,14604,292125,2559,1936,0,0,1,0.0000,0.0000,0.1500,0.0500,-0.0000,0.0000,0.1500,0.0156,4679,1,4,
92.7139,14605,292145,2559,1936,0,0,1,0.0000,0.0000,0.1500,0.0500,-0.0000,0.0000,0.1500,0.0240,4680,1,4,
92.7339,14606,292165,2559,1935,0,0,1,0.0000,0.0000,0.1500,0.0500,-0.0000,0.0000,0.1500,0.0340,4681,1,4,
92.7540,14607,292185,2558,1935,0,0,1,0.0000,0.0000,0.1500,0.0500,-0.0000,-0.0000,0.1500,0.0395,4682,1,4,
92.7741,14608,292205,2558,1936,0,0,1,0.0000,0.0000,0.1500,0.0500,-0.0000,-0.0000,0.1500,0.0438,4683,1,4,
92.7940,14609,292225,2557,1936,0,0,1,0.0000,0.0000,0.1500,0.0500,-0.0000,-0.0000,0.1500,0.0459,4684,1,4,
92.8139,14610,292245,2558,1936,0,0,1,0.0000,0.0000,0.1500,0.0500,-0.0000,-0.0000,0.1500,0.0473,4685,1,4,
92.8339,14611,292265,2558,1936,0,0,1,0.0000,0.0000,0.1500,0.0500,-0.0000,-0.0000,0.1500,0.0484,4686,1,4,
92.8540,14612,292285,2558,1935,0,0,1,0.0000,0.0000,0.1500,0.0500,-0.0000,-0.0000,0.1500,0.0490,4687,1,4,
92.8739,14613,292305,2558,1936,0,0,1,0.0000,0.0000,0.1500,0.0500,-0.0000,-0.0000,0.1500,0.0494,4688,1,4,
92.8940,14614,292325,2558,1936,0,0,1,0.0000,0.0000,0.1500,0.0500,-0.0000,-0.0000,0.1500,0.0496,4689,1,4,
92.9198,14615,292345,2558,1936,0,0,1,0.0000,0.0000,0.1500,0.0500,-0.0000,-0.0000,0.1500,0.0497,4690,1,4,
92.9340,14616,292365,2558,1936,0,0,1,0.0000,0.0000,0.1500,0.0500,-0.0000,-0.0000,0.1500,0.0498,4691,1,4,
92.9539,14617,292385,2558,1936,0,0,1,0.0000,0.0000,0.1500,0.0500,-0.0000,-0.0000,0.1500,0.0498,4692,1,4,
92.9740,14618,292405,2558,1936,0,0,1,0.0000,0.0000,0.1500,0.0500,-0.0000,-0.0000,0.1500,0.0499,4693,1,4,
92.9939,14619,292425,2558,1936,0,0,1,0.0000,0.0000,0.1500,0.0500,-0.0000,-0.0000,0.1500,0.0499,4694,1,4,
93.0139,14620,292445,2558,1936,0,0,1,0.0000,0.0000,0.1500,0.0500,-0.0000,-0.0000,0.1500,0.0500,4695,1,4,
93.0340,14621,292465,2558,1936,0,0,1,0.0000,0.0000,0.1500,0.0500,-0.0000,-0.0000,0.1500,0.0500,4696,1,4,
93.0541,14622,292485,2558,1936,16,0,1,0.0000,0.0000,0.1500,0.0500,-0.0000,-0.0000,0.1500,0.0500,4697,1,4,
93.0741,14623,292505,2558,1936,48,0,1,0.0000,0.0000,0.1500,0.0500,-0.0000,-0.0000,0.1500,0.0500,4698,1,4,
93.0941,14624,292525,2558,1936,92,0,1,0.0000,0.0000,0.1500,0.0500,-0.0000,-0.0000,0.1500,0.0500,4699,1,4,
93.1141,14625,292545,2558,1936,141,0,1,0.0000,0.0000,0.1500,0.0500,-0.0000,-0.0000,0.1500,0.0500,4700,1,4,
93.1342,14626,292565,2558,1936,196,0,1,0.0000,0.0000,0.1500,0.0500,-0.0000,-0.0000,0.1500,0.0500,4701,1,4,
93.1768,14628,292605,2558,1936,309,0,1,0.0000,0.0000,0.1500,0.0500,-0.0000,-0.0000,0.1500,0.0500,4703,1,4,13.82
93.1942,14629,292625,2558,1936,367,0,1,0.0000,0.0000,0.1500,0.0500,-0.0000,-0.0000,0.1500,0.0500,4704,1,4,
93.2142,14630,292645,2558,1936,427,0,1,0.0000,0.0000,0.1500,0.0500,-0.0000,-0.0000,0.1500,0.0500,4705,1,4,
93.2341,14631,292665,2558,1936,484,0,1,0.0000,0.0000,0.1500,0.0500,-0.0000,-0.0000,0.1500,0.0500,4706,1,4,
93.2541,14632,292685,2558,1935,535,0,1,0.0000,0.0000,0.1500,0.0500,-0.0000,-0.0000,0.1500,0.0500,4707,1,4,
93.2741,14633,292705,2558,1935,583,0,1,0.0000,0.0000,0.1500,0.0500,-0.0000,-0.0000,0.1500,0.0500,4708,1,4,
93.2942,14634,292725,2558,1935,628,0,1,0.0000,0.0000,0.1500,0.0500,-0.0000,-0.0000,0.1500,0.0500,4709,1,4,
93.3141,14635,292745,2558,1935,667,0,1,0.0000,0.0000,0.1500,0.0500,-0.0000,-0.0000,0.1500,0.0500,4710,1,4,
93.3342,14636,292765,2558,1935,702,0,1,0.0000,0.0000,0.1500,0.0500,-0.0000,-0.0000,0.1500,0.0500,4711,1,4,
93.3541,14637,292785,2558,1936,735,0,1,0.0000,0.0000,0.1500,0.0500,-0.0000,-0.0000,0.1500,0.0500,4712,1,4,
93.3742,14638,292805,2558,1936,764,0,1,0.0000,0.0000,0.1500,0.0500,-0.0000,-0.0000,0.1500,0.0500,4713,1,4,
93.3942,14639,292825,2558,1936,794,0,1,0.0000,0.0000,0.1500,0.0500,-0.0000,-0.0000,0.1500,0.0500,4714,1,4,
93.4265,14640,292845,2558,1936,824,0,1,0.0000,0.0000,0.1500,0.0500,-0.0000,-0.0000,0.1500,0.0500,4715,1,4,
93.4341,14641,292865,2557,1936,851,0,1,0.0000,0.0000,0.1500,0.0500,-0.0000,-0.0000,0.1500,0.0500,4716,1,4,
93.4541,14642,292885,2557,1936,876,0,1,0.0000,0.0000,0.1500,0.0500,-0.0000,-0.0000,0.1500,0.0500,4717,1,4,
93.4742,14643,292905,2557,1936,901,0,1,0.0000,0.0000,0.1500,0.0500,-0.0000,-0.0000,0.1500,0.0500,4718,1,4,
93.4941,14644,292925,2558,1936,924,0,1,0.0000,0.0000,0.1500,0.0500,-0.0000,-0.0000,0.1500,0.0500,4719,1,4,
93.5142,14645,292945,2558,1936,945,0,1,0.0000,0.0000,0.1500,0.0500,-0.0000,-0.0000,0.1500,0.0500,4720,1,4,
93.5342,14646,292965,2558,1936,965,0,1,0.0000,0.0000,0.1500,0.0500,-0.0000,-0.0000,0.1500,0.0500,4721,1,4,
93.5542,14647,292985,2559,1936,980,0,1,0.0000,0.0000,0.1500,0.0500,-0.0000,-0.0000,0.1500,0.0500,4722,1,4,
93.5742,14648,293005,2559,1936,994,0,1,0.0000,0.0000,0.1500,0.0500,-0.0000,-0.0000,0.1500,0.0500,4723,1,4,
93.5943,14649,293025,2559,1936,1004,0,1,0.0000,0.0000,0.1500,0.0500,-0.0000,-0.0000,0.1500,0.0500,4724,1,4,
93.6142,14650,293045,2559,1936,1011,0,1,0.0000,0.0000,0.1500,0.0500,-0.0000,-0.0000,0.1500,0.0500,4725,1,4,
93.6343,14651,293065,2559,1936,1015,0,1,0.0000,0.0000,0.1500,0.0500,-0.0000,-0.0000,0.1500,0.0500,4726,1,4,
93.6542,14652,293085,2559,1936,1017,0,1,0.0000,0.0000,0.1500,0.0500,-0.0000,-0.0000,0.1500,0.0500,4727,1,4,
93.6836,14653,293105,2559,1936,1017,0,1,0.0000,0.0000,0.1500,0.0500,-0.0000,-0.0000,0.1500,0.0500,4728,1,4,
93.6942,14654,293125,2559,1936,1013,0,1,0.0000,0.0000,0.1500,0.0500,-0.0000,-0.0000,0.1500,0.0500,4729,1,4,
93.7143,14655,293145,2558,1936,1000,0,1,0.0000,0.0000,0.1500,0.0500,-0.0000,-0.0000,0.1500,0.0500,4730,1,4,
93.7341,14656,293165,2558,1936,983,0,1,0.0000,0.0000,0.1500,0.0500,-0.0000,-0.0000,0.1500,0.0500,4731,1,4,
93.7541,14657,293185,2558,1936,960,0,1,0.0000,0.0000,0.1500,0.0500,-0.0000,-0.0000,0.1500,0.0500,4732,1,4,
93.7742,14658,293205,2558,1936,934,0,1,0.0000,0.0000,0.1500,0.0500,-0.0000,-0.0000,0.1500,0.0500,4733,1,4,
93.7941,14659,293225,2558,1936,904,0,1,0.0000,0.0000,0.1500,0.0500,-0.0000,-0.0000,0.1500,0.0500,4734,1,4,
93.8141,14660,293245,2558,1936,870,0,1,0.0000,0.0000,0.1500,0.0500,-0.0000,-0.0000,0.1500,0.0500,4735,1,4,
93.8342,14661,293265,2558,1936,835,0,1,0.0000,0.0000,0.1500,0.0500,-0.0000,-0.0000,0.1500,0.0500,4736,1,4,
93.8541,14662,293285,2558,1936,800,0,1,0.0000,0.0000,0.1500,0.0500,-0.0000,-0.0000,0.1500,0.0500,4737,1,4,
93.8741,14663,293305,2558,1936,763,0,1,0.0000,0.0000,0.1500,0.0500,-0.0000,-0.0000,0.1500,0.0500,4738,1,4,
93.8941,14664,293325,2558,1936,725,0,1,0.0000,0.0000,0.1500,0.0500,-0.0000,-0.0000,0.1500,0.0500,4739,1,4,
93.9342,14666,293365,2558,1936,647,0,1,0.0000,0.0000,0.1500,0.0500,-0.0000,-0.0000,0.1500,0.0500,4741,1,4,
93.9541,14667,293385,2558,1936,606,0,1,0.0000,0.0000,0.1500,0.0500,-0.0000,-0.0000,0.1500,0.0500,4742,1,4,
93.9742,14668,293405,2558,1936,567,0,1,0.0000,0.0000,0.1500,0.0500,-0.0000,-0.0000,0.1500,0.0500,4743,1,4,
93.9942,14669,293425,2558,1936,523,0,1,0.0000,0.0000,0.1500,0.0500,-0.0000,-0.0000,0.1500,0.0500,4744,1,4,
94.0142,14670,293445,2558,1936,480,0,1,0.0000,0.0000,0.1500,0.0500,-0.0000,-0.0000,0.1500,0.0500,4745,1,4,
94.0341,14671,293465,2558,1936,439,0,1,0.0000,0.0000,0.1500,0.0500,-0.0000,-0.0000,0.1500,0.0500,4746,1,4,
94.0542,14672,293485,2558,1936,402,0,1,0.0000,0.0000,0.1500,0.0500,-0.0000,-0.0000,0.1500,0.0500,4747,1,4,
94.0741,14673,293505,2558,1936,369,0,1,0.0000,0.0000,0.1500,0.0500,-0.0000,-0.0000,0.1500,0.0500,4748,1,4,
94.0942,14674,293525,2557,1936,339,0,1,0.0000,0.0000,0.1500,0.0500,-0.0000,-0.0000,0.1500,0.0500,4749,1,4,
94.1141,14675,293545,2558,1936,314,0,1,0.0000,0.0000,0.1500,0.0500,-0.0000,-0.0000,0.1500,0.0500,4750,1,4,
94.1342,14676,293565,2558,1936,293,0,1,0.0000,0.0000,0.0000,0.0500,-0.0000,-0.0000,0.1497,0.0500,4751,1,4,
94.1542,14677,293585,2558,1936,277,0,1,0.0000,0.0000,0.0000,0.0500,-0.0000,-0.0000,0.1448,0.0500,4752,1,4,
94.1904,14678,293605,2558,1936,265,0,1,0.0000,0.0000,0.0000,0.0500,-0.0000,-0.0000,0.1386,0.0500,4753,1,4,7.03
94.1943,14679,293625,2558,1936,256,0,1,0.0000,0.0000,0.0000,0.0500,-0.0000,-0.0000,0.1365,0.0500,4754,1,4,
94.2142,14680,293645,2558,1936,249,0,1,0.0000,0.0000,0.0000,0.0500,-0.0000,-0.0000,0.1261,0.0500,4755,1,4,
94.2342,14681,293665,2558,1935,245,0,1,0.0000,0.0000,0.0000,0.0500,-0.0000,-0.0000,0.1178,0.0500,4756,1,4,
94.2541,14682,293685,2558,1935,243,0,1,0.0000,0.0000,0.0000,0.0500,-0.0000,-0.0000,0.1074,0.0500,4757,1,4,
94.2742,14683,293705,2558,1935,241,0,1,0.0000,0.0000,0.0000,0.0500,-0.0000,-0.0000,0.0990,0.0500,4758,1,4,
94.2942,14684,293725,2558,1935,240,0,1,0.0000,0.0000,0.0000,0.0500,-0.0000,-0.0000,0.0907,0.0500,4759,1,4,
94.3154,14685,293745,2558,1935,239,0,1,0.0000,0.0000,0.0000,0.0500,-0.0000,-0.0000,0.0803,0.0500,4760,1,4,
94.3342,14686,293765,2558,1935,239,0,1,0.0000,0.0000,0.0000,0.0500,-0.0000,-0.0000,0.0720,0.0500,4761,1,4,
94.3541,14687,293785,2558,1936,238,0,1,0.0000,0.0000,0.0000,0.0500,-0.0000,-0.0000,0.0615,0.0500,4762,1,4,
94.3742,14688,293805,2558,1936,238,0,1,0.0000,0.0000,0.0000,0.0500,-0.0000,-0.0000,0.0532,0.0500,4763,1,4,
94.3942,14689,293825,2558,1936,238,0,1,0.0000,0.0000,0.0000,0.0500,-0.0000,-0.0000,0.0428,0.0500,4764,1,4,
94.4141,14690,293845,2558,1936,238,0,1,0.0000,0.0000,0.0000,0.0500,-0.0000,-0.0000,0.0345,0.0500,4765,1,4,
94.4473,14691,293865,2558,1936,238,0,1,0.0000,0.0000,0.0000,0.0500,-0.0000,-0.0000,0.0282,0.0500,4766,1,4,
94.4541,14692,293885,2558,1936,238,0,1,0.0000,0.0000,0.0000,0.0500,-0.0000,-0.0000,0.0261,0.0500,4767,1,4,
94.4742,14693,293905,2558,1936,238,0,1,0.0000,0.0000,0.0000,0.0500,-0.0000,-0.0000,0.0178,0.0500,4768,1,4,
94.4960,14694,293925,2558,1937,238,0,1,0.0000,0.0000,0.0000,0.0500,-0.0000,-0.0000,0.0075,0.0500,4769,1,4,
94.5142,14695,293945,2558,1936,238,0,1,0.0000,0.0000,0.0000,0.0500,-0.0000,0.0000,-0.0007,0.0500,4770,1,4,
94.5341,14696,293965,2558,1936,238,0,1,0.0000,0.0000,0.0000,0.0500,-0.0000,0.0000,-0.0002,0.0500,4771,1,4,
94.5542,14697,293985,2558,1936,238,0,1,0.0000,0.0000,0.0000,0.0500,-0.0000,0.0000,-0.0001,0.0500,4772,1,4,
94.5741,14698,294005,2559,1936,238,0,1,0.0000,0.0000,0.0000,0.0500,-0.0000,0.0000,-0.0000,0.0500,4773,1,4,
94.5942,14699,294025,2558,1936,238,0,1,0.0000,0.0000,0.0000,0.0500,-0.0000,0.0000,-0.0000,0.0500,4774,1,4,
94.6142,14700,294045,2558,1936,238,0,1,0.0000,0.0000,0.0000,0.0500,-0.0000,0.0000,-0.0000,0.0500,4775,1,4,
94.6342,14701,294065,2558,1935,238,0,1,0.0000,0.0000,0.0000,0.0500,-0.0000,0.0000,-0.0000,0.0500,4776,1,4,
94.6542,14702,294085,2558,1935,238,0,1,0.0000,0.0000,0.0000,0.0500,-0.0000,0.0000,-0.0000,0.0500,4777,1,4,
94.6835,14703,294105,2558,1935,238,0,1,0.0000,0.0000,0.0000,0.0500,-0.0000,0.0000,-0.0000,0.0500,4778,1,4,
94.6941,14704,294125,2558,1936,238,0,1,0.0000,0.0000,0.0000,0.0500,-0.0000,0.0000,-0.0000,0.0500,4779,1,4,
94.7141,14705,294145,2558,1936,238,0,1,0.0000,0.0000,0.0000,0.0500,-0.0000,0.0000,-0.0000,0.0500,4780,1,4,
94.7341,14706,294165,2558,1936,238,0,1,0.0000,0.0000,0.0000,0.0500,-0.0000,0.0000,-0.0000,0.0500,4781,1,4,
94.7542,14707,294185,2558,1936,238,0,1,0.0000,0.0000,0.0000,0.0500,-0.0000,0.0000,-0.0000,0.0500,4782,1,4,
94.7741,14708,294205,2558,1936,238,0,1,0.0000,0.0000,0.0000,0.0500,-0.0000,0.0000,-0.0000,0.0500,4783,1,4,
94.7942,14709,294225,2558,1936,238,0,1,0.0000,0.0000,0.0000,0.0500,-0.0000,0.0000,-0.0000,0.0500,4784,1,4,
94.8141,14710,294245,2558,1937,238,0,1,0.0000,0.0000,0.0000,0.0500,-0.0000,0.0000,-0.0000,0.0500,4785,1,4,
94.8342,14711,294265,2558,1937,238,0,1,0.0000,0.0000,0.0000,0.0500,-0.0000,0.0000,-0.0000,0.0500,4786,1,4,
94.8541,14712,294285,2558,1936,238,0,1,0.0000,0.0000,0.0000,0.0500,-0.0000,0.0000,-0.0000,0.0500,4787,1,4,
94.8742,14713,294305,2558,1936,238,0,1,0.0000,0.0000,0.0000,0.0500,-0.0000,0.0000,-0.0000,0.0500,4788,1,4,
94.8941,14714,294325,2558,1936,238,0,1,0.0000,0.0000,0.0000,0.0500,-0.0000,0.0000,-0.0000,0.0500,4789,1,4,
94.9141,14715,294345,2558,1936,238,0,1,0.0000,0.0000,0.0000,0.0500,-0.0000,0.0000,-0.0000,0.0500,4790,1,4,
94.9405,14716,294365,2558,1936,239,0,1,0.0000,0.0000,0.0000,0.0500,-0.0000,0.0000,-0.0000,0.0500,4791,1,4,
94.9542,14717,294385,2558,1936,239,0,1,0.0000,0.0000,0.0000,0.0500,-0.0000,0.0000,-0.0000,0.0500,4792,1,4,
94.9742,14718,294405,2558,1936,239,0,1,0.0000,0.0000,0.0000,0.0500,-0.0000,0.0000,-0.0000,0.0500,4793,1,4,
94.9942,14719,294425,2558,1936,238,0,1,0.0000,0.0000,0.0000,0.0500,-0.0000,0.0000,-0.0000,0.0500,4794,1,4,
95.0142,14720,294445,2558,1936,238,0,1,0.0000,0.0000,0.0000,0.0500,-0.0000,0.0000,-0.0000,0.0500,4795,1,4,
95.0342,14721,294465,2558,1936,238,0,1,0.0000,0.0000,0.0000,0.0500,-0.0000,0.0000,-0.0000,0.0500,4796,1,4,
95.0542,14722,294485,2558,1936,238,0,1,0.0000,0.0000,0.0000,0.0500,-0.0000,0.0000,-0.0000,0.0500,4797,1,4,
95.0741,14723,294505,2558,1936,238,0,1,0.0000,0.0000,0.0000,0.0500,-0.0000,0.0000,-0.0000,0.0500,4798,1,4,
95.0941,14724,294525,2558,1936,238,0,1,0.0000,0.0000,0.0000,0.0500,-0.0000,0.0000,-0.0000,0.0500,4799,1,4,
95.1142,14725,294545,2558,1936,238,0,1,0.0000,0.0000,0.0000,0.0500,-0.0000,0.0000,-0.0000,0.0500,4800,1,4,
95.1341,14726,294565,2558,1936,238,0,1,0.0000,0.0000,0.0000,0.0500,-0.0000,0.0000,-0.0000,0.0500,4801,1,4,
95.1542,14727,294585,2558,1936,238,0,1,0.0000,0.0000,0.0000,0.0500,-0.0000,0.0000,-0.0000,0.0500,4802,1,4,
95.1905,14728,294605,2558,1936,238,0,1,0.0000,0.0000,0.0000,0.0500,-0.0000,0.0000,-0.0000,0.0500,4803,1,4,6.88
95.1974,14729,294625,2558,1936,237,0,1,0.0000,0.0000,0.0000,0.0500,-0.0000,0.0000,-0.0000,0.0500,4804,1,4,
95.2142,14730,294645,2558,1936,238,0,1,0.0000,0.0000,0.0000,0.0500,-0.0000,0.0000,-0.0000,0.0500,4805,1,4,
95.2342,14731,294665,2558,1936,238,0,1,0.0000,0.0000,0.0000,0.0500,-0.0000,0.0000,-0.0000,0.0500,4806,1,4,
95.2541,14732,294685,2558,1936,238,0,1,0.0000,0.0000,0.0000,0.0500,-0.0000,0.0000,-0.0000,0.0500,4807,1,4,
95.2741,14733,294705,2558,1936,238,0,1,0.0000,0.0000,0.0000,0.0500,-0.0000,0.0000,-0.0000,0.0500,4808,1,4,
95.2941,14734,294725,2558,1936,238,0,1,0.0000,0.0000,0.0000,0.0500,-0.0000,0.0000,-0.0000,0.0500,4809,1,4,
95.3142,14735,294745,2558,1936,238,0,1,0.0000,0.0000,0.0000,0.0500,-0.0000,0.0000,-0.0000,0.0500,4810,1,4,
95.3342,14736,294765,2559,1936,238,0,1,0.0000,0.0000,0.0000,0.0500,-0.0000,0.0000,-0.0000,0.0500,4811,1,4,
95.3542,14737,294785,2558,1936,238,0,1,0.0000,0.0000,0.0000,0.0500,-0.0000,0.0000,-0.0000,0.0500,4812,1,4,
95.3742,14738,294805,2558,1936,238,0,1,0.0000,0.0000,0.0000,0.0500,-0.0000,0.0000,-0.0000,0.0500,4813,1,4,
95.3941,14739,294825,2558,1936,238,1,1,0.0000,0.0000,0.0000,0.0500,-0.0000,0.0000,-0.0000,0.0500,4814,1,4,
95.4141,14740,294845,2558,1936,237,1,1,0.0000,0.0000,0.0000,0.0500,-0.0000,0.0000,-0.0000,0.0500,4815,1,4,
95.4543,14742,294885,2558,1935,238,1,1,0.0000,0.0000,0.0000,0.0500,-0.0000,0.0000,-0.0000,0.0500,4817,1,4,
95.4742,14743,294905,2558,1935,238,1,1,0.0000,0.0000,0.0000,0.0500,-0.0000,0.0000,-0.0000,0.0500,4818,1,4,
95.4942,14744,294925,2558,1935,238,1,1,0.0000,0.0000,0.0000,0.0500,-0.0000,0.0000,-0.0000,0.0500,4819,1,4,
95.5141,14745,294945,2558,1935,238,1,1,0.0000,0.0000,0.0000,0.0500,-0.0000,0.0000,-0.0000,0.0500,4820,1,4,
95.5341,14746,294965,2558,1935,238,1,1,0.0000,0.0000,0.0000,0.0500,-0.0000,0.0000,-0.0000,0.0500,4821,1,4,
95.5542,14747,294985,2558,1935,238,1,1,0.0000,0.0000,0.0000,0.0500,-0.0000,0.0000,-0.0000,0.0500,4822,1,4,
95.5742,14748,295005,2557,1935,238,1,1,0.0000,0.0000,0.0000,0.0500,-0.0000,0.0000,-0.0000,0.0500,4823,1,4,
95.5942,14749,295025,2559,1936,238,1,1,0.0000,0.0000,0.0000,0.0500,-0.0000,0.0000,-0.0000,0.0500,4824,1,4,
95.6143,14750,295045,2559,1936,238,1,1,0.0000,0.0000,0.0000,0.0500,-0.0000,0.0000,-0.0000,0.0500,4825,1,4,
95.6342,14751,295065,2558,1936,238,1,1,1.0000,0.8000,0.1000,0.0000,0.0063,0.0050,0.0000,0.0512,4826,1,4,
95.6542,14752,295085,2558,1936,238,1,1,1.0000,0.8000,0.1000,0.0000,0.0375,0.0300,0.0001,0.0465,4827,1,4,
95.6767,14753,295105,2558,1936,238,1,1,1.0000,0.8000,0.1000,0.0000,0.0687,0.0550,0.0004,0.0362,4828,1,4,
95.7045,14754,295125,2558,1936,238,1,1,1.0000,0.8000,0.1000,0.0000,0.0813,0.0650,0.0006,0.0321,4829,1,4,
95.7141,14755,295145,2558,1936,238,1,1,1.0000,0.8000,0.1000,0.0000,0.0938,0.0750,0.0008,0.0279,4830,1,4,
95.7342,14756,295165,2558,1936,238,1,1,1.0000,0.8000,0.1000,0.0000,0.1188,0.0950,0.0014,0.0196,4831,1,4,
95.7542,14757,295185,2558,1936,238,1,1,1.0000,0.8000,0.1000,0.0000,0.1500,0.1200,0.0025,0.0116,4832,1,4,
95.7742,14758,295205,2558,1936,238,1,1,1.0000,0.8000,0.1000,0.0000,0.1750,0.1400,0.0037,0.0076,4833,1,4,
95.7941,14759,295225,2558,1936,238,1,1,1.0000,0.8000,0.1000,0.0000,0.2000,0.1600,0.0050,0.0050,4834,1,4,
95.8142,14760,295245,2558,1936,238,1,1,1.0000,0.8000,0.1000,0.0000,0.2313,0.1851,0.0070,0.0029,4835,1,4,
95.8360,14761,295265,2558,1936,238,1,1,1.0000,0.8000,0.1000,0.0000,0.2625,0.2101,0.0093,0.0017,4836,1,4,
95.8542,14762,295285,2558,1936,238,1,1,1.0000,0.8000,0.1000,0.0000,0.2875,0.2301,0.0115,0.0011,4837,1,4,
95.8742,14763,295305,2558,1936,238,1,1,1.0000,0.8000,0.1000,0.0000,0.3125,0.2501,0.0139,0.0007,4838,1,4,
95.8942,14764,295325,2558,1936,238,1,1,1.0000,0.8000,0.1000,0.0000,0.3375,0.2701,0.0166,0.0005,4839,1,4,
95.9141,14765,295345,2558,1936,238,1,1,1.0000,0.8000,0.1000,0.0000,0.3687,0.2951,0.0203,0.0003,4840,1,4,
95.9341,14766,295365,2558,1936,238,1,1,1.0000,0.8000,0.1000,0.0000,0.3937,0.3151,0.0237,0.0002,4841,1,4,
95.9680,14767,295385,2558,1936,238,1,1,1.0000,0.8000,0.1000,0.0000,0.4000,0.3201,0.0246,0.0002,4842,1,4,
95.9742,14768,295405,2558,1936,238,1,1,1.0000,0.8000,0.1000,0.0000,0.4125,0.3301,0.0264,0.0001,4843,1,4,
95.9942,14769,295425,2558,1936,238,1,1,1.0000,0.8000,0.1000,0.0000,0.4375,0.3501,0.0304,0.0001,4844,1,4,
96.0142,14770,295445,2558,1935,238,1,1,1.0000,0.8000,0.1000,0.0000,0.4687,0.3752,0.0358,0.0001,4845,1,4,
96.0341,14771,295465,2558,1935,238,1,1,1.0000,0.8000,0.1000,0.0000,0.4937,0.3952,0.0406,0.0000,4846,1,4,
96.0541,14772,295485,2558,1936,238,1,1,1.0000,0.8000,0.1000,0.0000,0.5250,0.4202,0.0472,0.0000,4847,1,4,
96.0741,14773,295505,2558,1936,238,1,1,1.0000,0.8000,0.1000,0.0000,0.5500,0.4402,0.0530,0.0000,4848,1,4,
96.1002,14774,295525,2558,1936,238,1,1,1.0000,0.8000,0.1000,0.0000,0.5875,0.4702,0.0626,0.0000,4849,1,4,
96.1142,14775,295545,2558,1936,239,1,1,1.0000,0.8000,0.1000,0.0000,0.6062,0.4852,0.0678,0.0000,4850,1,4,
96.1342,14776,295565,2558,1936,238,1,1,1.0000,0.8000,0.1000,0.0000,0.6312,0.5052,0.0753,0.0000,4851,1,4,
96.1542,14777,295585,2558,1936,238,1,1,1.0000,0.8000,0.1000,0.0000,0.6625,0.5302,0.0848,0.0000,4852,1,4,
96.1741,14778,295605,2558,1936,238,1,1,1.0000,0.8000,0.1000,0.0000,0.6875,0.5502,0.0900,0.0000,4853,1,4,
96.2182,14780,295645,2558,1936,238,1,1,1.0000,0.8000,0.1000,0.0000,0.7187,0.5752,0.0941,-0.0000,4855,1,4,14.06
96.2342,14781,295665,2558,1936,238,1,1,1.0000,0.8000,0.1000,0.0000,0.7375,0.5903,0.0957,-0.0000,4856,1,4,
96.2542,14782,295685,2558,1936,238,1,1,1.0000,0.8000,0.1000,0.0000,0.7625,0.6103,0.0972,-0.0000,4857,1,4,
96.2742,14783,295705,2558,1936,238,1,1,1.0000,0.8000,0.1000,0.0000,0.7937,0.6353,0.0983,-0.0000,4858,1,4,
96.2941,14784,295725,2558,1936,238,1,1,1.0000,0.8000,0.1000,0.0000,0.8187,0.6553,0.0989,-0.0000,4859,1,4,
96.3142,14785,295745,2558,1936,238,1,1,1.0000,0.8000,0.1000,0.0000,0.8500,0.6803,0.0994,-0.0000,4860,1,4,
96.3342,14786,295765,2558,1936,238,1,1,1.0000,0.8000,0.1000,0.0000,0.8750,0.7003,0.0996,-0.0000,4861,1,4,
96.3542,14787,295785,2558,1936,238,1,1,1.0000,0.8000,0.1000,0.0000,0.9000,0.7203,0.0997,-0.0000,4862,1,4,
96.3780,14788,295805,2558,1936,238,1,1,1.0000,0.8000,0.1000,0.0000,0.9375,0.7503,0.0999,-0.0000,4863,1,4,
96.3942,14789,295825,2558,1936,238,1,1,1.0000,0.8000,0.1000,0.0000,0.9544,0.7638,0.0999,-0.0000,4864,1,4,
96.4142,14790,295845,2559,1936,238,1,1,1.0000,0.8000,0.1000,0.0000,0.9731,0.7786,0.0999,-0.0000,4865,1,4,
96.4341,14791,295865,2558,1936,238,1,1,1.0000,0.8000,0.1000,0.0000,0.9823,0.7860,0.1000,-0.0000,4866,1,4,
96.4611,14792,295885,2559,1936,238,1,1,1.0000,0.8000,0.1000,0.0000,0.9857,0.7886,0.1000,-0.0000,4867,1,4,
96.4742,14793,295905,2559,1936,238,1,1,1.0000,0.8000,0.1000,0.0000,0.9884,0.7908,0.1000,-0.0000,4868,1,4,
96.4942,14794,295925,2559,1936,238,1,1,1.0000,0.8000,0.1000,0.0000,0.9932,0.7946,0.1000,-0.0000,4869,1,4,
96.5142,14795,295945,2559,1936,238,1,1,1.0000,0.8000,0.1000,0.0000,0.9955,0.7964,0.1000,-0.0000,4870,1,4,
96.5341,14796,295965,2558,1936,238,1,1,1.0000,0.8000,0.1000,0.0000,0.9974,0.7979,0.1000,-0.0000,4871,1,4,
96.5542,14797,295985,2558,1936,238,1,1,1.0000,0.8000,0.1000,0.0000,0.9983,0.7986,0.1000,-0.0000,4872,1,4,
96.5741,14798,296005,2558,1936,238,1,1,1.0000,0.8000,0.1000,0.0000,0.9990,0.7992,0.1000,-0.0000,4873,1,4,
96.5941,14799,296025,2558,1935,238,1,1,1.0000,0.8000,0.1000,0.0000,0.9993,0.7995,0.1000,-0.0000,4874,1,4,
96.6141,14800,296045,2558,1936,238,1,1,1.0000,0.8000,0.1000,0.0000,0.9996,0.7997,0.1000,-0.0000,4875,1,4,
96.6341,14801,296065,2558,1936,238,1,1,1.0000,0.8000,0.1000,0.0000,0.9997,0.7998,0.1000,-0.0000,4876,1,4,
96.6542,14802,296085,2558,1936,238,1,1,1.0000,0.8000,0.1000,0.0000,0.9998,0.7999,0.1000,-0.0000,4877,1,4,
96.6742,14803,296105,2558,1936,238,1,1,1.0000,0.8000,0.1000,0.0000,0.9999,0.7999,0.1000,-0.0000,4878,1,4,
96.7041,14804,296125,2558,1936,238,1,1,1.0000,0.8000,0.1000,0.0000,0.9999,0.8000,0.1000,-0.0000,4879,1,4,
96.7142,14805,296145,2558,1937,238,1,1,1.0000,0.8000,0.1000,0.0000,0.9999,0.8000,0.1000,-0.0000,4880,1,4,
96.7342,14806,296165,2558,1936,238,1,1,1.0000,0.8000,0.1000,0.0000,1.0000,0.8000,0.1000,-0.0000,4881,1,4,
96.7541,14807,296185,2558,1936,238,1,1,1.0000,0.8000,0.1000,0.0000,1.0000,0.8000,0.1000,-0.0000,4882,1,4,
96.7742,14808,296205,2558,1936,238,1,1,1.0000,0.8000,0.1000,0.0000,1.0000,0.8000,0.1000,-0.0000,4883,1,4,
96.7942,14809,296225,2558,1936,238,1,1,1.0000,0.8000,0.1000,0.0000,1.0000,0.8000,0.1000,-0.0000,4884,1,4,
96.8142,14810,296245,2559,1936,238,1,1,1.0000,0.8000,0.1000,0.0000,1.0000,0.8000,0.1000,-0.0000,4885,1,4,
96.8341,14811,296265,2559,1936,238,1,0,0.6434,-0.1122,0.0067,0.0500,0.9937,0.7958,0.0997,-0.0000,4886,1,4,
96.8543,14812,296285,2558,1936,238,1,0,0.6421,-0.1122,0.0067,0.0500,0.9687,0.7758,0.0957,0.0014,4887,1,4,
96.8779,14813,296305,2558,1936,238,1,0,0.6421,-0.1122,0.0067,0.0500,0.9375,0.7508,0.0858,0.0083,4888,1,4,
96.8942,14814,296325,2558,1937,238,1,0,0.6421,-0.1112,0.0067,0.0500,0.9125,0.7308,0.0774,0.0166,4889,1,4,
96.9142,14815,296345,2558,1937,238,1,0,0.6421,-0.1112,0.0067,0.0500,0.8875,0.7108,0.0691,0.0250,4890,1,4,
96.9342,14816,296365,2557,1937,238,1,0,0.6409,-0.1112,0.0067,0.0500,0.8562,0.6858,0.0587,0.0348,4891,1,4,
96.9610,14817,296385,2557,1936,238,1,0,0.6409,-0.1122,0.0067,0.0500,0.8437,0.6758,0.0545,0.0377,4892,1,4,
96.9742,14818,296405,2558,1936,238,1,0,0.6421,-0.1122,0.0067,0.0500,0.8250,0.6609,0.0483,0.0410,4893,1,4,
96.9941,14819,296425,2558,1936,238,1,0,0.6421,-0.1122,0.0067,0.0500,0.8000,0.6409,0.0399,0.0441,4894,1,4,
97.0142,14820,296445,2558,1936,238,1,0,0.6421,-0.1122,0.0067,0.0500,0.7750,0.6209,0.0316,0.0461,4895,1,4,
97.0377,14821,296465,2558,1936,237,1,0,0.6421,-0.1122,0.0067,0.0500,0.7375,0.5909,0.0194,0.0479,4896,1,4,
97.0542,14822,296485,2558,1936,237,1,0,0.6421,-0.1122,0.0067,0.0500,0.7187,0.5759,0.0139,0.0485,4897,1,4,
97.0741,14823,296505,2558,1936,237,1,0,0.6421,-0.1122,0.0067,0.0500,0.6890,0.5509,0.0056,0.0491,4898,1,4,
97.0942,14824,296525,2559,1937,237,1,0,0.6434,-0.1112,0.0067,0.0500,0.6730,0.5309,-0.0004,0.0494,4899,1,4,
97.1141,14825,296545,2559,1936,237,1,0,0.6434,-0.1122,0.0067,0.0500,0.6628,0.5109,0.0001,0.0496,4900,1,4,
97.1341,14826,296565,2559,1936,237,1,0,0.6434,-0.1122,0.0067,0.0500,0.6549,0.4859,0.0015,0.0498,4901,1,4,
97.1542,14827,296585,2559,1936,238,1,0,0.6434,-0.1122,0.0067,0.0500,0.6509,0.4660,0.0031,0.0499,4902,1,4,
97.1742,14828,296605,2559,1936,238,1,0,0.6434,-0.1122,0.0067,0.0500,0.6478,0.4410,0.0046,0.0499,4903,1,4,
97.2251,14830,296645,2558,1935,238,1,0,0.6421,-0.1132,0.0067,0.0500,0.6459,0.4160,0.0055,0.0499,4905,1,4,20.91
97.2341,14831,296665,2558,1935,238,1,0,0.6421,-0.1132,0.0067,0.0500,0.6452,0.4060,0.0057,0.0500,4906,1,4,
97.2541,14832,296685,2558,1935,238,1,0,0.6421,-0.1132,0.0067,0.0500,0.6441,0.3860,0.0061,0.0500,4907,1,4,
97.2742,14833,296705,2558,1935,238,1,0,0.6421,-0.1132,0.0067,0.0500,0.6434,0.3660,0.0063,0.0500,4908,1,4,
97.2942,14834,296725,2558,1936,238,1,0,0.6421,-0.1122,0.0067,0.0500,0.6429,0.3410,0.0065,0.0500,4909,1,4,
97.3142,14835,296745,2558,1936,238,1,0,0.6421,-0.1122,0.0067,0.0500,0.6426,0.3210,0.0065,0.0500,4910,1,4,
97.3342,14836,296765,2558,1936,238,1,0,0.6421,-0.1122,0.0067,0.0500,0.6424,0.2961,0.0066,0.0500,4911,1,4,
97.3569,14837,296785,2558,1936,238,1,0,0.6421,-0.1122,0.0067,0.0500,0.6423,0.2711,0.0067,0.0500,4912,1,4,
97.3741,14838,296805,2558,1936,238,1,0,0.6421,-0.1122,0.0067,0.0500,0.6423,0.2561,0.0067,0.0500,4913,1,4,
97.3942,14839,296825,2559,1936,238,1,0,0.6434,-0.1122,0.0067,0.0500,0.6423,0.2311,0.0067,0.0500,4914,1,4,
97.4142,14840,296845,2559,1936,238,1,0,0.6434,-0.1122,0.0067,0.0500,0.6427,0.2111,0.0067,0.0500,4915,1,4,
97.4342,14841,296865,2559,1936,238,1,0,0.6434,-0.1122,0.0067,0.0500,0.6430,0.1861,0.0067,0.0500,4916,1,4,
97.4750,14843,296905,2559,1936,238,1,0,0.6434,-0.1122,0.0067,0.0500,0.6431,0.1661,0.0067,0.0500,4918,1,4,
97.4941,14844,296925,2559,1936,238,1,0,0.6434,-0.1122,0.0067,0.0500,0.6432,0.1461,0.0067,0.0500,4919,1,4,
97.5141,14845,296945,2559,1936,238,1,0,0.6434,-0.1122,0.0067,0.0500,0.6433,0.1261,0.0067,0.0500,4920,1,4,
97.5342,14846,296965,2559,1936,238,1,0,0.6434,-0.1122,0.0067,0.0500,0.6433,0.1012,0.0067,0.0500,4921,1,4,
97.5541,14847,296985,2558,1936,238,1,0,0.6421,-0.1122,0.0067,0.0500,0.6432,0.0812,0.0067,0.0500,4922,1,4,
97.5791,14848,297005,2558,1935,238,1,0,0.6421,-0.1132,0.0067,0.0500,0.6427,0.0512,0.0067,0.0500,4923,1,4,
97.5942,14849,297025,2558,1935,238,1,0,0.6421,-0.1132,0.0067,0.0500,0.6426,0.0362,0.0067,0.0500,4924,1,4,
97.6141,14850,297045,2558,1936,238,1,0,0.6421,-0.1122,0.0067,0.0500,0.6424,0.0162,0.0067,0.0500,4925,1,4,
97.6342,14851,297065,2558,1936,238,1,0,0.6421,-0.1122,0.0067,0.0500,0.6423,-0.0088,0.0067,0.0500,4926,1,4,
97.6541,14852,297085,2558,1936,238,1,0,0.6421,-0.1122,0.0067,0.0500,0.6422,-0.0288,0.0067,0.0500,4927,1,4,
97.6741,14853,297105,2558,1936,238,1,0,0.6421,-0.1122,0.0067,0.0500,0.6422,-0.0538,0.0067,0.0500,4928,1,4,
97.6942,14854,297125,2558,1936,238,1,0,0.6421,-0.1122,0.0067,0.0500,0.6422,-0.0730,0.0067,0.0500,4929,1,4,
97.7253,14855,297145,2559,1936,238,1,0,0.6434,-0.1122,0.0067,0.0500,0.6423,-0.0804,0.0067,0.0500,4930,1,4,
97.7342,14856,297165,2559,1936,238,1,0,0.6434,-0.1122,0.0067,0.0500,0.6425,-0.0865,0.0067,0.0500,4931,1,4,
97.7542,14857,297185,2558,1936,238,1,0,0.6421,-0.1122,0.0067,0.0500,0.6427,-0.0953,0.0067,0.0500,4932,1,4,
97.7742,14858,297205,2558,1936,238,1,0,0.6421,-0.1122,0.0067,0.0500,0.6425,-0.1011,0.0067,0.0500,4933,1,4,
97.7942,14859,297225,2558,1936,238,1,0,0.6421,-0.1122,0.0067,0.0500,0.6424,-0.1057,0.0067,0.0500,4934,1,4,
97.8142,14860,297245,2559,1936,238,1,0,0.6434,-0.1122,0.0067,0.0500,0.6424,-0.1079,0.0067,0.0500,4935,1,4,
97.8341,14861,297265,2559,1936,238,1,0,0.6434,-0.1122,0.0067,0.0500,0.6428,-0.1097,0.0067,0.0500,4936,1,4,
97.8541,14862,297285,2559,1936,238,1,0,0.6434,-0.1122,0.0067,0.0500,0.6430,-0.1106,0.0067,0.0500,4937,1,4,
97.8741,14863,297305,2559,1936,238,1,0,0.6434,-0.1122,0.0067,0.0500,0.6431,-0.1111,0.0067,0.0500,4938,1,4,
97.8942,14864,297325,2559,1936,238,1,0,0.6434,-0.1122,0.0067,0.0500,0.6432,-0.1116,0.0067,0.0500,4939,1,4,
97.9142,14865,297345,2559,1936,238,1,0,0.6434,-0.1122,0.0067,0.0500,0.6433,-0.1118,0.0067,0.0500,4940,1,4,
97.9341,14866,297365,2559,1936,238,1,0,0.6434,-0.1122,0.0067,0.0500,0.6433,-0.1120,0.0067,0.0500,4941,1,4,
97.9611,14867,297385,2559,1936,238,1,0,0.6434,-0.1122,0.0067,0.0500,0.6434,-0.1121,0.0067,0.0500,4942,1,4,
97.9753,14868,297405,2558,1936,238,1,0,0.6421,-0.1122,0.0067,0.0500,0.6432,-0.1121,0.0067,0.0500,4943,1,4,
97.9942,14869,297425,2559,1936,238,1,0,0.6434,-0.1122,0.0067,0.0500,0.6430,-0.1121,0.0067,0.0500,4944,1,4,
98.0141,14870,297445,2559,1936,238,1,0,0.6434,-0.1122,0.0067,0.0500,0.6431,-0.1122,0.0067,0.0500,4945,1,4,
98.0342,14871,297465,2559,1936,238,1,0,0.6434,-0.1122,0.0067,0.0500,0.6432,-0.1122,0.0067,0.0500,4946,1,4,
98.0542,14872,297485,2558,1936,238,1,0,0.6421,-0.1122,0.0067,0.0500,0.6432,-0.1122,0.0067,0.0500,4947,1,4,
98.0742,14873,297505,2558,1936,238,1,0,0.6421,-0.1122,0.0067,0.0500,0.6428,-0.1122,0.0067,0.0500,4948,1,4,
98.0942,14874,297525,2558,1935,238,1,0,0.6421,-0.1132,0.0067,0.0500,0.6425,-0.1123,0.0067,0.0500,4949,1,4,
98.1142,14875,297545,2558,1935,238,1,0,0.6421,-0.1132,0.0067,0.0500,0.6424,-0.1126,0.0067,0.0500,4950,1,4,
98.1342,14876,297565,2558,1935,238,1,0,0.6421,-0.1132,0.0067,0.0500,0.6423,-0.1129,0.0067,0.0500,4951,1,4,
98.1542,14877,297585,2558,1936,238,1,0,0.6421,-0.1122,0.0067,0.0500,0.6422,-0.1129,0.0067,0.0500,4952,1,4,
98.1742,14878,297605,2558,1936,238,1,0,0.6421,-0.1122,0.0067,0.0500,0.6422,-0.1126,0.0067,0.0500,4953,1,4,
98.1942,14879,297625,2558,1936,237,1,0,0.6421,-0.1122,0.0067,0.0500,0.6422,-0.1125,0.0067,0.0500,4954,1,4,
98.2319,14880,297645,2558,1936,237,1,0,0.6421,-0.1122,0.0067,0.0500,0.6422,-0.1124,0.0067,0.0500,4955,1,4,7.19
98.2342,14881,297665,2558,1936,237,1,0,0.6421,-0.1122,0.0067,0.0500,0.6422,-0.1124,0.0067,0.0500,4956,1,4,
98.2542,14882,297685,2558,1936,238,1,0,0.6421,-0.1122,0.0067,0.0500,0.6422,-0.1123,0.0067,0.0500,4957,1,4,
98.2742,14883,297705,2558,1936,238,1,0,0.6421,-0.1122,0.0067,0.0500,0.6421,-0.1123,0.0067,0.0500,4958,1,4,
98.2941,14884,297725,2558,1936,238,1,0,0.6421,-0.1122,0.0067,0.0500,0.6421,-0.1123,0.0067,0.0500,4959,1,4,
98.3142,14885,297745,2558,1936,238,1,0,0.6421,-0.1122,0.0067,0.0500,0.6421,-0.1123,0.0067,0.0500,4960,1,4,
98.3342,14886,297765,2558,1936,238,1,0,0.6421,-0.1122,0.0067,0.0500,0.6421,-0.1122,0.0067,0.0500,4961,1,4,
98.3542,14887,297785,2558,1936,238,1,0,0.6421,-0.1122,0.0067,0.0500,0.6421,-0.1122,0.0067,0.0500,4962,1,4,
98.3742,14888,297805,2558,1936,238,1,0,0.6421,-0.1122,0.0067,0.0500,0.6421,-0.1122,0.0067,0.0500,4963,1,4,
98.3941,14889,297825,2558,1936,238,1,0,0.6421,-0.1122,0.0067,0.0500,0.6421,-0.1122,0.0067,0.0500,4964,1,4,
98.4142,14890,297845,2558,1935,239,1,0,0.6421,-0.1132,0.0068,0.0500,0.6421,-0.1123,0.0067,0.0500,4965,1,4,
98.4342,14891,297865,2558,1935,239,1,0,0.6421,-0.1132,0.0068,0.0500,0.6421,-0.1126,0.0067,0.0500,4966,1,4,
98.4541,14892,297885,2558,1935,238,1,0,0.6421,-0.1132,0.0067,0.0500,0.6421,-0.1129,0.0067,0.0500,4967,1,4,
98.4819,14893,297905,2558,1935,238,1,0,0.6421,-0.1132,0.0067,0.0500,0.6421,-0.1129,0.0067,0.0500,4968,1,4,
98.4942,14894,297925,2558,1936,238,1,0,0.6421,-0.1122,0.0067,0.0500,0.6421,-0.1129,0.0067,0.0500,4969,1,4,
98.5141,14895,297945,2558,1936,238,1,0,0.6421,-0.1122,0.0067,0.0500,0.6421,-0.1126,0.0067,0.0500,4970,1,4,
98.5342,14896,297965,2558,1936,238,1,0,0.6421,-0.1122,0.0067,0.0500,0.6421,-0.1125,0.0067,0.0500,4971,1,4,
98.5542,14897,297985,2558,1936,238,1,0,0.6421,-0.1122,0.0067,0.0500,0.6421,-0.1124,0.0067,0.0500,4972,1,4,
98.5742,14898,298005,2558,1936,238,1,0,0.6421,-0.1122,0.0067,0.0500,0.6421,-0.1123,0.0067,0.0500,4973,1,4,
98.5942,14899,298025,2559,1936,238,1,0,0.6434,-0.1122,0.0067,0.0500,0.6423,-0.1123,0.0067,0.0500,4974,1,4,
98.6141,14900,298045,2558,1936,238,1,0,0.6421,-0.1122,0.0067,0.0500,0.6426,-0.1123,0.0067,0.0500,4975,1,4,
98.6341,14901,298065,2558,1936,238,1,0,0.6421,-0.1122,0.0067,0.0500,0.6424,-0.1123,0.0067,0.0500,4976,1,4,
98.6542,14902,298085,2558,1936,238,1,0,0.6421,-0.1122,0.0067,0.0500,0.6423,-0.1122,0.0067,0.0500,4977,1,4,
98.6742,14903,298105,2558,1936,238,1,0,0.6421,-0.1122,0.0067,0.0500,0.6423,-0.1122,0.0067,0.0500,4978,1,4,
98.6942,14904,298125,2558,1937,239,1,0,0.6421,-0.1112,0.0068,0.0500,0.6422,-0.1121,0.0067,0.0500,4979,1,4,
98.7386,14906,298165,2559,1936,238,1,0,0.6434,-0.1122,0.0067,0.0500,0.6423,-0.1119,0.0067,0.0500,4981,1,4,
98.7542,14907,298185,2559,1936,238,1,0,0.6434,-0.1122,0.0067,0.0500,0.6427,-0.1120,0.0067,0.0500,4982,1,4,
98.7742,14908,298205,2559,1936,238,1,0,0.6434,-0.1122,0.0067,0.0500,0.6429,-0.1121,0.0067,0.0500,4983,1,4,
98.7942,14909,298225,2559,1936,238,1,0,0.6434,-0.1122,0.0067,0.0500,0.6431,-0.1121,0.0067,0.0500,4984,1,4,
98.8142,14910,298245,2559,1936,238,1,0,0.6434,-0.1122,0.0067,0.0500,0.6432,-0.1122,0.0067,0.0500,4985,1,4,
98.8342,14911,298265,2559,1936,238,1,0,0.6434,-0.1122,0.0067,0.0500,0.6433,-0.1122,0.0067,0.0500,4986,1,4,
98.8542,14912,298285,2559,1936,238,1,0,0.6434,-0.1122,0.0067,0.0500,0.6433,-0.1122,0.0067,0.0500,4987,1,4,
98.8741,14913,298305,2559,1936,238,1,0,0.6434,-0.1122,0.0067,0.0500,0.6434,-0.1122,0.0067,0.0500,4988,1,4,
98.8942,14914,298325,2558,1936,238,1,0,0.6421,-0.1122,0.0067,0.0500,0.6432,-0.1122,0.0067,0.0500,4989,1,4,
98.9142,14915,298345,2558,1936,238,1,0,0.6421,-0.1122,0.0067,0.0500,0.6429,-0.1122,0.0067,0.0500,4990,1,4,
98.9341,14916,298365,2558,1936,238,1,0,0.6421,-0.1122,0.0067,0.0500,0.6426,-0.1122,0.0067,0.0500,4991,1,4,
98.9542,14917,298385,2558,1936,238,1,0,0.6421,-0.1122,0.0067,0.0500,0.6424,-0.1122,0.0067,0.0500,4992,1,4,
98.9888,14918,298405,2558,1936,238,1,0,0.6421,-0.1122,0.0067,0.0500,0.6423,-0.1122,0.0067,0.0500,4993,1,4,
98.9943,14919,298425,2558,1935,238,1,0,0.6421,-0.1132,0.0067,0.0500,0.6423,-0.1123,0.0067,0.0500,4994,1,4,
99.0142,14920,298445,2558,1936,238,1,0,0.6421,-0.1122,0.0067,0.0500,0.6422,-0.1125,0.0067,0.0500,4995,1,4,
99.0342,14921,298465,2558,1936,238,1,0,0.6421,-0.1122,0.0067,0.0500,0.6422,-0.1124,0.0067,0.0500,4996,1,4,
99.0541,14922,298485,2558,1936,238,1,0,0.6421,-0.1122,0.0067,0.0500,0.6422,-0.1123,0.0067,0.0500,4997,1,4,
99.0742,14923,298505,2558,1936,238,1,0,0.6421,-0.1122,0.0067,0.0500,0.6422,-0.1123,0.0067,0.0500,4998,1,4,
99.0942,14924,298525,2558,1936,238,1,0,0.6421,-0.1122,0.0067,0.0500,0.6422,-0.1123,0.0067,0.0500,4999,1,4,
99.1142,14925,298545,2558,1936,238,1,0,0.6421,-0.1122,0.0067,0.0500,0.6421,-0.1123,0.0067,0.0500,5000,1,4,
99.1341,14926,298565,2558,1936,238,1,0,0.6421,-0.1122,0.0067,0.0500,0.6421,-0.1122,0.0067,0.0500,5001,1,4,
99.1541,14927,298585,2558,1936,238,1,0,0.6421,-0.1122,0.0067,0.0500,0.6421,-0.1122,0.0067,0.0500,5002,1,4,
99.1742,14928,298605,2559,1936,238,1,0,0.6434,-0.1122,0.0067,0.0500,0.6423,-0.1122,0.0067,0.0500,5003,1,4,
99.1942,14929,298625,2559,1936,238,1,0,0.6434,-0.1122,0.0067,0.0500,0.6427,-0.1122,0.0067,0.0500,5004,1,4,
99.2142,14930,298645,2559,1936,238,1,0,0.6434,-0.1122,0.0067,0.0500,0.6429,-0.1122,0.0067,0.0500,5005,1,4,
99.2390,14931,298665,2559,1936,238,1,0,0.6434,-0.1122,0.0067,0.0500,0.6430,-0.1122,0.0067,0.0500,5006,1,4,2.41
99.2542,14932,298685,2559,1936,238,1,0,0.6434,-0.1122,0.0067,0.0500,0.6431,-0.1122,0.0067,0.0500,5007,1,4,
99.2742,14933,298705,2559,1936,238,1,0,0.6434,-0.1122,0.0067,0.0500,0.6432,-0.1122,0.0067,0.0500,5008,1,4,
99.2941,14934,298725,2559,1936,238,1,0,0.6434,-0.1122,0.0067,0.0500,0.6433,-0.1122,0.0067,0.0500,5009,1,4,
99.3141,14935,298745,2559,1936,238,1,0,0.6434,-0.1122,0.0067,0.0500,0.6433,-0.1122,0.0067,0.0500,5010,1,4,
99.3342,14936,298765,2559,1936,238,1,0,0.6434,-0.1122,0.0067,0.0500,0.6434,-0.1122,0.0067,0.0500,5011,1,4,
99.3542,14937,298785,2559,1936,238,1,0,0.6434,-0.1122,0.0067,0.0500,0.6434,-0.1122,0.0067,0.0500,5012,1,4,
99.3741,14938,298805,2559,1936,238,1,0,0.6434,-0.1122,0.0067,0.0500,0.6434,-0.1122,0.0067,0.0500,5013,1,4,
99.3942,14939,298825,2559,1936,237,1,0,0.6434,-0.1122,0.0067,0.0500,0.6434,-0.1122,0.0067,0.0500,5014,1,4,
99.4142,14940,298845,2559,1936,238,1,0,0.6434,-0.1122,0.0067,0.0500,0.6434,-0.1122,0.0067,0.0500,5015,1,4,
99.4341,14941,298865,2559,1936,238,1,0,0.6434,-0.1122,0.0067,0.0500,0.6434,-0.1122,0.0067,0.0500,5016,1,4,
99.4542,14942,298885,2559,1936,238,1,0,0.6434,-0.1122,0.0067,0.0500,0.6434,-0.1122,0.0067,0.0500,5017,1,4,
99.4886,14943,298905,2559,1936,238,1,0,0.6434,-0.1122,0.0067,0.0500,0.6434,-0.1122,0.0067,0.0500,5018,1,4,
99.4942,14944,298925,2559,1936,238,1,0,0.6434,-0.1122,0.0067,0.0500,0.6434,-0.1122,0.0067,0.0500,5019,1,4,
99.5142,14945,298945,2558,1936,238,1,0,0.6421,-0.1122,0.0067,0.0500,0.6433,-0.1122,0.0067,0.0500,5020,1,4,
99.5342,14946,298965,2558,1936,237,1,0,0.6421,-0.1122,0.0067,0.0500,0.6429,-0.1122,0.0067,0.0500,5021,1,4,
99.5542,14947,298985,2558,1936,237,1,0,0.6421,-0.1122,0.0067,0.0500,0.6426,-0.1122,0.0067,0.0500,5022,1,4,
99.5742,14948,299005,2558,1936,238,1,0,0.6421,-0.1122,0.0067,0.0500,0.6424,-0.1122,0.0067,0.0500,5023,1,4,
99.5942,14949,299025,2558,1936,238,1,0,0.6421,-0.1122,0.0067,0.0500,0.6423,-0.1122,0.0067,0.0500,5024,1,4,
99.6141,14950,299045,2558,1936,238,1,0,0.6421,-0.1122,0.0067,0.0500,0.6422,-0.1122,0.0067,0.0500,5025,1,4,
99.6341,14951,299065,2558,1936,238,1,0,0.6421,-0.1122,0.0067,0.0500,0.6422,-0.1122,0.0067,0.0500,5026,1,4,
99.6541,14952,299085,2558,1936,238,1,0,0.6421,-0.1122,0.0067,0.0500,0.6422,-0.1122,0.0067,0.0500,5027,1,4,
99.6741,14953,299105,2558,1936,238,1,0,0.6421,-0.1122,0.0067,0.0500,0.6422,-0.1122,0.0067,0.0500,5028,1,4,
99.6941,14954,299125,2558,1936,238,1,0,0.6421,-0.1122,0.0067,0.0500,0.6422,-0.1122,0.0067,0.0500,5029,1,4,
99.7142,14955,299145,2558,1937,238,1,0,0.6421,-0.1112,0.0067,0.0500,0.6421,-0.1121,0.0067,0.0500,5030,1,4,
99.7388,14956,299165,2558,1937,238,1,0,0.6421,-0.1112,0.0067,0.0500,0.6421,-0.1120,0.0067,0.0500,5031,1,4,
99.7542,14957,299185,2558,1937,238,1,0,0.6421,-0.1112,0.0067,0.0500,0.6421,-0.1118,0.0067,0.0500,5032,1,4,
99.7742,14958,299205,2558,1937,238,0,0,0.6421,-0.1112,0.0067,0.0000,0.6421,-0.1116,0.0067,0.0497,5033,1,4,
99.7941,14959,299225,2558,1937,238,0,0,0.6421,-0.1112,0.0067,0.0000,0.6421,-0.1114,0.0067,0.0431,5034,1,4,
99.8141,14960,299245,2558,1937,238,0,0,0.6421,-0.1112,0.0067,0.0000,0.6421,-0.1113,0.0067,0.0348,5035,1,4,
99.8341,14961,299265,2558,1936,238,0,0,0.6421,-0.1122,0.0067,0.0000,0.6421,-0.1114,0.0067,0.0243,5036,1,4,
99.8542,14962,299285,2558,1936,238,0,0,0.6421,-0.1122,0.0067,0.0000,0.6421,-0.1117,0.0067,0.0163,5037,1,4,
99.8741,14963,299305,2558,1936,238,0,0,0.6421,-0.1122,0.0067,0.0000,0.6421,-0.1118,0.0067,0.0107,5038,1,4,
99.8942,14964,299325,2558,1936,238,0,0,0.6421,-0.1122,0.0067,0.0000,0.6421,-0.1120,0.0067,0.0063,5039,1,4,
99.9142,14965,299345,2558,1936,238,0,0,0.6421,-0.1122,0.0067,0.0000,0.6421,-0.1121,0.0067,0.0042,5040,1,4,
99.9343,14966,299365,2558,1936,238,0,0,0.6421,-0.1122,0.0067,0.0000,0.6421,-0.1121,0.0067,0.0025,5041,1,4,
99.9542,14967,299385,2558,1936,238,0,0,0.6421,-0.1122,0.0067,0.0000,0.6421,-0.1122,0.0067,0.0016,5042,1,4,
99.9959,14969,299425,2558,1936,237,0,0,0.6421,-0.1122,0.0067,0.0000,0.6421,-0.1122,0.0067,0.0010,5044,1,4,
100.0142,14970,299445,2557,1936,238,0,0,0.6409,-0.1122,0.0067,0.0000,0.6420,-0.1122,0.0067,0.0006,5045,1,4,
100.0342,14971,299465,2557,1936,238,0,0,0.6409,-0.1122,0.0067,0.0000,0.6416,-0.1122,0.0067,0.0004,5046,1,4,
100.0542,14972,299485,2558,1936,238,0,0,0.6421,-0.1122,0.0067,0.0000,0.6415,-0.1122,0.0067,0.0003,5047,1,4,
100.0742,14973,299505,2559,1936,238,0,0,0.6434,-0.1122,0.0067,0.0000,0.6419,-0.1122,0.0067,0.0002,5048,1,4,
100.0942,14974,299525,2559,1936,238,0,0,0.6434,-0.1122,0.0067,0.0000,0.6424,-0.1122,0.0067,0.0001,5049,1,4,
100.1142,14975,299545,2558,1936,238,0,0,0.6421,-0.1122,0.0067,0.0000,0.6427,-0.1122,0.0067,0.0001,5050,1,4,
100.1342,14976,299565,2558,1936,238,0,0,0.6421,-0.1122,0.0067,0.0000,0.6425,-0.1122,0.0067,0.0000,5051,1,4,
100.1541,14977,299585,2558,1936,238,0,0,0.6421,-0.1122,0.0067,0.0000,0.6423,-0.1122,0.0067,0.0000,5052,1,4,
100.1741,14978,299605,2558,1936,238,0,0,0.6421,-0.1122,0.0067,0.0000,0.6423,-0.1122,0.0067,0.0000,5053,1,4,
100.1942,14979,299625,2558,1936,238,0,0,0.6421,-0.1122,0.0067,0.0000,0.6422,-0.1122,0.0067,0.0000,5054,1,4,
100.2142,14980,299645,2558,1936,238,0,0,0.6421,-0.1122,0.0067,0.0000,0.6422,-0.1122,0.0067,0.0000,5055,1,4,
100.2455,14981,299665,2558,1936,237,0,0,0.6421,-0.1122,0.0067,0.0000,0.6422,-0.1122,0.0067,0.0000,5056,1,4,
100.2544,14982,299685,2558,1936,238,0,0,0.6421,-0.1122,0.0067,0.0000,0.6422,-0.1122,0.0067,0.0000,5057,1,4,2.36
100.2741,14983,299705,2559,1936,238,0,0,0.6434,-0.1122,0.0067,0.0000,0.6423,-0.1122,0.0067,0.0000,5058,1,4,
100.2942,14984,299725,2559,1936,237,0,0,0.6434,-0.1122,0.0067,0.0000,0.6427,-0.1122,0.0067,0.0000,5059,1,4,
100.3142,14985,299745,2558,1936,237,0,0,0.6421,-0.1122,0.0067,0.0000,0.6428,-0.1122,0.0067,0.0000,5060,1,4,
100.3341,14986,299765,2558,1936,237,0,0,0.6421,-0.1122,0.0067,0.0000,0.6426,-0.1122,0.0067,0.0000,5061,1,4,
100.3542,14987,299785,2558,1936,238,0,0,0.6421,-0.1122,0.0067,0.0000,0.6424,-0.1122,0.0067,0.0000,5062,1,4,
100.3743,14988,299805,2558,1936,238,0,0,0.6421,-0.1122,0.0067,0.0000,0.6423,-0.1122,0.0067,0.0000,5063,1,4,
100.3942,14989,299825,2558,1936,238,0,0,0.6421,-0.1122,0.0067,0.0000,0.6423,-0.1122,0.0067,0.0000,5064,1,4,
100.4142,14990,299845,2558,1936,238,0,0,0.6421,-0.1122,0.0067,0.0000,0.6422,-0.1122,0.0067,0.0000,5065,1,4,
100.4342,14991,299865,2558,1936,238,0,0,0.6421,-0.1122,0.0067,0.0000,0.6422,-0.1122,0.0067,0.0000,5066,1,4,
100.4542,14992,299885,2558,1936,238,0,0,0.6421,-0.1122,0.0067,0.0000,0.6422,-0.1122,0.0067,0.0000,5067,1,4,
100.4887,14993,299905,2558,1936,238,0,0,0.6421,-0.1122,0.0067,0.0000,0.6422,-0.1122,0.0067,0.0000,5068,1,4,
100.4956,14994,299925,2558,1936,238,0,0,0.6421,-0.1122,0.0067,0.0000,0.6422,-0.1122,0.0067,0.0000,5069,1,4,
100.5142,14995,299945,2558,1936,236,0,0,0.6421,-0.1122,0.0066,0.0000,0.6421,-0.1122,0.0067,0.0000,5070,1,4,
100.5342,14996,299965,2558,1936,237,0,0,0.6421,-0.1122,0.0067,0.0000,0.6421,-0.1122,0.0067,0.0000,5071,1,4,
100.5542,14997,299985,2558,1936,237,0,0,0.6421,-0.1122,0.0067,0.0000,0.6421,-0.1122,0.0067,0.0000,5072,1,4,
100.5743,14998,300005,2558,1936,237,0,0,0.6421,-0.1122,0.0067,0.0000,0.6421,-0.1122,0.0067,0.0000,5073,1,4,
100.5942,14999,300025,2558,1936,237,0,0,0.6421,-0.1122,0.0067,0.0000,0.6421,-0.1122,0.0067,0.0000,5074,1,4,
100.6142,15000,300045,2558,1936,238,1,0,0.6421,-0.1122,0.0067,0.0500,0.6421,-0.1122,0.0067,0.0004,5075,1,4,
100.6342,15001,300065,2558,1936,238,1,0,0.6421,-0.1122,0.0067,0.0500,0.6421,-0.1122,0.0067,0.0055,5076,1,4,
100.6542,15002,300085,2558,1936,237,1,0,0.6421,-0.1122,0.0067,0.0500,0.6421,-0.1122,0.0067,0.0159,5077,1,4,
100.6742,15003,300105,2558,1936,238,1,0,0.6421,-0.1122,0.0067,0.0500,0.6421,-0.1122,0.0067,0.0242,5078,1,4,
100.6942,15004,300125,2558,1936,238,1,0,0.6421,-0.1122,0.0067,0.0500,0.6421,-0.1122,0.0067,0.0324,5079,1,4,
100.7143,15005,300145,2558,1936,238,1,0,0.6421,-0.1122,0.0067,0.0500,0.6421,-0.1122,0.0067,0.0396,5080,1,4,
100.7524,15006,300165,2558,1936,238,1,0,0.6421,-0.1122,0.0067,0.0500,0.6421,-0.1122,0.0067,0.0424,5081,1,4,
100.7542,15007,300185,2558,1936,238,1,0,0.6421,-0.1122,0.0067,0.0500,0.6421,-0.1122,0.0067,0.0432,5082,1,4,
100.7742,15008,300205,2558,1935,238,1,0,0.6421,-0.1132,0.0067,0.0500,0.6421,-0.1123,0.0067,0.0455,5083,1,4,
100.7942,15009,300225,2558,1935,239,1,0,0.6421,-0.1132,0.0068,0.0500,0.6421,-0.1127,0.0067,0.0474,5084,1,4,
100.8142,15010,300245,2558,1935,238,1,0,0.6421,-0.1132,0.0067,0.0500,0.6421,-0.1129,0.0067,0.0483,5085,1,4,
100.8343,15011,300265,2558,1935,238,1,0,0.6421,-0.1132,0.0067,0.0500,0.6421,-0.1130,0.0067,0.0490,5086,1,4,
100.8542,15012,300285,2558,1935,238,1,0,0.6421,-0.1132,0.0067,0.0500,0.6421,-0.1131,0.0067,0.0493,5087,1,4,
100.8741,15013,300305,2558,1935,238,1,0,0.6421,-0.1132,0.0067,0.0500,0.6421,-0.1131,0.0067,0.0496,5088,1,4,
100.8942,15014,300325,2558,1935,238,1,0,0.6421,-0.1132,0.0067,0.0500,0.6421,-0.1132,0.0067,0.0497,5089,1,4,
100.9142,15015,300345,2558,1935,238,1,0,0.6421,-0.1132,0.0067,0.0500,0.6421,-0.1132,0.0067,0.0498,5090,1,4,
100.9342,15016,300365,2558,1935,238,1,0,0.6421,-0.1132,0.0067,0.0500,0.6421,-0.1132,0.0067,0.0499,5091,1,4,
100.9542,15017,300385,2558,1935,238,1,0,0.6421,-0.1132,0.0067,0.0500,0.6421,-0.1132,0.0067,0.0499,5092,1,4,
100.9742,15018,300405,2558,1935,238,1,0,0.6421,-0.1132,0.0067,0.0500,0.6421,-0.1132,0.0067,0.0500,5093,1,4,
101.0023,15019,300425,2559,1935,238,1,0,0.6434,-0.1132,0.0067,0.0500,0.6423,-0.1132,0.0067,0.0500,5094,1,4,
101.0143,15020,300445,2559,1936,238,1,0,0.6434,-0.1122,0.0067,0.0500,0.6426,-0.1131,0.0067,0.0500,5095,1,4,
101.0342,15021,300465,2559,1936,238,1,0,0.6434,-0.1122,0.0067,0.0500,0.6429,-0.1128,0.0067,0.0500,5096,1,4,
101.0542,15022,300485,2559,1936,238,1,0,0.6434,-0.1122,0.0067,0.0500,0.6431,-0.1126,0.0067,0.0500,5097,1,4,
101.0743,15023,300505,2558,1936,238,1,0,0.6421,-0.1122,0.0067,0.0500,0.6431,-0.1125,0.0067,0.0500,5098,1,4,
101.0942,15024,300525,2558,1937,238,1,0,0.6421,-0.1112,0.0067,0.0500,0.6427,-0.1123,0.0067,0.0500,5099,1,4,
101.1142,15025,300545,2558,1936,238,0,0,0.6421,-0.1122,0.0067,0.0000,0.6425,-0.1120,0.0067,0.0496,5100,1,4,
101.1342,15026,300565,2558,1936,238,0,0,0.6421,-0.1122,0.0067,0.0000,0.6423,-0.1121,0.0067,0.0429,5101,1,4,
101.1542,15027,300585,2558,1936,237,0,0,0.6421,-0.1122,0.0067,0.0000,0.6423,-0.1121,0.0067,0.0346,5102,1,4,
101.1743,15028,300605,2559,1936,237,0,0,0.6434,-0.1122,0.0067,0.0000,0.6423,-0.1122,0.0067,0.0242,5103,1,4,
101.1942,15029,300625,2559,1936,237,0,0,0.6434,-0.1122,0.0067,0.0000,0.6427,-0.1122,0.0067,0.0162,5104,1,4,
101.2143,15030,300645,2559,1936,238,0,0,0.6434,-0.1122,0.0067,0.0000,0.6429,-0.1122,0.0067,0.0106,5105,1,4,
101.2552,15032,300685,2558,1936,238,0,0,0.6421,-0.1122,0.0067,0.0000,0.6430,-0.1122,0.0067,0.0063,5107,1,4,2.86
101.2742,15033,300705,2558,1936,238,0,0,0.6421,-0.1122,0.0067,0.0000,0.6427,-0.1122,0.0067,0.0041,5108,1,4,
101.2942,15034,300725,2558,1935,238,0,0,0.6421,-0.1132,0.0067,0.0000,0.6425,-0.1123,0.0067,0.0024,5109,1,4,
101.3142,15035,300745,2558,1935,238,0,0,0.6421,-0.1132,0.0067,0.0000,0.6424,-0.1126,0.0067,0.0016,5110,1,4,
101.3342,15036,300765,2558,1935,238,0,0,0.6421,-0.1132,0.0067,0.0000,0.6423,-0.1128,0.0067,0.0010,5111,1,4,
101.3542,15037,300785,2558,1935,238,0,0,0.6421,-0.1132,0.0067,0.0000,0.6422,-0.1130,0.0067,0.0006,5112,1,4,
101.3742,15038,300805,2558,1935,238,0,0,0.6421,-0.1132,0.0067,0.0000,0.6422,-0.1131,0.0067,0.0004,5113,1,4,
101.3943,15039,300825,2558,1935,238,0,0,0.6421,-0.1132,0.0067,0.0000,0.6422,-0.1131,0.0067,0.0002,5114,1,4,
101.4142,15040,300845,2558,1935,238,0,0,0.6421,-0.1132,0.0067,0.0000,0.6422,-0.1132,0.0067,0.0002,5115,1,4,
101.4342,15041,300865,2558,1936,238,0,0,0.6421,-0.1122,0.0067,0.0000,0.6422,-0.1131,0.0067,0.0001,5116,1,4,
101.4542,15042,300885,2558,1936,238,0,0,0.6421,-0.1122,0.0067,0.0000,0.6421,-0.1127,0.0067,0.0001,5117,1,4,
101.4741,15043,300905,2558,1936,238,0,0,0.6421,-0.1122,0.0067,0.0000,0.6421,-0.1126,0.0067,0.0000,5118,1,4,
101.5024,15044,300925,2558,1936,238,0,0,0.6421,-0.1122,0.0067,0.0000,0.6421,-0.1125,0.0067,0.0000,5119,1,4,
101.5142,15045,300945,2558,1936,238,0,0,0.6421,-0.1122,0.0067,0.0000,0.6421,-0.1124,0.0067,0.0000,5120,1,4,
101.5342,15046,300965,2558,1935,238,0,0,0.6421,-0.1132,0.0067,0.0000,0.6421,-0.1124,0.0067,0.0000,5121,1,4,
101.5542,15047,300985,2558,1935,238,0,0,0.6421,-0.1132,0.0067,0.0000,0.6421,-0.1127,0.0067,0.0000,5122,1,4,
101.5742,15048,301005,2558,1935,238,0,0,0.6421,-0.1132,0.0067,0.0000,0.6421,-0.1129,0.0067,0.0000,5123,1,4,
101.5942,15049,301025,2558,1935,238,1,0,0.6421,-0.1132,0.0067,0.0500,0.6421,-0.1130,0.0067,0.0004,5124,1,4,
101.6142,15050,301045,2558,1936,238,1,0,0.6421,-0.1122,0.0067,0.0500,0.6421,-0.1130,0.0067,0.0055,5125,1,4,
101.6343,15051,301065,2558,1936,238,1,0,0.6421,-0.1122,0.0067,0.0500,0.6421,-0.1127,0.0067,0.0160,5126,1,4,
101.6542,15052,301085,2558,1936,238,1,0,0.6421,-0.1122,0.0067,0.0500,0.6421,-0.1125,0.0067,0.0243,5127,1,4,
101.6743,15053,301105,2558,1936,238,1,0,0.6421,-0.1122,0.0067,0.0500,0.6421,-0.1124,0.0067,0.0342,5128,1,4,
101.6942,15054,301125,2558,1936,238,1,0,0.6421,-0.1122,0.0067,0.0500,0.6421,-0.1123,0.0067,0.0397,5129,1,4,
101.7142,15055,301145,2558,1936,238,1,0,0.6421,-0.1122,0.0067,0.0500,0.6421,-0.1123,0.0067,0.0432,5130,1,4,
101.7592,15057,301185,2558,1936,238,1,0,0.6421,-0.1122,0.0067,0.0500,0.6421,-0.1123,0.0067,0.0460,5132,1,4,
101.7741,15058,301205,2558,1936,238,1,0,0.6421,-0.1122,0.0067,0.0500,0.6421,-0.1123,0.0067,0.0474,5133,1,4,
101.7943,15059,301225,2558,1936,238,1,0,0.6421,-0.1122,0.0067,0.0500,0.6421,-0.1122,0.0067,0.0483,5134,1,4,
101.8142,15060,301245,2559,1936,238,1,0,0.6434,-0.1122,0.0067,0.0500,0.6423,-0.1122,0.0067,0.0490,5135,1,4,
101.8343,15061,301265,2559,1936,238,1,0,0.6434,-0.1122,0.0067,0.0500,0.6427,-0.1122,0.0067,0.0493,5136,1,4,
101.8542,15062,301285,2559,1936,238,1,0,0.6434,-0.1122,0.0067,0.0500,0.6429,-0.1122,0.0067,0.0496,5137,1,4,
101.8742,15063,301305,2559,1936,238,1,0,0.6434,-0.1122,0.0067,0.0500,0.6431,-0.1122,0.0067,0.0497,5138,1,4,
101.8942,15064,301325,2559,1935,238,1,0,0.6434,-0.1132,0.0067,0.0500,0.6432,-0.1123,0.0067,0.0498,5139,1,4,
101.9142,15065,301345,2559,1935,238,1,0,0.6434,-0.1132,0.0067,0.0500,0.6433,-0.1127,0.0067,0.0499,5140,1,4,
101.9342,15066,301365,2559,1935,238,1,0,0.6434,-0.1132,0.0067,0.0500,0.6433,-0.1129,0.0067,0.0499,5141,1,4,
101.9541,15067,301385,2559,1935,238,1,0,0.6434,-0.1132,0.0067,0.0500,0.6434,-0.1130,0.0067,0.0500,5142,1,4,
101.9742,15068,301405,2559,1936,238,1,0,0.6434,-0.1122,0.0067,0.0500,0.6434,-0.1130,0.0067,0.0500,5143,1,4,
102.0091,15069,301425,2559,1936,238,1,0,0.6434,-0.1122,0.0067,0.0500,0.6434,-0.1128,0.0067,0.0500,5144,1,4,
102.0142,15070,301445,2559,1936,238,1,0,0.6434,-0.1122,0.0067,0.0500,0.6434,-0.1127,0.0067,0.0500,5145,1,4,
102.0343,15071,301465,2559,1936,238,1,0,0.6434,-0.1122,0.0067,0.0500,0.6434,-0.1125,0.0067,0.0500,5146,1,4,
102.0542,15072,301485,2559,1936,238,1,0,0.6434,-0.1122,0.0067,0.0500,0.6434,-0.1124,0.0067,0.0500,5147,1,4,
102.0743,15073,301505,2559,1936,238,1,0,0.6434,-0.1122,0.0067,0.0500,0.6434,-0.1123,0.0067,0.0500,5148,1,4,
102.0942,15074,301525,2558,1936,238,1,0,0.6421,-0.1122,0.0067,0.0500,0.6433,-0.1123,0.0067,0.0500,5149,1,4,
102.1142,15075,301545,2559,1936,238,1,0,0.6434,-0.1122,0.0067,0.0500,0.6429,-0.1123,0.0067,0.0500,5150,1,4,
102.1342,15076,301565,2559,1936,238,1,0,0.6434,-0.1122,0.0067,0.0500,0.6431,-0.1123,0.0067,0.0500,5151,1,4,
102.1543,15077,301585,2558,1936,238,0,0,0.6421,-0.1122,0.0067,0.0000,0.6431,-0.1122,0.0067,0.0497,5152,1,4,
102.1742,15078,301605,2558,1936,238,0,0,0.6421,-0.1122,0.0067,0.0000,0.6428,-0.1122,0.0067,0.0451,5153,1,4,
102.1942,15079,301625,2558,1936,238,0,0,0.6421,-0.1122,0.0067,0.0000,0.6425,-0.1122,0.0067,0.0369,5154,1,4,
102.2142,15080,301645,2558,1936,238,0,0,0.6421,-0.1122,0.0067,0.0000,0.6424,-0.1122,0.0067,0.0265,5155,1,4,
102.2342,15081,301665,2558,1936,238,0,0,0.6421,-0.1122,0.0067,0.0000,0.6423,-0.1122,0.0067,0.0182,5156,1,4,
102.2665,15082,301685,2558,1936,237,0,0,0.6421,-0.1122,0.0067,0.0000,0.6423,-0.1122,0.0067,0.0133,5157,1,4,
102.2752,15083,301705,2558,1936,237,0,0,0.6421,-0.1122,0.0067,0.0000,0.6422,-0.1122,0.0067,0.0119,5158,1,4,9.10
102.2943,15084,301725,2558,1936,237,0,0,0.6421,-0.1122,0.0067,0.0000,0.6422,-0.1122,0.0067,0.0070,5159,1,4,
102.3141,15085,301745,2558,1936,237,0,0,0.6421,-0.1122,0.0067,0.0000,0.6422,-0.1122,0.0067,0.0046,5160,1,4,
102.3342,15086,301765,2558,1936,238,0,0,0.6421,-0.1122,0.0067,0.0000,0.6422,-0.1122,0.0067,0.0027,5161,1,4,
102.3543,15087,301785,2558,1936,238,0,0,0.6421,-0.1122,0.0067,0.0000,0.6422,-0.1122,0.0067,0.0018,5162,1,4,
102.3742,15088,301805,2558,1936,238,0,0,0.6421,-0.1122,0.0067,0.0000,0.6421,-0.1122,0.0067,0.0012,5163,1,4,
102.3942,15089,301825,2558,1936,238,0,0,0.6421,-0.1122,0.0067,0.0000,0.6421,-0.1122,0.0067,0.0007,5164,1,4,
102.4142,15090,301845,2558,1936,238,0,0,0.6421,-0.1122,0.0067,0.0000,0.6421,-0.1122,0.0067,0.0005,5165,1,4,
102.4342,15091,301865,2558,1936,238,0,0,0.6421,-0.1122,0.0067,0.0000,0.6421,-0.1122,0.0067,0.0003,5166,1,4,
102.4542,15092,301885,2558,1936,238,0,0,0.6421,-0.1122,0.0067,0.0000,0.6421,-0.1122,0.0067,0.0002,5167,1,4,
102.4742,15093,301905,2558,1936,238,0,0,0.6421,-0.1122,0.0067,0.0000,0.6421,-0.1122,0.0067,0.0001,5168,1,4,
102.5163,15095,301945,2558,1936,238,0,0,0.6421,-0.1122,0.0067,0.0000,0.6421,-0.1122,0.0067,0.0001,5170,1,4,
102.5343,15096,301965,2558,1936,237,0,0,0.6421,-0.1122,0.0067,0.0000,0.6421,-0.1122,0.0067,0.0000,5171,1,4,
102.5543,15097,301985,2558,1936,237,0,0,0.6421,-0.1122,0.0067,0.0000,0.6421,-0.1122,0.0067,0.0000,5172,1,4,
102.5742,15098,302005,2558,1936,237,0,0,0.6421,-0.1122,0.0067,0.0000,0.6421,-0.1122,0.0067,0.0000,5173,1,4,
102.5942,15099,302025,2558,1936,237,0,0,0.6421,-0.1122,0.0067,0.0000,0.6421,-0.1122,0.0067,0.0000,5174,1,4,
102.6141,15100,302045,2558,1936,237,0,0,0.6421,-0.1122,0.0067,0.0000,0.6421,-0.1122,0.0067,0.0000,5175,1,4,
102.6342,15101,302065,2558,1936,237,0,0,0.6421,-0.1122,0.0067,0.0000,0.6421,-0.1122,0.0067,0.0000,5176,1,4,
102.6542,15102,302085,2558,1936,237,0,0,0.6421,-0.1122,0.0067,0.0000,0.6421,-0.1122,0.0067,0.0000,5177,1,4,
102.6743,15103,302105,2558,1936,238,1,0,0.6421,-0.1122,0.0067,0.0500,0.6421,-0.1122,0.0067,0.0004,5178,1,4,
102.6942,15104,302125,2558,1936,238,1,0,0.6421,-0.1122,0.0067,0.0500,0.6421,-0.1122,0.0067,0.0076,5179,1,4,
102.7142,15105,302145,2558,1936,238,1,0,0.6421,-0.1122,0.0067,0.0500,0.6421,-0.1122,0.0067,0.0159,5180,1,4,
102.7342,15106,302165,2559,1936,238,1,0,0.6434,-0.1122,0.0067,0.0500,0.6423,-0.1122,0.0067,0.0263,5181,1,4,
102.7661,15107,302185,2559,1936,238,1,0,0.6434,-0.1122,0.0067,0.0500,0.6425,-0.1122,0.0067,0.0305,5182,1,4,
102.7742,15108,302205,2559,1936,238,1,0,0.6434,-0.1122,0.0067,0.0500,0.6427,-0.1122,0.0067,0.0342,5183,1,4,
102.7943,15109,302225,2559,1936,238,1,0,0.6434,-0.1122,0.0067,0.0500,0.6430,-0.1122,0.0067,0.0407,5184,1,4,
102.8142,15110,302245,2559,1936,238,1,0,0.6434,-0.1122,0.0067,0.0500,0.6431,-0.1122,0.0067,0.0439,5185,1,4,
102.8342,15111,302265,2559,1936,238,1,0,0.6434,-0.1122,0.0067,0.0500,0.6432,-0.1122,0.0067,0.0464,5186,1,4,
102.8542,15112,302285,2559,1936,238,1,0,0.6434,-0.1122,0.0067,0.0500,0.6433,-0.1122,0.0067,0.0476,5187,1,4,
102.8742,15113,302305,2559,1936,238,1,0,0.6434,-0.1122,0.0067,0.0500,0.6433,-0.1122,0.0067,0.0484,5188,1,4,
102.8943,15114,302325,2559,1936,238,1,0,0.6434,-0.1122,0.0067,0.0500,0.6434,-0.1122,0.0067,0.0491,5189,1,4,
102.9142,15115,302345,2559,1936,238,1,0,0.6434,-0.1122,0.0067,0.0500,0.6434,-0.1122,0.0067,0.0494,5190,1,4,
102.9342,15116,302365,2559,1935,238,1,0,0.6434,-0.1132,0.0067,0.0500,0.6434,-0.1123,0.0067,0.0496,5191,1,4,
102.9543,15117,302385,2559,1935,238,1,0,0.6434,-0.1132,0.0067,0.0500,0.6434,-0.1126,0.0067,0.0498,5192,1,4,
102.9742,15118,302405,2559,1935,238,1,0,0.6434,-0.1132,0.0067,0.0500,0.6434,-0.1129,0.0067,0.0499,5193,1,4,
102.9942,15119,302425,2558,1935,238,1,0,0.6421,-0.1132,0.0067,0.0500,0.6433,-0.1130,0.0067,0.0499,5194,1,4,
103.0230,15120,302445,2557,1936,238,1,0,0.6409,-0.1122,0.0067,0.0500,0.6430,-0.1129,0.0067,0.0499,5195,1,4,
103.0342,15121,302465,2558,1936,238,1,0,0.6421,-0.1122,0.0067,0.0500,0.6426,-0.1127,0.0067,0.0499,5196,1,4,
103.0542,15122,302485,2558,1936,238,1,0,0.6421,-0.1122,0.0067,0.0500,0.6424,-0.1126,0.0067,0.0500,5197,1,4,
103.0742,15123,302505,2557,1936,238,1,0,0.6409,-0.1122,0.0067,0.0500,0.6422,-0.1124,0.0067,0.0500,5198,1,4,
103.0942,15124,302525,2558,1936,238,1,0,0.6421,-0.1122,0.0067,0.0500,0.6419,-0.1124,0.0067,0.0500,5199,1,4,
103.1142,15125,302545,2558,1936,238,1,0,0.6421,-0.1122,0.0067,0.0500,0.6420,-0.1123,0.0067,0.0500,5200,1,4,
103.1341,15126,302565,2558,1936,238,1,0,0.6421,-0.1122,0.0067,0.0500,0.6420,-0.1123,0.0067,0.0500,5201,1,4,
103.1542,15127,302585,2558,1936,238,1,0,0.6421,-0.1122,0.0067,0.0500,0.6421,-0.1123,0.0067,0.0500,5202,1,4,
103.1742,15128,302605,2558,1936,238,1,0,0.6421,-0.1122,0.0067,0.0500,0.6421,-0.1122,0.0067,0.0500,5203,1,4,
103.1942,15129,302625,2558,1936,238,1,0,0.6421,-0.1122,0.0067,0.0500,0.6421,-0.1122,0.0067,0.0500,5204,1,4,
103.2142,15130,302645,2558,1936,238,1,0,0.6421,-0.1122,0.0067,0.0500,0.6421,-0.1122,0.0067,0.0500,5205,1,4,
103.2342,15131,302665,2558,1936,237,0,0,0.6421,-0.1122,0.0067,0.0000,0.6421,-0.1122,0.0067,0.0497,5206,1,4,
103.2730,15132,302685,2558,1936,238,0,0,0.6421,-0.1122,0.0067,0.0000,0.6421,-0.1122,0.0067,0.0451,5207,1,4,
103.2743,15133,302705,2558,1936,238,0,0,0.6421,-0.1122,0.0067,0.0000,0.6421,-0.1122,0.0067,0.0431,5208,1,4,2.27
103.2942,15134,302725,2558,1936,238,0,0,0.6421,-0.1122,0.0067,0.0000,0.6421,-0.1122,0.0067,0.0348,5209,1,4,
103.3142,15135,302745,2558,1936,238,0,0,0.6421,-0.1122,0.0067,0.0000,0.6421,-0.1122,0.0067,0.0244,5210,1,4,
103.3342,15136,302765,2558,1936,238,0,0,0.6421,-0.1122,0.0067,0.0000,0.6421,-0.1122,0.0067,0.0164,5211,1,4,
103.3541,15137,302785,2559,1936,238,0,0,0.6434,-0.1122,0.0067,0.0000,0.6423,-0.1122,0.0067,0.0107,5212,1,4,
103.3742,15138,302805,2559,1936,238,0,0,0.6434,-0.1122,0.0067,0.0000,0.6427,-0.1122,0.0067,0.0063,5213,1,4,
103.3942,15139,302825,2560,1935,238,0,0,0.6447,-0.1132,0.0067,0.0000,0.6431,-0.1123,0.0067,0.0042,5214,1,4,
103.4143,15140,302845,2559,1935,238,0,0,0.6434,-0.1132,0.0067,0.0000,0.6436,-0.1127,0.0067,0.0025,5215,1,4,
103.4342,15141,302865,2559,1936,238,0,0,0.6434,-0.1122,0.0067,0.0000,0.6435,-0.1128,0.0067,0.0016,5216,1,4,
103.4543,15142,302885,2559,1936,238,0,0,0.6434,-0.1122,0.0067,0.0000,0.6435,-0.1126,0.0067,0.0010,5217,1,4,
103.4742,15143,302905,2558,1936,238,0,0,0.6421,-0.1122,0.0067,0.0000,0.6433,-0.1124,0.0067,0.0006,5218,1,4,
103.4942,15144,302925,2558,1936,238,0,0,0.6421,-0.1122,0.0067,0.0000,0.6429,-0.1124,0.0067,0.0004,5219,1,4,
103.5230,15145,302945,2558,1936,238,0,0,0.6421,-0.1122,0.0067,0.0000,0.6427,-0.1123,0.0067,0.0003,5220,1,4,
103.5342,15146,302965,2558,1936,238,0,0,0.6421,-0.1122,0.0067,0.0000,0.6426,-0.1123,0.0067,0.0002,5221,1,4,
103.5543,15147,302985,2558,1936,237,0,0,0.6421,-0.1122,0.0067,0.0000,0.6424,-0.1123,0.0067,0.0001,5222,1,4,
103.5742,15148,303005,2559,1936,238,0,0,0.6434,-0.1122,0.0067,0.0000,0.6424,-0.1123,0.0067,0.0001,5223,1,4,
103.5942,15149,303025,2559,1936,238,0,0,0.6434,-0.1122,0.0067,0.0000,0.6428,-0.1122,0.0067,0.0001,5224,1,4,
103.6143,15150,303045,2559,1936,238,0,0,0.6434,-0.1122,0.0067,0.0000,0.6430,-0.1122,0.0067,0.0000,5225,1,4,
103.6342,15151,303065,2559,1936,238,0,0,0.6434,-0.1122,0.0067,0.0000,0.6432,-0.1122,0.0067,0.0000,5226,1,4,
103.6542,15152,303085,2559,1936,238,0,0,0.6434,-0.1122,0.0067,0.0000,0.6433,-0.1122,0.0067,0.0000,5227,1,4,
103.6742,15153,303105,2559,1936,238,0,0,0.6434,-0.1122,0.0067,0.0000,0.6433,-0.1122,0.0067,0.0000,5228,1,4,
103.6942,15154,303125,2559,1936,238,0,0,0.6434,-0.1122,0.0067,0.0000,0.6433,-0.1122,0.0067,0.0000,5229,1,4,
103.7143,15155,303145,2558,1936,238,0,0,0.6421,-0.1122,0.0067,0.0000,0.6432,-0.1122,0.0067,0.0000,5230,1,4,
103.7342,15156,303165,2558,1936,238,0,0,0.6421,-0.1122,0.0067,0.0000,0.6429,-0.1122,0.0067,0.0000,5231,1,4,
103.7798,15158,303205,2558,1936,238,0,0,0.6421,-0.1122,0.0067,0.0000,0.6426,-0.1122,0.0067,0.0000,5233,1,4,
103.7942,15159,303225,2558,1936,238,0,0,0.6421,-0.1122,0.0067,0.0000,0.6424,-0.1122,0.0067,0.0000,5234,1,4,
103.8142,15160,303245,2558,1936,238,0,0,0.6421,-0.1122,0.0067,0.0000,0.6423,-0.1122,0.0067,0.0000,5235,1,4,
103.8342,15161,303265,2558,1936,238,0,0,0.6421,-0.1122,0.0067,0.0000,0.6422,-0.1122,0.0067,0.0000,5236,1,4,
103.8542,15162,303285,2558,1935,238,0,0,0.6421,-0.1132,0.0067,0.0000,0.6422,-0.1123,0.0067,0.0000,5237,1,4,
103.8741,15163,303305,2558,1935,238,0,0,0.6421,-0.1132,0.0067,0.0000,0.6422,-0.1127,0.0067,0.0000,5238,1,4,
103.8941,15164,303325,2558,1935,238,0,0,0.6421,-0.1132,0.0067,0.0000,0.6422,-0.1129,0.0067,0.0000,5239,1,4,
103.9142,15165,303345,2558,1935,238,0,0,0.6421,-0.1132,0.0067,0.0000,0.6422,-0.1130,0.0067,0.0000,5240,1,4,
103.9341,15166,303365,2558,1935,238,0,0,0.6421,-0.1132,0.0067,0.0000,0.6421,-0.1131,0.0067,0.0000,5241,1,4,
103.9542,15167,303385,2558,1936,238,0,0,0.6421,-0.1122,0.0067,0.0000,0.6421,-0.1130,0.0067,0.0000,5242,1,4,
103.9742,15168,303405,2558,1936,238,0,0,0.6421,-0.1122,0.0067,0.0000,0.6421,-0.1127,0.0067,0.0000,5243,1,4,
103.9942,15169,303425,2559,1936,238,0,0,0.6434,-0.1122,0.0067,0.0000,0.6423,-0.1125,0.0067,0.0000,5244,1,4,
104.0342,15171,303465,2559,1936,238,0,0,0.6434,-0.1122,0.0067,0.0000,0.6427,-0.1124,0.0067,0.0000,5246,1,4,
104.0542,15172,303485,2558,1936,238,0,0,0.6421,-0.1122,0.0067,0.0000,0.6428,-0.1124,0.0067,0.0000,5247,1,4,
104.0742,15173,303505,2558,1936,238,0,0,0.6421,-0.1122,0.0067,0.0000,0.6426,-0.1123,0.0067,0.0000,5248,1,4,
104.0942,15174,303525,2558,1936,238,0,0,0.6421,-0.1122,0.0067,0.0000,0.6424,-0.1123,0.0067,0.0000,5249,1,4,
104.1142,15175,303545,2558,1936,238,0,0,0.6421,-0.1122,0.0067,0.0000,0.6423,-0.1123,0.0067,0.0000,5250,1,4,
104.1342,15176,303565,2558,1936,238,0,0,0.6421,-0.1122,0.0067,0.0000,0.6422,-0.1122,0.0067,0.0000,5251,1,4,
104.1542,15177,303585,2559,1936,238,0,0,0.6434,-0.1122,0.0067,0.0000,0.6423,-0.1122,0.0067,0.0000,5252,1,4,
104.1742,15178,303605,2559,1936,238,0,0,0.6434,-0.1122,0.0067,0.0000,0.6427,-0.1122,0.0067,0.0000,5253,1,4,
104.1943,15179,303625,2559,1936,238,0,0,0.6434,-0.1122,0.0067,0.0000,0.6430,-0.1122,0.0067,0.0000,5254,1,4,
104.2142,15180,303645,2559,1936,238,0,0,0.6434,-0.1122,0.0067,0.0000,0.6431,-0.1122,0.0067,0.0000,5255,1,4,
104.2342,15181,303665,2559,1936,238,0,0,0.6434,-0.1122,0.0067,0.0000,0.6432,-0.1122,0.0067,0.0000,5256,1,4,
104.2542,15182,303685,2558,1936,238,0,0,0.6421,-0.1122,0.0067,0.0000,0.6432,-0.1122,0.0067,0.0000,5257,1,4,
104.2799,15183,303705,2558,1936,238,0,0,0.6421,-0.1122,0.0067,0.0000,0.6430,-0.1122,0.0067,0.0000,5258,1,4,2.28
104.2943,15184,303725,2558,1936,238,0,0,0.6421,-0.1122,0.0067,0.0000,0.6427,-0.1122,0.0067,0.0000,5259,1,4,
104.3142,15185,303745,2558,1936,238,0,0,0.6421,-0.1122,0.0067,0.0000,0.6425,-0.1122,0.0067,0.0000,5260,1,4,
104.3342,15186,303765,2558,1935,238,0,0,0.6421,-0.1132,0.0067,0.0000,0.6424,-0.1123,0.0067,0.0000,5261,1,4,
104.3542,15187,303785,2558,1935,238,0,0,0.6421,-0.1132,0.0067,0.0000,0.6423,-0.1126,0.0067,0.0000,5262,1,4,
104.3742,15188,303805,2558,1937,238,0,0,0.6421,-0.1112,0.0067,0.0000,0.6422,-0.1126,0.0067,0.0000,5263,1,4,
104.3942,15189,303825,2559,1937,238,0,0,0.6434,-0.1112,0.0067,0.0000,0.6423,-0.1121,0.0067,0.0000,5264,1,4,
104.4142,15190,303845,2559,1936,237,0,0,0.6434,-0.1122,0.0067,0.0000,0.6427,-0.1119,0.0067,0.0000,5265,1,4,
104.4342,15191,303865,2559,1936,237,0,0,0.6434,-0.1122,0.0067,0.0000,0.6430,-0.1120,0.0067,0.0000,5266,1,4,
104.4543,15192,303885,2559,1936,237,0,0,0.6434,-0.1122,0.0067,0.0000,0.6431,-0.1121,0.0067,0.0000,5267,1,4,
104.4742,15193,303905,2559,1936,237,0,0,0.6434,-0.1122,0.0067,0.0000,0.6432,-0.1121,0.0067,0.0000,5268,1,4,
104.4942,15194,303925,2559,1936,237,0,0,0.6434,-0.1122,0.0067,0.0000,0.6433,-0.1122,0.0067,0.0000,5269,1,4,
104.5369,15196,303965,2559,1936,237,0,0,0.6434,-0.1122,0.0067,0.0000,0.6433,-0.1122,0.0067,0.0000,5271,1,4,
104.5542,15197,303985,2559,1936,237,0,0,0.6434,-0.1122,0.0067,0.0000,0.6434,-0.1122,0.0067,0.0000,5272,1,4,
104.5742,15198,304005,2559,1936,237,0,0,0.6434,-0.1122,0.0067,0.0000,0.6434,-0.1122,0.0067,0.0000,5273,1,4,
104.5942,15199,304025,2559,1936,237,0,0,0.6434,-0.1122,0.0067,0.0000,0.6434,-0.1122,0.0067,0.0000,5274,1,4,
104.6142,15200,304045,2559,1936,237,0,0,0.6434,-0.1122,0.0067,0.0000,0.6434,-0.1122,0.0067,0.0000,5275,1,4,
104.6342,15201,304065,2559,1936,237,0,0,0.6434,-0.1122,0.0067,0.0000,0.6434,-0.1122,0.0067,0.0000,5276,1,4,
104.6542,15202,304085,2559,1936,237,0,0,0.6434,-0.1122,0.0067,0.0000,0.6434,-0.1122,0.0067,0.0000,5277,1,4,
104.6742,15203,304105,2559,1936,237,0,0,0.6434,-0.1122,0.0067,0.0000,0.6434,-0.1122,0.0067,0.0000,5278,1,4,
104.6943,15204,304125,2559,1936,238,0,0,0.6434,-0.1122,0.0067,0.0000,0.6434,-0.1122,0.0067,0.0000,5279,1,4,
104.7142,15205,304145,2559,1936,238,0,0,0.6434,-0.1122,0.0067,0.0000,0.6434,-0.1122,0.0067,0.0000,5280,1,4,
104.7342,15206,304165,2558,1935,238,0,0,0.6421,-0.1132,0.0067,0.0000,0.6433,-0.1123,0.0067,0.0000,5281,1,4,
104.7542,15207,304185,2558,1936,238,0,0,0.6421,-0.1122,0.0067,0.0000,0.6428,-0.1126,0.0067,0.0000,5282,1,4,
104.7798,15208,304205,2558,1936,238,0,0,0.6421,-0.1122,0.0067,0.0000,0.6427,-0.1125,0.0067,0.0000,5283,1,4,
104.7942,15209,304225,2558,1936,239,0,0,0.6421,-0.1122,0.0068,0.0000,0.6426,-0.1125,0.0067,0.0000,5284,1,4,
104.8142,15210,304245,2558,1936,238,0,0,0.6421,-0.1122,0.0067,0.0000,0.6424,-0.1124,0.0067,0.0000,5285,1,4,
104.8343,15211,304265,2558,1936,238,0,0,0.6421,-0.1122,0.0067,0.0000,0.6423,-0.1123,0.0067,0.0000,5286,1,4,
104.8542,15212,304285,2558,1935,238,0,0,0.6421,-0.1132,0.0067,0.0000,0.6422,-0.1124,0.0067,0.0000,5287,1,4,
104.8742,15213,304305,2558,1935,238,0,0,0.6421,-0.1132,0.0067,0.0000,0.6422,-0.1127,0.0067,0.0000,5288,1,4,
104.8943,15214,304325,2558,1935,239,0,0,0.6421,-0.1132,0.0068,0.0000,0.6422,-0.1129,0.0067,0.0000,5289,1,4,
104.9142,15215,304345,2558,1935,241,0,0,0.6421,-0.1132,0.0068,0.0000,0.6422,-0.1130,0.0067,0.0000,5290,1,4,
104.9342,15216,304365,2558,1935,245,0,0,0.6421,-0.1132,0.0070,0.0000,0.6422,-0.1131,0.0068,0.0000,5291,1,4,
104.9542,15217,304385,2557,1935,250,0,0,0.6409,-0.1132,0.0072,0.0000,0.6420,-0.1132,0.0069,0.0000,5292,1,4,
104.9742,15218,304405,2557,1935,257,0,0,0.6409,-0.1132,0.0074,0.0000,0.6416,-0.1132,0.0070,0.0000,5293,1,4,
104.9943,15219,304425,2557,1936,268,0,0,0.6409,-0.1122,0.0078,0.0000,0.6414,-0.1131,0.0071,0.0000,5294,1,4,
105.0229,15220,304445,2558,1937,281,0,0,0.6421,-0.1112,0.0083,0.0000,0.6413,-0.1126,0.0074,0.0000,5295,1,4,
105.0367,15221,304465,2558,1937,297,0,0,0.6421,-0.1112,0.0089,0.0000,0.6414,-0.1125,0.0075,0.0000,5296,1,4,
105.0542,15222,304485,2558,1936,316,0,0,0.6421,-0.1122,0.0097,0.0000,0.6416,-0.1123,0.0077,0.0000,5297,1,4,
105.0743,15223,304505,2558,1936,338,0,0,0.6421,-0.1122,0.0105,0.0000,0.6418,-0.1122,0.0081,0.0000,5298,1,4,
105.0943,15224,304525,2558,1936,362,0,0,0.6421,-0.1122,0.0114,0.0000,0.6419,-0.1122,0.0086,0.0000,5299,1,4,
105.1143,15225,304545,2558,1936,392,0,0,0.6421,-0.1122,0.0125,0.0000,0.6420,-0.1122,0.0092,0.0000,5300,1,4,
105.1342,15226,304565,2558,1936,424,0,0,0.6421,-0.1122,0.0137,0.0000,0.6421,-0.1122,0.0098,0.0000,5301,1,4,
105.1543,15227,304585,2558,1936,458,0,0,0.6421,-0.1122,0.0150,0.0000,0.6421,-0.1122,0.0107,0.0000,5302,1,4,
105.1741,15228,304605,2558,1936,494,0,0,0.6421,-0.1122,0.0164,0.0000,0.6421,-0.1122,0.0114,0.0000,5303,1,4,
105.1943,15229,304625,2558,1936,534,0,0,0.6421,-0.1122,0.0179,0.0000,0.6421,-0.1122,0.0123,0.0000,5304,1,4,
105.2142,15230,304645,2558,1936,573,0,0,0.6421,-0.1122,0.0194,0.0000,0.6421,-0.1122,0.0134,0.0000,5305,1,4,
105.2343,15231,304665,2558,1936,615,0,0,0.6421,-0.1122,0.0209,0.0000,0.6421,-0.1122,0.0144,0.0000,5306,1,4,
105.2542,15232,304685,2558,1936,658,0,0,0.6421,-0.1122,0.0226,0.0000,0.6421,-0.1122,0.0157,0.0000,5307,1,4,
105.2938,15233,304705,2558,1935,704,0,0,0.6421,-0.1132,0.0243,0.0000,0.6421,-0.1123,0.0165,0.0000,5308,1,4,13.78
105.2943,15234,304725,2558,1935,754,0,0,0.6421,-0.1132,0.0262,0.0000,0.6421,-0.1124,0.0168,0.0000,5309,1,4,
105.3143,15235,304745,2558,1936,806,0,0,0.6421,-0.1122,0.0282,0.0000,0.6421,-0.1126,0.0180,0.0000,5310,1,4,
105.3343,15236,304765,2558,1936,859,0,0,0.6421,-0.1122,0.0302,0.0000,0.6421,-0.1124,0.0196,0.0000,5311,1,4,
105.3543,15237,304785,2558,1936,913,0,0,0.6421,-0.1122,0.0322,0.0000,0.6421,-0.1124,0.0209,0.0000,5312,1,4,
105.3742,15238,304805,2558,1936,967,0,0,0.6421,-0.1122,0.0342,0.0000,0.6421,-0.1123,0.0224,0.0000,5313,1,4,
105.3943,15239,304825,2558,1936,1021,0,0,0.6421,-0.1122,0.0363,0.0000,0.6421,-0.1123,0.0242,0.0000,5314,1,4,
105.4143,15240,304845,2558,1936,1075,0,0,0.6421,-0.1122,0.0383,0.0000,0.6421,-0.1123,0.0258,0.0000,5315,1,4,
105.4343,15241,304865,2558,1936,1127,0,0,0.6421,-0.1122,0.0403,0.0000,0.6421,-0.1122,0.0278,0.0000,5316,1,4,
105.4543,15242,304885,2558,1936,1173,0,0,0.6421,-0.1122,0.0420,0.0000,0.6421,-0.1122,0.0296,0.0000,5317,1,4,
105.4744,15243,304905,2558,1936,1211,0,0,0.6421,-0.1122,0.0434,0.0000,0.6421,-0.1122,0.0318,0.0000,5318,1,4,
105.4943,15244,304925,2558,1936,1240,0,0,0.6421,-0.1122,0.0445,0.0000,0.6421,-0.1122,0.0337,0.0000,5319,1,4,
105.5144,15245,304945,2558,1936,1261,0,0,0.6421,-0.1122,0.0453,0.0000,0.6421,-0.1122,0.0356,0.0000,5320,1,4,
105.5441,15246,304965,2558,1936,1273,0,0,0.6421,-0.1122,0.0458,0.0000,0.6421,-0.1122,0.0371,0.0000,5321,1,4,
105.5543,15247,304985,2559,1936,1281,0,0,0.6434,-0.1122,0.0461,0.0000,0.6423,-0.1122,0.0381,0.0000,5322,1,4,
105.5743,15248,305005,2559,1936,1282,0,0,0.6434,-0.1122,0.0461,0.0000,0.6427,-0.1122,0.0402,0.0000,5323,1,4,
105.5944,15249,305025,2559,1936,1278,0,0,0.6434,-0.1122,0.0460,0.0000,0.6430,-0.1122,0.0426,-0.0000,5324,1,4,
105.6144,15250,305045,2559,1936,1267,0,0,0.6434,-0.1122,0.0455,0.0000,0.6431,-0.1122,0.0437,-0.0000,5325,1,4,
105.6343,15251,305065,2559,1936,1249,0,0,0.6434,-0.1122,0.0449,0.0000,0.6432,-0.1122,0.0444,-0.0000,5326,1,4,
105.6543,15252,305085,2559,1936,1227,0,0,0.6434,-0.1122,0.0440,0.0000,0.6433,-0.1122,0.0445,0.0000,5327,1,4,
105.6743,15253,305105,2559,1936,1196,0,0,0.6434,-0.1122,0.0429,0.0000,0.6433,-0.1122,0.0442,0.0000,5328,1,4,
105.6943,15254,305125,2559,1936,1157,0,0,0.6434,-0.1122,0.0414,0.0000,0.6434,-0.1122,0.0435,-0.0000,5329,1,4,
105.7143,15255,305145,2559,1935,1111,0,0,0.6434,-0.1132,0.0397,0.0000,0.6434,-0.1123,0.0425,-0.0000,5330,1,4,
105.7343,15256,305165,2559,1936,1062,0,0,0.6434,-0.1122,0.0378,0.0000,0.6434,-0.1126,0.0409,-0.0000,5331,1,4,
105.7543,15257,305185,2559,1936,1009,0,0,0.6434,-0.1122,0.0358,0.0000,0.6434,-0.1125,0.0395,0.0000,5332,1,4,
105.8005,15259,305225,2559,1936,884,0,0,0.6434,-0.1122,0.0311,0.0000,0.6434,-0.1124,0.0372,0.0000,5334,1,4,
105.8142,15260,305245,2559,1935,814,0,0,0.6434,-0.1132,0.0285,0.0000,0.6434,-0.1124,0.0345,0.0000,5335,1,4,
105.8342,15261,305265,2558,1935,745,0,0,0.6421,-0.1132,0.0258,0.0000,0.6433,-0.1127,0.0319,0.0000,5336,1,4,
105.8542,15262,305285,2558,1935,676,0,0,0.6421,-0.1132,0.0232,0.0000,0.6429,-0.1129,0.0292,0.0000,5337,1,4,
105.8743,15263,305305,2558,1935,610,0,0,0.6421,-0.1132,0.0208,0.0000,0.6426,-0.1130,0.0260,0.0000,5338,1,4,
105.8943,15264,305325,2558,1935,544,0,0,0.6421,-0.1132,0.0183,0.0000,0.6424,-0.1131,0.0235,-0.0000,5339,1,4,
105.9142,15265,305345,2558,1935,482,0,0,0.6421,-0.1132,0.0159,0.0000,0.6423,-0.1132,0.0204,-0.0000,5340,1,4,
105.9342,15266,305365,2558,1935,429,0,0,0.6421,-0.1132,0.0139,0.0000,0.6422,-0.1132,0.0181,0.0000,5341,1,4,
105.9542,15267,305385,2558,1936,386,0,0,0.6421,-0.1122,0.0123,0.0000,0.6422,-0.1131,0.0152,0.0000,5342,1,4,
105.9743,15268,305405,2558,1936,351,0,0,0.6421,-0.1122,0.0110,0.0000,0.6422,-0.1128,0.0131,0.0000,5343,1,4,
105.9954,15269,305425,2558,1936,324,0,0,0.6421,-0.1122,0.0100,0.0000,0.6422,-0.1126,0.0104,-0.0000,5344,1,4,
106.0143,15270,305445,2558,1936,305,0,0,0.6421,-0.1122,0.0092,0.0000,0.6422,-0.1125,0.0084,-0.0000,5345,1,4,
106.0543,15272,305485,2558,1936,284,0,0,0.6421,-0.1122,0.0085,0.0000,0.6421,-0.1124,0.0065,-0.0000,5347,1,4,
106.0743,15273,305505,2558,1936,278,0,0,0.6421,-0.1122,0.0082,0.0000,0.6421,-0.1123,0.0041,-0.0000,5348,1,4,
106.0942,15274,305525,2558,1936,274,0,0,0.6421,-0.1122,0.0081,0.0000,0.6421,-0.1123,0.0024,-0.0000,5349,1,4,
106.1142,15275,305545,2559,1936,272,0,0,0.6434,-0.1122,0.0080,0.0000,0.6423,-0.1123,0.0003,-0.0000,5350,1,4,
106.1343,15276,305565,2559,1936,271,0,0,0.6434,-0.1122,0.0080,0.0000,0.6427,-0.1122,-0.0000,-0.0000,5351,1,4,
106.1543,15277,305585,2559,1936,270,0,0,0.6434,-0.1122,0.0079,0.0000,0.6429,-0.1122,0.0002,-0.0000,5352,1,4,
106.1742,15278,305605,2559,1936,269,0,0,0.6434,-0.1122,0.0079,0.0000,0.6431,-0.1122,0.0005,-0.0000,5353,1,4,
106.1942,15279,305625,2559,1936,269,0,0,0.6434,-0.1122,0.0079,0.0000,0.6432,-0.1122,0.0009,0.0000,5354,1,4,
106.2143,15280,305645,2558,1936,269,0,0,0.6421,-0.1122,0.0079,0.0000,0.6432,-0.1122,0.0014,0.0000,5355,1,4,
106.2342,15281,305665,2558,1936,269,0,0,0.6421,-0.1122,0.0079,0.0000,0.6428,-0.1122,0.0019,0.0000,5356,1,4,
106.2543,15282,305685,2558,1935,269,0,0,0.6421,-0.1132,0.0079,0.0000,0.6425,-0.1123,0.0027,0.0000,5357,1,4,
106.2742,15283,305705,2558,1935,269,0,0,0.6421,-0.1132,0.0079,0.0000,0.6424,-0.1126,0.0033,0.0000,5358,1,4,
106.3076,15284,305725,2558,1935,268,0,0,0.6421,-0.1132,0.0078,0.0000,0.6423,-0.1128,0.0039,0.0000,5359,1,4,7.16
106.3142,15285,305745,2558,1935,268,0,0,0.6421,-0.1132,0.0078,0.0000,0.6423,-0.1128,0.0041,0.0000,5360,1,4,
106.3343,15286,305765,2558,1935,268,0,0,0.6421,-0.1132,0.0078,0.0000,0.6423,-0.1130,0.0049,-0.0000,5361,1,4,
106.3543,15287,305785,2558,1935,268,0,0,0.6421,-0.1132,0.0078,0.0000,0.6422,-0.1131,0.0060,-0.0000,5362,1,4,
106.3742,15288,305805,2558,1935,268,0,0,0.6421,-0.1132,0.0078,0.0000,0.6422,-0.1131,0.0066,-0.0000,5363,1,4,
106.3943,15289,305825,2558,1935,268,0,0,0.6421,-0.1132,0.0078,0.0000,0.6422,-0.1132,0.0071,0.0000,5364,1,4,
106.4143,15290,305845,2558,1935,268,0,0,0.6421,-0.1132,0.0078,0.0000,0.6422,-0.1132,0.0074,0.0000,5365,1,4,
106.4342,15291,305865,2559,1935,269,0,0,0.6434,-0.1132,0.0079,0.0000,0.6423,-0.1132,0.0076,0.0000,5366,1,4,
106.4543,15292,305885,2559,1935,269,0,0,0.6434,-0.1132,0.0079,0.0000,0.6427,-0.1132,0.0077,0.0000,5367,1,4,
106.4743,15293,305905,2558,1935,270,0,0,0.6421,-0.1132,0.0079,0.0000,0.6428,-0.1132,0.0078,0.0000,5368,1,4,
106.4943,15294,305925,2558,1935,270,0,0,0.6421,-0.1132,0.0079,0.0000,0.6426,-0.1132,0.0078,0.0000,5369,1,4,
106.5143,15295,305945,2558,1935,270,0,0,0.6421,-0.1132,0.0079,0.0000,0.6424,-0.1132,0.0079,0.0000,5370,1,4,
106.5576,15296,305965,2558,1935,270,0,0,0.6421,-0.1132,0.0079,0.0000,0.6423,-0.1132,0.0079,-0.0000,5371,1,4,
106.5579,15297,305985,2558,1935,270,0,0,0.6421,-0.1132,0.0079,0.0000,0.6423,-0.1132,0.0079,-0.0000,5372,1,4,
106.5743,15298,306005,2558,1935,270,0,0,0.6421,-0.1132,0.0079,0.0000,0.6423,-0.1132,0.0079,-0.0000,5373,1,4,
106.5942,15299,306025,2557,1935,270,0,0,0.6409,-0.1132,0.0079,0.0000,0.6421,-0.1132,0.0079,-0.0000,5374,1,4,
106.6143,15300,306045,2558,1935,270,0,0,0.6421,-0.1132,0.0079,0.0000,0.6418,-0.1132,0.0079,-0.0000,5375,1,4,
106.6342,15301,306065,2558,1936,270,0,0,0.6421,-0.1122,0.0079,0.0000,0.6419,-0.1131,0.0079,-0.0000,5376,1,4,
106.6542,15302,306085,2558,1936,270,0,0,0.6421,-0.1122,0.0079,0.0000,0.6420,-0.1128,0.0079,-0.0000,5377,1,4,
106.6742,15303,306105,2558,1936,270,0,0,0.6421,-0.1122,0.0079,0.0000,0.6421,-0.1126,0.0079,0.0000,5378,1,4,
106.6942,15304,306125,2558,1936,270,0,0,0.6421,-0.1122,0.0079,0.0000,0.6421,-0.1124,0.0079,0.0000,5379,1,4,
106.7142,15305,306145,2558,1936,270,0,0,0.6421,-0.1122,0.0079,0.0000,0.6421,-0.1124,0.0079,0.0000,5380,1,4,
106.7343,15306,306165,2558,1936,270,0,0,0.6421,-0.1122,0.0079,0.0000,0.6421,-0.1123,0.0079,-0.0000,5381,1,4,
106.7543,15307,306185,2558,1936,270,0,0,0.6421,-0.1122,0.0079,0.0000,0.6421,-0.1123,0.0079,-0.0000,5382,1,4,
106.7742,15308,306205,2558,1936,270,0,0,0.6421,-0.1122,0.0079,0.0000,0.6421,-0.1123,0.0079,-0.0000,5383,1,4,
106.8074,15309,306225,2558,1936,270,0,0,0.6421,-0.1122,0.0079,0.0000,0.6421,-0.1123,0.0079,-0.0000,5384,1,4,
106.8143,15310,306245,2558,1936,270,0,0,0.6421,-0.1122,0.0079,0.0000,0.6421,-0.1122,0.0079,-0.0000,5385,1,4,
106.8343,15311,306265,2558,1936,270,0,0,0.6421,-0.1122,0.0079,0.0000,0.6421,-0.1122,0.0079,-0.0000,5386,1,4,
106.8543,15312,306285,2558,1936,270,0,0,0.6421,-0.1122,0.0079,0.0000,0.6421,-0.1122,0.0079,-0.0000,5387,1,4,
106.8742,15313,306305,2558,1937,270,0,0,0.6421,-0.1112,0.0079,0.0000,0.6421,-0.1121,0.0079,-0.0000,5388,1,4,
106.8943,15314,306325,2558,1936,271,0,0,0.6421,-0.1122,0.0080,0.0000,0.6421,-0.1119,0.0079,-0.0000,5389,1,4,
106.9143,15315,306345,2558,1936,271,0,0,0.6421,-0.1122,0.0080,0.0000,0.6421,-0.1120,0.0079,-0.0000,5390,1,4,
106.9342,15316,306365,2558,1936,271,0,0,0.6421,-0.1122,0.0080,0.0000,0.6421,-0.1121,0.0079,-0.0000,5391,1,4,
106.9543,15317,306385,2558,1935,271,0,0,0.6421,-0.1132,0.0080,0.0000,0.6421,-0.1122,0.0080,-0.0000,5392,1,4,
106.9743,15318,306405,2558,1935,271,0,0,0.6421,-0.1132,0.0080,0.0000,0.6421,-0.1126,0.0080,-0.0000,5393,1,4,
106.9943,15319,306425,2558,1936,270,0,0,0.6421,-0.1122,0.0079,0.0000,0.6421,-0.1127,0.0080,0.0000,5394,1,4,
107.0143,15320,306445,2558,1937,270,0,0,0.6421,-0.1112,0.0079,0.0000,0.6421,-0.1125,0.0079,0.0000,5395,1,4,
107.0573,15322,306485,2558,1944,270,0,0,0.6421,-0.1042,0.0079,0.0000,0.6421,-0.1113,0.0079,0.0000,5397,1,4,
107.0743,15323,306505,2558,1953,270,0,0,0.6421,-0.0951,0.0079,0.0000,0.6421,-0.1079,0.0079,0.0000,5398,1,4,
107.0943,15324,306525,2558,1968,270,0,0,0.6421,-0.0800,0.0079,0.0000,0.6421,-0.1011,0.0079,0.0001,5399,1,4,
107.1143,15325,306545,2558,1989,270,0,0,0.6421,-0.0589,0.0079,0.0000,0.6421,-0.0918,0.0079,0.0003,5400,1,4,
107.1344,15326,306565,2558,2017,270,0,0,0.6421,-0.0307,0.0079,0.0000,0.6421,-0.0755,0.0079,0.0007,5401,1,4,
107.1543,15327,306585,2558,2045,270,0,0,0.6421,-0.0025,0.0079,0.0000,0.6421,-0.0583,0.0079,0.0005,5402,1,4,
107.1742,15328,306605,2558,2074,270,0,0,0.6421,0.0267,0.0079,0.0000,0.6421,-0.0388,0.0079,0.0003,5403,1,4,
107.1942,15329,306625,2559,2104,270,0,0,0.6434,0.0569,0.0079,0.0000,0.6423,-0.0138,0.0079,0.0002,5404,1,4,
107.2142,15330,306645,2558,2136,270,0,0,0.6421,0.0891,0.0079,0.0000,0.6425,0.0062,0.0079,0.0001,5405,1,4,
107.2379,15331,306665,2558,2171,270,0,0,0.6421,0.1243,0.0079,0.0000,0.6424,0.0312,0.0079,0.0001,5406,1,4,
107.2543,15332,306685,2558,2205,270,0,0,0.6421,0.1585,0.0079,0.0000,0.6423,0.0512,0.0079,0.0001,5407,1,4,
107.2743,15333,306705,2558,2238,271,0,0,0.6421,0.1917,0.0080,0.0000,0.6422,0.0712,0.0079,0.0000,5408,1,4,
107.3075,15334,306725,2558,2271,271,0,0,0.6421,0.2249,0.0080,0.0000,0.6422,0.0862,0.0079,0.0000,5409,1,4,6.87
107.3146,15335,306745,2558,2306,271,0,0,0.6421,0.2601,0.0080,0.0000,0.6422,0.0962,0.0079,0.0000,5410,1,4,
107.3343,15336,306765,2558,2340,270,0,0,0.6421,0.2943,0.0079,0.0000,0.6422,0.1163,0.0079,0.0000,5411,1,4,
107.3542,15337,306785,2559,2368,270,0,0,0.6434,0.3225,0.0079,0.0000,0.6423,0.1363,0.0079,0.0000,5412,1,4,
107.3743,15338,306805,2558,2393,270,0,0,0.6421,0.3477,0.0079,0.0000,0.6426,0.1613,0.0079,0.0000,5413,1,4,
107.3943,15339,306825,2558,2412,270,0,0,0.6421,0.3668,0.0079,0.0000,0.6425,0.1813,0.0079,0.0000,5414,1,4,
107.4187,15340,306845,2558,2425,270,0,0,0.6421,0.3799,0.0079,0.0000,0.6423,0.2113,0.0079,0.0000,5415,1,4,
107.4343,15341,306865,2558,2433,270,0,0,0.6421,0.3879,0.0079,0.0000,0.6423,0.2263,0.0079,0.0000,5416,1,4,
107.4543,15342,306885,2558,2438,270,0,0,0.6421,0.3930,0.0079,0.0000,0.6422,0.2463,0.0079,-0.0000,5417,1,4,
107.4742,15343,306905,2558,2441,270,0,0,0.6421,0.3960,0.0079,0.0000,0.6422,0.2713,0.0079,-0.0000,5418,1,4,
107.4943,15344,306925,2558,2443,270,0,0,0.6421,0.3980,0.0079,0.0000,0.6422,0.2913,0.0079,-0.0000,5419,1,4,
107.5143,15345,306945,2558,2444,270,0,0,0.6421,0.3990,0.0079,0.0000,0.6422,0.3163,0.0079,-0.0000,5420,1,4,
107.5343,15346,306965,2558,2443,270,0,0,0.6421,0.3980,0.0079,0.0000,0.6422,0.3364,0.0079,-0.0000,5421,1,4,
107.5577,15347,306985,2558,2439,270,0,0,0.6421,0.3940,0.0079,0.0000,0.6421,0.3464,0.0079,-0.0000,5422,1,4,
107.5742,15348,307005,2558,2434,270,0,0,0.6421,0.3889,0.0079,0.0000,0.6421,0.3588,0.0079,-0.0000,5423,1,4,
107.5942,15349,307025,2558,2427,270,0,0,0.6421,0.3819,0.0079,0.0000,0.6421,0.3704,0.0079,-0.0000,5424,1,4,
107.6143,15350,307045,2558,2413,270,0,0,0.6421,0.3678,0.0079,0.0000,0.6421,0.3730,0.0079,-0.0000,5425,1,4,
107.6343,15351,307065,2558,2399,269,0,0,0.6421,0.3537,0.0079,0.0000,0.6421,0.3694,0.0079,-0.0000,5426,1,4,
107.6543,15352,307085,2558,2381,270,0,0,0.6421,0.3356,0.0079,0.0000,0.6421,0.3622,0.0079,-0.0000,5427,1,4,
107.6743,15353,307105,2558,2360,269,0,0,0.6421,0.3145,0.0079,0.0000,0.6421,0.3510,0.0079,-0.0000,5428,1,4,
107.6942,15354,307125,2558,2337,269,0,0,0.6421,0.2913,0.0079,0.0000,0.6421,0.3337,0.0079,-0.0003,5429,1,4,
107.7142,15355,307145,2558,2314,269,0,0,0.6421,0.2682,0.0079,0.0000,0.6421,0.3173,0.0079,-0.0001,5430,1,4,
107.7379,15356,307165,2558,2290,270,0,0,0.6421,0.2440,0.0079,0.0000,0.6421,0.2955,0.0079,-0.0000,5431,1,4,
107.7543,15357,307185,2558,2266,270,0,0,0.6421,0.2199,0.0079,0.0000,0.6421,0.2767,0.0079,-0.0000,5432,1,4,
107.7743,15358,307205,2558,2240,270,0,0,0.6421,0.1937,0.0079,0.0000,0.6421,0.2570,0.0079,-0.0000,5433,1,4,
107.8143,15360,307245,2558,2196,270,0,0,0.6421,0.1494,0.0079,0.0000,0.6421,0.2370,0.0079,-0.0000,5435,1,4,
107.8343,15361,307265,2558,2173,270,0,0,0.6421,0.1263,0.0079,0.0000,0.6421,0.2220,0.0079,-0.0000,5436,1,4,
107.8542,15362,307285,2558,2156,270,0,0,0.6421,0.1092,0.0079,0.0000,0.6421,0.1970,0.0079,-0.0000,5437,1,4,
107.8742,15363,307305,2558,2140,269,0,0,0.6421,0.0931,0.0079,0.0000,0.6421,0.1770,0.0079,-0.0000,5438,1,4,
107.8978,15364,307325,2558,2127,270,0,0,0.6421,0.0800,0.0079,0.0000,0.6421,0.1471,0.0079,-0.0000,5439,1,4,
107.9143,15365,307345,2558,2119,270,0,0,0.6421,0.0719,0.0079,0.0000,0.6421,0.1321,0.0079,-0.0000,5440,1,4,
107.9343,15366,307365,2558,2112,270,0,0,0.6421,0.0649,0.0079,0.0000,0.6421,0.1078,0.0079,-0.0000,5441,1,4,
107.9543,15367,307385,2558,2106,270,0,0,0.6421,0.0589,0.0079,0.0000,0.6421,0.0924,0.0079,-0.0000,5442,1,4,
107.9743,15368,307405,2558,2102,270,0,0,0.6421,0.0548,0.0079,0.0000,0.6421,0.0805,0.0079,-0.0000,5443,1,4,
107.9943,15369,307425,2559,2100,270,0,0,0.6434,0.0528,0.0079,0.0000,0.6423,0.0698,0.0079,-0.0000,5444,1,4,
108.0142,15370,307445,2559,2100,270,0,0,0.6434,0.0528,0.0079,0.0000,0.6427,0.0639,0.0079,-0.0000,5445,1,4,
108.0342,15371,307465,2559,2102,270,0,0,0.6434,0.0548,0.0079,0.0000,0.6429,0.0603,0.0079,-0.0000,5446,1,4,
108.0644,15372,307485,2559,2106,271,0,0,0.6434,0.0589,0.0080,0.0000,0.6430,0.0597,0.0079,-0.0000,5447,1,4,
108.0742,15373,307505,2559,2111,270,0,0,0.6434,0.0639,0.0079,0.0000,0.6431,0.0600,0.0079,-0.0000,5448,1,4,
108.0943,15374,307525,2558,2117,270,0,0,0.6421,0.0699,0.0079,0.0000,0.6431,0.0619,0.0079,-0.0000,5449,1,4,
108.1143,15375,307545,2558,2120,270,0,0,0.6421,0.0730,0.0079,0.0000,0.6427,0.0655,0.0079,-0.0000,5450,1,4,
108.1343,15376,307565,2559,2127,270,0,0,0.6434,0.0800,0.0079,0.0000,0.6426,0.0688,0.0079,-0.0000,5451,1,4,
108.1542,15377,307585,2559,2136,270,0,0,0.6434,0.0891,0.0079,0.0000,0.6429,0.0735,0.0079,-0.0000,5452,1,4,
108.1743,15378,307605,2558,2144,270,0,0,0.6421,0.0971,0.0079,0.0000,0.6430,0.0807,0.0079,-0.0000,5453,1,4,
108.1943,15379,307625,2558,2154,270,0,0,0.6421,0.1072,0.0079,0.0000,0.6427,0.0874,0.0079,-0.0000,5454,1,4,
108.2143,15380,307645,2558,2166,270,0,0,0.6421,0.1192,0.0079,0.0000,0.6425,0.0967,0.0079,-0.0000,5455,1,4,
108.2343,15381,307665,2558,2178,270,0,0,0.6421,0.1313,0.0079,0.0000,0.6424,0.1057,0.0079,-0.0000,5456,1,4,
108.2543,15382,307685,2558,2192,270,0,0,0.6421,0.1454,0.0079,0.0000,0.6423,0.1176,0.0079,0.0000,5457,1,4,
108.2742,15383,307705,2559,2207,270,0,0,0.6434,0.1605,0.0079,0.0000,0.6423,0.1287,0.0079,0.0000,5458,1,4,
108.3144,15384,307725,2559,2222,270,0,0,0.6434,0.1756,0.0079,0.0000,0.6427,0.1411,0.0079,0.0000,5459,1,4,
108.3147,15385,307745,2559,2238,270,0,0,0.6434,0.1917,0.0079,0.0000,0.6428,0.1461,0.0079,0.0000,5460,1,4,2.38
108.3351,15386,307765,2558,2254,270,0,0,0.6421,0.2078,0.0079,0.0000,0.6429,0.1634,0.0079,0.0000,5461,1,4,
108.3543,15387,307785,2558,2269,270,0,0,0.6421,0.2229,0.0079,0.0000,0.6426,0.1802,0.0079,0.0000,5462,1,4,
108.3742,15388,307805,2558,2283,270,0,0,0.6421,0.2370,0.0079,0.0000,0.6424,0.1991,0.0079,0.0000,5463,1,4,
108.3943,15389,307825,2558,2295,270,0,0,0.6421,0.2491,0.0079,0.0000,0.6423,0.2133,0.0079,0.0000,5464,1,4,
108.4143,15390,307845,2559,2308,270,0,0,0.6434,0.2621,0.0079,0.0000,0.6424,0.2293,0.0079,0.0000,5465,1,4,
108.4342,15391,307865,2558,2323,270,0,0,0.6421,0.2772,0.0079,0.0000,0.6426,0.2421,0.0079,0.0000,5466,1,4,
108.4542,15392,307885,2558,2336,270,0,0,0.6421,0.2903,0.0079,0.0000,0.6424,0.2555,0.0079,0.0000,5467,1,4,
108.4742,15393,307905,2559,2351,270,0,0,0.6434,0.3054,0.0079,0.0000,0.6424,0.2713,0.0079,0.0000,5468,1,4,
108.4949,15394,307925,2559,2362,270,0,0,0.6434,0.3165,0.0079,0.0000,0.6428,0.2841,0.0079,0.0000,5469,1,4,
108.5143,15395,307945,2559,2374,270,0,0,0.6434,0.3286,0.0079,0.0000,0.6430,0.2986,0.0079,-0.0000,5470,1,4,
108.5343,15396,307965,2559,2381,270,0,0,0.6434,0.3356,0.0079,0.0000,0.6432,0.3096,0.0079,-0.0000,5471,1,4,
108.5642,15397,307985,2559,2387,270,0,0,0.6434,0.3416,0.0079,0.0000,0.6432,0.3151,0.0079,-0.0000,5472,1,4,
108.5742,15398,308005,2558,2392,270,0,0,0.6421,0.3467,0.0079,0.0000,0.6431,0.3207,0.0079,-0.0000,5473,1,4,
108.5943,15399,308025,2558,2395,270,0,0,0.6421,0.3497,0.0079,0.0000,0.6427,0.3316,0.0079,-0.0000,5474,1,4,
108.6143,15400,308045,2558,2397,270,0,0,0.6421,0.3517,0.0079,0.0000,0.6425,0.3380,0.0079,-0.0000,5475,1,4,
108.6342,15401,308065,2558,2398,270,0,0,0.6421,0.3527,0.0079,0.0000,0.6424,0.3429,0.0079,-0.0000,5476,1,4,
108.6543,15402,308085,2558,2400,270,0,0,0.6421,0.3547,0.0079,0.0000,0.6423,0.3471,0.0079,-0.0000,5477,1,4,
108.6743,15403,308105,2558,2400,270,0,0,0.6421,0.3547,0.0079,0.0000,0.6422,0.3497,0.0079,-0.0000,5478,1,4,
108.6943,15404,308125,2558,2398,270,0,0,0.6421,0.3527,0.0079,0.0000,0.6422,0.3516,0.0079,-0.0000,5479,1,4,
108.7143,15405,308145,2558,2394,270,0,0,0.6421,0.3487,0.0079,0.0000,0.6422,0.3516,0.0079,-0.0000,5480,1,4,
108.7343,15406,308165,2558,2390,270,0,0,0.6421,0.3447,0.0079,0.0000,0.6422,0.3500,0.0079,-0.0000,5481,1,4,
108.7543,15407,308185,2558,2386,270,0,0,0.6421,0.3406,0.0079,0.0000,0.6422,0.3478,0.0079,-0.0000,5482,1,4,
108.7743,15408,308205,2558,2376,269,0,0,0.6421,0.3306,0.0079,0.0000,0.6421,0.3443,0.0079,-0.0000,5483,1,4,
108.8142,15409,308225,2558,2368,270,0,0,0.6421,0.3225,0.0079,0.0000,0.6421,0.3379,0.0079,-0.0000,5484,1,4,
108.8144,15410,308245,2558,2356,270,0,0,0.6421,0.3104,0.0079,0.0000,0.6421,0.3351,0.0079,-0.0000,5485,1,4,
108.8343,15411,308265,2559,2342,270,0,0,0.6434,0.2964,0.0079,0.0000,0.6423,0.3252,0.0079,-0.0000,5486,1,4,
108.8543,15412,308285,2559,2326,269,0,0,0.6434,0.2803,0.0079,0.0000,0.6427,0.3137,0.0079,-0.0000,5487,1,4,
108.8743,15413,308305,2558,2311,270,0,0,0.6421,0.2652,0.0079,0.0000,0.6428,0.2985,0.0079,-0.0000,5488,1,4,
108.8943,15414,308325,2558,2295,270,0,0,0.6421,0.2491,0.0079,0.0000,0.6426,0.2854,0.0079,-0.0000,5489,1,4,
108.9143,15415,308345,2558,2280,270,0,0,0.6421,0.2340,0.0079,0.0000,0.6424,0.2690,0.0079,-0.0000,5490,1,4,
108.9343,15416,308365,2558,2266,270,0,0,0.6421,0.2199,0.0079,0.0000,0.6423,0.2555,0.0079,-0.0000,5491,1,4,
108.9543,15417,308385,2558,2252,270,0,0,0.6421,0.2058,0.0079,0.0000,0.6423,0.2419,0.0079,-0.0000,5492,1,4,
108.9742,15418,308405,2558,2241,270,0,0,0.6421,0.1947,0.0079,0.0000,0.6422,0.2260,0.0079,-0.0000,5493,1,4,
108.9948,15419,308425,2558,2233,270,0,0,0.6421,0.1867,0.0079,0.0000,0.6422,0.2144,0.0079,-0.0000,5494,1,4,
109.0143,15420,308445,2558,2224,270,0,0,0.6421,0.1776,0.0079,0.0000,0.6422,0.2021,0.0079,-0.0000,5495,1,4,
109.0343,15421,308465,2558,2218,270,0,0,0.6421,0.1716,0.0079,0.0000,0.6422,0.1931,0.0079,-0.0000,5496,1,4,
109.0643,15422,308485,2558,2213,271,0,0,0.6421,0.1665,0.0080,0.0000,0.6422,0.1868,0.0079,-0.0000,5497,1,4,
109.0783,15423,308505,2558,2209,271,0,0,0.6421,0.1625,0.0080,0.0000,0.6421,0.1843,0.0079,-0.0000,5498,1,4,
109.0943,15424,308525,2558,2207,270,0,0,0.6421,0.1605,0.0079,0.0000,0.6421,0.1782,0.0079,-0.0000,5499,1,4,
109.1142,15425,308545,2558,2205,270,0,0,0.6421,0.1585,0.0079,0.0000,0.6421,0.1719,0.0079,-0.0000,5500,1,4,
109.1343,15426,308565,2558,2204,270,0,0,0.6421,0.1575,0.0079,0.0000,0.6421,0.1663,0.0079,-0.0000,5501,1,4,
109.1543,15427,308585,2558,2203,270,0,0,0.6421,0.1565,0.0079,0.0000,0.6421,0.1632,0.0079,-0.0000,5502,1,4,
109.1742,15428,308605,2558,2203,270,0,0,0.6421,0.1565,0.0079,0.0000,0.6421,0.1604,0.0079,-0.0000,5503,1,4,
109.1943,15429,308625,2558,2202,270,0,0,0.6421,0.1555,0.0079,0.0000,0.6421,0.1590,0.0079,-0.0000,5504,1,4,
109.2142,15430,308645,2558,2202,270,0,0,0.6421,0.1555,0.0079,0.0000,0.6421,0.1576,0.0079,-0.0000,5505,1,4,
109.2343,15431,308665,2558,2202,270,0,0,0.6421,0.1555,0.0079,0.0000,0.6421,0.1568,0.0079,-0.0000,5506,1,4,
109.2543,15432,308685,2558,2202,270,0,0,0.6421,0.1555,0.0079,0.0000,0.6421,0.1563,0.0079,-0.0000,5507,1,4,
109.2742,15433,308705,2558,2202,270,0,0,0.6421,0.1555,0.0079,0.0000,0.6421,0.1560,0.0079,-0.0000,5508,1,4,
109.2943,15434,308725,2558,2203,270,0,0,0.6421,0.1565,0.0079,0.0000,0.6421,0.1559,0.0079,-0.0000,5509,1,4,
109.3213,15435,308745,2558,2203,270,0,0,0.6421,0.1565,0.0079,0.0000,0.6421,0.1561,0.0079,-0.0000,5510,1,4,2.43
109.3343,15436,308765,2558,2202,270,0,0,0.6421,0.1555,0.0079,0.0000,0.6421,0.1561,0.0079,-0.0000,5511,1,4,
109.3543,15437,308785,2558,2202,270,0,0,0.6421,0.1555,0.0079,0.0000,0.6421,0.1558,0.0079,-0.0000,5512,1,4,
109.3743,15438,308805,2559,2202,270,0,0,0.6434,0.1555,0.0079,0.0000,0.6423,0.1557,0.0079,-0.0000,5513,1,4,
109.3943,15439,308825,2558,2202,270,0,0,0.6421,0.1555,0.0079,0.0000,0.6426,0.1556,0.0079,-0.0000,5514,1,4,
109.4143,15440,308845,2558,2202,270,0,0,0.6421,0.1555,0.0079,0.0000,0.6424,0.1556,0.0079,-0.0000,5515,1,4,
109.4342,15441,308865,2558,2201,270,0,0,0.6421,0.1545,0.0079,0.0000,0.6423,0.1554,0.0079,-0.0000,5516,1,4,
109.4543,15442,308885,2560,2202,270,0,0,0.6447,0.1555,0.0079,0.0000,0.6425,0.1552,0.0079,-0.0000,5517,1,4,
109.4743,15443,308905,2559,2202,270,0,0,0.6434,0.1555,0.0079,0.0000,0.6431,0.1553,0.0079,-0.0000,5518,1,4,
109.4943,15444,308925,2559,2202,270,0,0,0.6434,0.1555,0.0079,0.0000,0.6432,0.1554,0.0079,-0.0000,5519,1,4,
109.5143,15445,308945,2559,2202,270,0,0,0.6434,0.1555,0.0079,0.0000,0.6433,0.1554,0.0079,-0.0000,5520,1,4,
109.5343,15446,308965,2560,2202,270,0,0,0.6447,0.1555,0.0079,0.0000,0.6435,0.1555,0.0079,-0.0000,5521,1,4,
109.5783,15448,309005,2559,2202,270,0,0,0.6434,0.1555,0.0079,0.0000,0.6438,0.1555,0.0079,-0.0000,5523,1,4,
109.5942,15449,309025,2558,2202,270,0,0,0.6421,0.1555,0.0079,0.0000,0.6436,0.1555,0.0079,-0.0000,5524,1,4,
109.6143,15450,309045,2558,2203,270,0,0,0.6421,0.1565,0.0079,0.0000,0.6430,0.1556,0.0079,-0.0000,5525,1,4,
109.6342,15451,309065,2558,2202,270,0,0,0.6421,0.1555,0.0079,0.0000,0.6427,0.1558,0.0079,-0.0000,5526,1,4,
109.6543,15452,309085,2558,2202,270,0,0,0.6421,0.1555,0.0079,0.0000,0.6425,0.1557,0.0079,-0.0000,5527,1,4,
109.6743,15453,309105,2558,2202,270,0,0,0.6421,0.1555,0.0079,0.0000,0.6424,0.1556,0.0079,-0.0000,5528,1,4,
109.6943,15454,309125,2558,2202,270,0,0,0.6421,0.1555,0.0079,0.0000,0.6423,0.1556,0.0079,-0.0000,5529,1,4,
109.7143,15455,309145,2558,2202,270,0,0,0.6421,0.1555,0.0079,0.0000,0.6422,0.1555,0.0079,-0.0000,5530,1,4,
109.7343,15456,309165,2558,2202,270,0,0,0.6421,0.1555,0.0079,0.0000,0.6422,0.1555,0.0079,-0.0000,5531,1,4,
109.7543,15457,309185,2558,2202,270,0,0,0.6421,0.1555,0.0079,0.0000,0.6422,0.1555,0.0079,-0.0000,5532,1,4,
109.7742,15458,309205,2558,2202,270,0,0,0.6421,0.1555,0.0079,0.0000,0.6422,0.1555,0.0079,-0.0000,5533,1,4,
109.7943,15459,309225,2558,2202,270,0,0,0.6421,0.1555,0.0079,0.0000,0.6422,0.1555,0.0079,-0.0000,5534,1,4,
109.8284,15460,309245,2558,2202,270,0,0,0.6421,0.1555,0.0079,0.0000,0.6421,0.1555,0.0079,-0.0000,5535,1,4,
109.8342,15461,309265,2558,2202,270,0,0,0.6421,0.1555,0.0079,0.0000,0.6421,0.1555,0.0079,-0.0000,5536,1,4,
109.8543,15462,309285,2558,2202,270,0,0,0.6421,0.1555,0.0079,0.0000,0.6421,0.1555,0.0079,-0.0000,5537,1,4,
109.8744,15463,309305,2558,2202,270,0,0,0.6421,0.1555,0.0079,0.0000,0.6421,0.1555,0.0079,-0.0000,5538,1,4,
109.8943,15464,309325,2558,2203,270,0,0,0.6421,0.1565,0.0079,0.0000,0.6421,0.1556,0.0079,-0.0000,5539,1,4,
109.9142,15465,309345,2559,2203,270,0,0,0.6434,0.1565,0.0079,0.0000,0.6423,0.1560,0.0079,-0.0000,5540,1,4,
109.9342,15466,309365,2558,2203,270,0,0,0.6421,0.1565,0.0079,0.0000,0.6425,0.1562,0.0079,-0.0000,5541,1,4,
109.9543,15467,309385,2558,2202,270,0,0,0.6421,0.1555,0.0079,0.0000,0.6424,0.1562,0.0079,-0.0000,5542,1,4,
109.9742,15468,309405,2558,2202,270,0,0,0.6421,0.1555,0.0079,0.0000,0.6423,0.1560,0.0079,-0.0000,5543,1,4,
109.9942,15469,309425,2558,2203,270,0,0,0.6421,0.1565,0.0079,0.0000,0.6422,0.1559,0.0079,-0.0000,5544,1,4,
110.0143,15470,309445,2558,2203,270,0,0,0.6421,0.1565,0.0079,0.0000,0.6422,0.1561,0.0079,-0.0000,5545,1,4,
110.0343,15471,309465,2558,2203,270,0,0,0.6421,0.1565,0.0079,0.0000,0.6422,0.1563,0.0079,-0.0000,5546,1,4,
110.0543,15472,309485,2558,2202,270,0,0,0.6421,0.1555,0.0079,0.0000,0.6422,0.1562,0.0079,-0.0000,5547,1,4,
110.0782,15473,309505,2558,2202,270,0,0,0.6421,0.1555,0.0079,0.0000,0.6422,0.1561,0.0079,-0.0000,5548,1,4,
110.0943,15474,309525,2558,2201,270,0,0,0.6421,0.1545,0.0079,0.0000,0.6422,0.1558,0.0079,-0.0000,5549,1,4,
110.1143,15475,309545,2558,2201,270,0,0,0.6421,0.1545,0.0079,0.0000,0.6421,0.1554,0.0079,-0.0000,5550,1,4,
110.1343,15476,309565,2558,2202,270,0,0,0.6421,0.1555,0.0079,0.0000,0.6421,0.1551,0.0079,-0.0000,5551,1,4,
110.1543,15477,309585,2558,2202,270,0,0,0.6421,0.1555,0.0079,0.0000,0.6421,0.1552,0.0079,-0.0000,5552,1,4,
110.1744,15478,309605,2558,2202,269,0,0,0.6421,0.1555,0.0079,0.0000,0.6421,0.1553,0.0079,-0.0000,5553,1,4,
110.1943,15479,309625,2558,2202,269,0,0,0.6421,0.1555,0.0079,0.0000,0.6421,0.1554,0.0079,-0.0000,5554,1,4,
110.2143,15480,309645,2558,2202,270,0,0,0.6421,0.1555,0.0079,0.0000,0.6421,0.1554,0.0079,-0.0000,5555,1,4,
110.2343,15481,309665,2558,2202,269,0,0,0.6421,0.1555,0.0079,0.0000,0.6421,0.1555,0.0079,-0.0000,5556,1,4,
110.2543,15482,309685,2558,2202,269,0,0,0.6421,0.1555,0.0079,0.0000,0.6421,0.1555,0.0079,-0.0000,5557,1,4,
110.2743,15483,309705,2558,2202,269,0,0,0.6421,0.1555,0.0079,0.0000,0.6421,0.1555,0.0079,-0.0000,5558,1,4,
110.2943,15484,309725,2558,2203,269,0,0,0.6421,0.1565,0.0079,0.0000,0.6421,0.1556,0.0079,-0.0000,5559,1,4,
110.3355,15486,309765,2558,2203,270,0,0,0.6421,0.1565,0.0079,0.0000,0.6421,0.1560,0.0079,-0.0000,5561,1,4,2.28
110.3543,15487,309785,2558,2202,270,0,0,0.6421,0.1555,0.0079,0.0000,0.6421,0.1560,0.0079,-0.0000,5562,1,4,
110.3742,15488,309805,2558,2202,270,0,0,0.6421,0.1555,0.0079,0.0000,0.6421,0.1559,0.0079,-0.0000,5563,1,4,
110.3942,15489,309825,2558,2202,270,0,0,0.6421,0.1555,0.0079,0.0000,0.6421,0.1557,0.0079,-0.0000,5564,1,4,
110.4142,15490,309845,2558,2202,270,0,0,0.6421,0.1555,0.0079,0.0000,0.6421,0.1556,0.0079,-0.0000,5565,1,4,
110.4343,15491,309865,2558,2202,270,0,0,0.6421,0.1555,0.0079,0.0000,0.6421,0.1556,0.0079,-0.0000,5566,1,4,
110.4542,15492,309885,2558,2202,270,0,0,0.6421,0.1555,0.0079,0.0000,0.6421,0.1555,0.0079,-0.0000,5567,1,4,
110.4742,15493,309905,2558,2202,270,0,0,0.6421,0.1555,0.0079,0.0000,0.6421,0.1555,0.0079,-0.0000,5568,1,4,
110.4943,15494,309925,2558,2201,270,0,0,0.6421,0.1545,0.0079,0.0000,0.6421,0.1554,0.0079,-0.0000,5569,1,4,
110.5144,15495,309945,2558,2202,270,0,0,0.6421,0.1555,0.0079,0.0000,0.6421,0.1552,0.0079,-0.0000,5570,1,4,
110.5342,15496,309965,2558,2202,270,0,0,0.6421,0.1555,0.0079,0.0000,0.6421,0.1553,0.0079,-0.0000,5571,1,4,
110.5542,15497,309985,2558,2202,270,0,0,0.6421,0.1555,0.0079,0.0000,0.6421,0.1554,0.0079,-0.0000,5572,1,4,
110.5849,15498,310005,2558,2201,270,0,0,0.6421,0.1545,0.0079,0.0000,0.6421,0.1553,0.0079,-0.0000,5573,1,4,
110.5942,15499,310025,2559,2202,270,0,0,0.6434,0.1555,0.0079,0.0000,0.6423,0.1552,0.0079,-0.0000,5574,1,4,
110.6142,15500,310045,2559,2202,270,0,0,0.6434,0.1555,0.0079,0.0000,0.6427,0.1553,0.0079,-0.0000,5575,1,4,
110.6342,15501,310065,2559,2202,270,0,0,0.6434,0.1555,0.0079,0.0000,0.6429,0.1554,0.0079,-0.0000,5576,1,4,
110.6543,15502,310085,2558,2202,270,0,0,0.6421,0.1555,0.0079,0.0000,0.6430,0.1554,0.0079,-0.0000,5577,1,4,
110.6742,15503,310105,2558,2202,270,0,0,0.6421,0.1555,0.0079,0.0000,0.6427,0.1555,0.0079,-0.0000,5578,1,4,
110.6942,15504,310125,2558,2202,270,0,0,0.6421,0.1555,0.0079,0.0000,0.6425,0.1555,0.0079,-0.0000,5579,1,4,
110.7142,15505,310145,2558,2202,270,0,0,0.6421,0.1555,0.0079,0.0000,0.6424,0.1555,0.0079,-0.0000,5580,1,4,
110.7342,15506,310165,2558,2201,270,0,0,0.6421,0.1545,0.0079,0.0000,0.6423,0.1554,0.0079,-0.0000,5581,1,4,
110.7542,15507,310185,2558,2201,270,0,0,0.6421,0.1545,0.0079,0.0000,0.6422,0.1551,0.0079,-0.0000,5582,1,4,
110.7742,15508,310205,2558,2202,270,0,0,0.6421,0.1555,0.0079,0.0000,0.6422,0.1550,0.0079,-0.0000,5583,1,4,
110.7942,15509,310225,2558,2202,270,0,0,0.6421,0.1555,0.0079,0.0000,0.6422,0.1552,0.0079,-0.0000,5584,1,4,
110.8142,15510,310245,2558,2202,270,0,0,0.6421,0.1555,0.0079,0.0000,0.6422,0.1553,0.0079,-0.0000,5585,1,4,
110.8422,15511,310265,2558,2202,270,0,0,0.6421,0.1555,0.0079,0.0000,0.6422,0.1553,0.0079,-0.0000,5586,1,4,
110.8542,15512,310285,2558,2201,270,0,0,0.6421,0.1545,0.0079,0.0000,0.6422,0.1553,0.0079,-0.0000,5587,1,4,
110.8742,15513,310305,2558,2201,270,0,0,0.6421,0.1545,0.0079,0.0000,0.6421,0.1549,0.0079,-0.0000,5588,1,4,
110.8942,15514,310325,2558,2202,270,0,0,0.6421,0.1555,0.0079,0.0000,0.6421,0.1549,0.0079,-0.0000,5589,1,4,
110.9142,15515,310345,2558,2202,270,0,0,0.6421,0.1555,0.0079,0.0000,0.6421,0.1551,0.0079,-0.0000,5590,1,4,
110.9343,15516,310365,2558,2202,270,0,0,0.6421,0.1555,0.0079,0.0000,0.6421,0.1553,0.0079,-0.0000,5591,1,4,
110.9542,15517,310385,2558,2202,270,0,0,0.6421,0.1555,0.0079,0.0000,0.6421,0.1553,0.0079,-0.0000,5592,1,4,
110.9742,15518,310405,2558,2202,270,0,0,0.6421,0.1555,0.0079,0.0000,0.6421,0.1554,0.0079,-0.0000,5593,1,4,
110.9942,15519,310425,2558,2202,269,0,0,0.6421,0.1555,0.0079,0.0000,0.6421,0.1554,0.0079,-0.0000,5594,1,4,
111.0142,15520,310445,2558,2202,269,0,0,0.6421,0.1555,0.0079,0.0000,0.6421,0.1555,0.0079,-0.0000,5595,1,4,
111.0342,15521,310465,2558,2202,269,0,0,0.6421,0.1555,0.0079,0.0000,0.6421,0.1555,0.0079,-0.0000,5596,1,4,
111.0542,15522,310485,2558,2202,269,0,0,0.6421,0.1555,0.0079,0.0000,0.6421,0.1555,0.0079,-0.0000,5597,1,4,
111.0942,15524,310525,2558,2202,270,0,0,0.6421,0.1555,0.0079,0.0000,0.6421,0.1555,0.0079,-0.0000,5599,1,4,
111.1143,15525,310545,2558,2202,270,0,0,0.6421,0.1555,0.0079,0.0000,0.6421,0.1555,0.0079,-0.0000,5600,1,4,
111.1343,15526,310565,2558,2201,270,0,0,0.6421,0.1545,0.0079,0.0000,0.6421,0.1554,0.0079,-0.0000,5601,1,4,
111.1543,15527,310585,2558,2201,270,0,0,0.6421,0.1545,0.0079,0.0000,0.6421,0.1551,0.0079,-0.0000,5602,1,4,
111.1742,15528,310605,2558,2201,270,0,0,0.6421,0.1545,0.0079,0.0000,0.6421,0.1548,0.0079,-0.0000,5603,1,4,
111.1942,15529,310625,2558,2201,269,0,0,0.6421,0.1545,0.0079,0.0000,0.6421,0.1547,0.0079,-0.0000,5604,1,4,
111.2143,15530,310645,2558,2202,270,0,0,0.6421,0.1555,0.0079,0.0000,0.6421,0.1547,0.0079,-0.0000,5605,1,4,
111.2343,15531,310665,2558,2201,270,0,0,0.6421,0.1545,0.0079,0.0000,0.6421,0.1549,0.0079,-0.0000,5606,1,4,
111.2543,15532,310685,2558,2201,270,0,0,0.6421,0.1545,0.0079,0.0000,0.6421,0.1547,0.0079,-0.0000,5607,1,4,
111.2743,15533,310705,2558,2202,270,0,0,0.6421,0.1555,0.0079,0.0000,0.6421,0.1547,0.0079,-0.0000,5608,1,4,
111.2942,15534,310725,2558,2202,270,0,0,0.6421,0.1555,0.0079,0.0000,0.6421,0.1550,0.0079,-0.0000,5609,1,4,
111.3142,15535,310745,2558,2203,270,0,0,0.6421,0.1565,0.0079,0.0000,0.6421,0.1553,0.0079,-0.0000,5610,1,4,
111.3487,15536,310765,2558,2202,270,0,0,0.6421,0.1555,0.0079,0.0000,0.6421,0.1554,0.0079,-0.0000,5611,1,4,6.78
111.3543,15537,310785,2558,2202,270,0,0,0.6421,0.1555,0.0079,0.0000,0.6421,0.1554,0.0079,-0.0000,5612,1,4,
111.3742,15538,310805,2558,2202,271,0,0,0.6421,0.1555,0.0080,0.0000,0.6421,0.1555,0.0079,-0.0000,5613,1,4,
111.3943,15539,310825,2558,2202,271,0,0,0.6421,0.1555,0.0080,0.0000,0.6421,0.1555,0.0079,-0.0000,5614,1,4,
111.4144,15540,310845,2558,2202,271,0,0,0.6421,0.1555,0.0080,0.0000,0.6421,0.1555,0.0079,-0.0000,5615,1,4,
111.4343,15541,310865,2558,2203,271,0,0,0.6421,0.1565,0.0080,0.0000,0.6421,0.1556,0.0080,-0.0000,5616,1,4,
111.4542,15542,310885,2558,2203,271,0,0,0.6421,0.1565,0.0080,0.0000,0.6421,0.1559,0.0080,-0.0000,5617,1,4,
111.4742,15543,310905,2558,2202,271,0,0,0.6421,0.1555,0.0080,0.0000,0.6421,0.1560,0.0080,-0.0000,5618,1,4,
111.4943,15544,310925,2558,2202,271,0,0,0.6421,0.1555,0.0080,0.0000,0.6421,0.1558,0.0080,-0.0000,5619,1,4,
111.5143,15545,310945,2558,2202,270,0,0,0.6421,0.1555,0.0079,0.0000,0.6421,0.1557,0.0080,-0.0000,5620,1,4,
111.5342,15546,310965,2558,2202,270,0,0,0.6421,0.1555,0.0079,0.0000,0.6421,0.1556,0.0079,-0.0000,5621,1,4,
