t_pc_s,seq,t_esp_ms,pot_base,pot_codo,pot_pinza,pinza,rutina_activa,obj_j1,obj_j2,obj_jg,obj_dedos,real_j1,real_j2,real_jg,real_dedos,tramas_ok,tramas_malas,tramas_perdidas,rtt_ms
-0.0076,18556,371165,2559,2201,270,0,0,0.6434,0.1545,0.0079,0.0000,0.0063,0.0050,0.0000,0.0012,48,0,0,751.21
0.0123,18557,371185,2559,2202,270,0,0,0.6434,0.1555,0.0079,0.0000,0.0250,0.0200,0.0001,0.0025,49,0,0,
0.0323,18558,371205,2558,2202,270,0,0,0.6421,0.1555,0.0079,0.0000,0.0562,0.0450,0.0004,0.0015,50,0,0,
0.0523,18559,371225,2559,2202,270,0,0,0.6434,0.1555,0.0079,0.0000,0.0813,0.0650,0.0008,0.0010,51,0,0,
0.0724,18560,371245,2559,2202,270,0,0,0.6434,0.1555,0.0079,0.0000,0.1063,0.0850,0.0015,0.0006,52,0,0,
0.0923,18561,371265,2558,2202,270,0,0,0.6421,0.1555,0.0079,0.0000,0.1375,0.1100,0.0025,0.0004,53,0,0,
0.1149,18562,371285,2558,2201,270,0,0,0.6421,0.1545,0.0079,0.0000,0.1688,0.1285,0.0039,0.0002,54,0,0,
0.1323,18563,371305,2558,2201,270,0,0,0.6421,0.1545,0.0079,0.0000,0.1875,0.1356,0.0048,0.0002,55,0,0,
0.1523,18564,371325,2558,2201,270,0,0,0.6421,0.1545,0.0079,0.0000,0.2188,0.1433,0.0061,0.0001,56,0,0,
0.1723,18565,371345,2558,2201,270,0,0,0.6421,0.1545,0.0079,0.0000,0.2438,0.1472,0.0067,0.0001,57,0,0,
0.1923,18566,371365,2558,2201,270,0,0,0.6421,0.1545,0.0079,0.0000,0.2750,0.1502,0.0072,0.0000,58,0,0,
0.2123,18567,371385,2558,2201,270,0,0,0.6421,0.1545,0.0079,0.0000,0.3000,0.1516,0.0074,0.0000,59,0,0,
0.2324,18568,371405,2558,2201,270,0,0,0.6421,0.1545,0.0079,0.0000,0.3312,0.1528,0.0076,0.0000,60,0,0,
0.2748,18570,371445,2558,2201,270,0,0,0.6421,0.1545,0.0079,0.0000,0.3625,0.1535,0.0078,0.0000,62,0,0,14.26
0.2923,18571,371465,2558,2201,270,0,0,0.6421,0.1545,0.0079,0.0000,0.3875,0.1538,0.0078,0.0000,63,0,0,
0.3123,18572,371485,2558,2201,270,0,0,0.6421,0.1545,0.0079,0.0000,0.4125,0.1541,0.0079,0.0000,64,0,0,
0.3323,18573,371505,2558,2201,270,0,0,0.6421,0.1545,0.0079,0.0000,0.4375,0.1542,0.0079,0.0000,65,0,0,
0.3523,18574,371525,2558,2201,270,0,0,0.6421,0.1545,0.0079,0.0000,0.4687,0.1543,0.0079,-0.0000,66,0,0,
0.3724,18575,371545,2558,2201,270,0,0,0.6421,0.1545,0.0079,0.0000,0.4937,0.1544,0.0079,-0.0000,67,0,0,
0.3923,18576,371565,2558,2201,270,0,0,0.6421,0.1545,0.0079,0.0000,0.5250,0.1544,0.0079,-0.0000,68,0,0,
0.4123,18577,371585,2558,2201,269,0,0,0.6421,0.1545,0.0079,0.0000,0.5500,0.1544,0.0079,-0.0000,69,0,0,
0.4324,18578,371605,2558,2201,269,0,0,0.6421,0.1545,0.0079,0.0000,0.5812,0.1545,0.0079,-0.0000,70,0,0,
0.4523,18579,371625,2558,2201,270,0,0,0.6421,0.1545,0.0079,0.0000,0.6022,0.1545,0.0079,-0.0000,71,0,0,
0.4723,18580,371645,2558,2201,270,0,0,0.6421,0.1545,0.0079,0.0000,0.6159,0.1545,0.0079,-0.0000,72,0,0,
0.4923,18581,371665,2558,2202,270,0,0,0.6421,0.1555,0.0079,0.0000,0.6267,0.1546,0.0079,-0.0000,73,0,0,
0.5311,18582,371685,2558,2202,270,0,0,0.6421,0.1555,0.0079,0.0000,0.6309,0.1548,0.0079,-0.0000,74,0,0,
0.5325,18583,371705,2558,2202,270,0,0,0.6421,0.1555,0.0079,0.0000,0.6320,0.1549,0.0079,-0.0000,75,0,0,
0.5523,18584,371725,2558,2202,270,0,0,0.6421,0.1555,0.0079,0.0000,0.6355,0.1551,0.0079,-0.0000,76,0,0,
0.5723,18585,371745,2558,2202,269,0,0,0.6421,0.1555,0.0079,0.0000,0.6382,0.1553,0.0079,-0.0000,77,0,0,
0.5924,18586,371765,2558,2202,270,0,0,0.6421,0.1555,0.0079,0.0000,0.6396,0.1553,0.0079,-0.0000,78,0,0,
0.6122,18587,371785,2558,2201,269,0,0,0.6421,0.1545,0.0079,0.0000,0.6406,0.1553,0.0079,-0.0000,79,0,0,
0.6323,18588,371805,2558,2201,270,0,0,0.6421,0.1545,0.0079,0.0000,0.6411,0.1550,0.0079,-0.0000,80,0,0,
0.6524,18589,371825,2558,2201,270,0,0,0.6421,0.1545,0.0079,0.0000,0.6415,0.1548,0.0079,-0.0000,81,0,0,
0.6723,18590,371845,2558,2201,270,0,0,0.6421,0.1545,0.0079,0.0000,0.6418,0.1547,0.0079,-0.0000,82,0,0,
0.6923,18591,371865,2558,2201,269,0,0,0.6421,0.1545,0.0079,0.0000,0.6419,0.1546,0.0079,-0.0000,83,0,0,
0.7123,18592,371885,2558,2201,269,0,0,0.6421,0.1545,0.0079,0.0000,0.6420,0.1546,0.0079,-0.0000,84,0,0,
0.7323,18593,371905,2558,2201,269,0,0,0.6421,0.1545,0.0079,0.0000,0.6420,0.1545,0.0079,-0.0000,85,0,0,
0.7523,18594,371925,2558,2201,269,0,0,0.6421,0.1545,0.0079,0.0000,0.6421,0.1545,0.0079,-0.0000,86,0,0,
0.7814,18595,371945,2558,2201,269,0,0,0.6421,0.1545,0.0079,0.0000,0.6421,0.1545,0.0079,-0.0000,87,0,0,
0.7923,18596,371965,2558,2201,269,0,0,0.6421,0.1545,0.0079,0.0000,0.6421,0.1545,0.0079,-0.0000,88,0,0,
0.8123,18597,371985,2558,2201,269,0,0,0.6421,0.1545,0.0079,0.0000,0.6421,0.1545,0.0079,-0.0000,89,0,0,
0.8323,18598,372005,2558,2201,269,0,0,0.6421,0.1545,0.0079,0.0000,0.6421,0.1545,0.0079,-0.0000,90,0,0,
0.8524,18599,372025,2558,2201,270,0,0,0.6421,0.1545,0.0079,0.0000,0.6421,0.1545,0.0079,-0.0000,91,0,0,
0.8724,18600,372045,2558,2201,270,0,0,0.6421,0.1545,0.0079,0.0000,0.6421,0.1545,0.0079,-0.0000,92,0,0,
0.8923,18601,372065,2558,2201,270,0,0,0.6421,0.1545,0.0079,0.0000,0.6421,0.1545,0.0079,-0.0000,93,0,0,
0.9124,18602,372085,2558,2201,270,0,0,0.6421,0.1545,0.0079,0.0000,0.6421,0.1545,0.0079,-0.0000,94,0,0,
0.9324,18603,372105,2558,2201,270,0,0,0.6421,0.1545,0.0079,0.0000,0.6421,0.1545,0.0079,-0.0000,95,0,0,
0.9523,18604,372125,2558,2201,270,0,0,0.6421,0.1545,0.0079,0.0000,0.6421,0.1545,0.0079,-0.0000,96,0,0,
0.9724,18605,372145,2558,2201,269,0,0,0.6421,0.1545,0.0079,0.0000,0.6421,0.1545,0.0079,-0.0000,97,0,0,
0.9924,18606,372165,2558,2201,270,0,0,0.6421,0.1545,0.0079,0.0000,0.6421,0.1545,0.0079,-0.0000,98,0,0,
1.0312,18607,372185,2559,2201,270,0,0,0.6434,0.1545,0.0079,0.0000,0.6423,0.1545,0.0079,-0.0000,99,0,0,
1.0323,18608,372205,2558,2201,270,0,0,0.6421,0.1545,0.0079,0.0000,0.6423,0.1545,0.0079,-0.0000,100,0,0,
1.0524,18609,372225,2558,2201,270,0,0,0.6421,0.1545,0.0079,0.0000,0.6422,0.1545,0.0079,-0.0000,101,0,0,
1.0723,18610,372245,2558,2201,270,0,0,0.6421,0.1545,0.0079,0.0000,0.6422,0.1545,0.0079,-0.0000,102,0,0,
1.0924,18611,372265,2558,2201,270,0,0,0.6421,0.1545,0.0079,0.0000,0.6422,0.1545,0.0079,-0.0000,103,0,0,
1.1123,18612,372285,2558,2201,269,0,0,0.6421,0.1545,0.0079,0.0000,0.6422,0.1545,0.0079,-0.0000,104,0,0,
1.1323,18613,372305,2558,2202,269,0,0,0.6421,0.1555,0.0079,0.0000,0.6421,0.1546,0.0079,-0.0000,105,0,0,
1.1524,18614,372325,2558,2201,270,0,0,0.6421,0.1545,0.0079,0.0000,0.6421,0.1548,0.0079,-0.0000,106,0,0,
1.1724,18615,372345,2558,2201,270,0,0,0.6421,0.1545,0.0079,0.0000,0.6421,0.1547,0.0079,-0.0000,107,0,0,
1.1923,18616,372365,2558,2201,270,0,0,0.6421,0.1545,0.0079,0.0000,0.6421,0.1546,0.0079,-0.0000,108,0,0,
1.2123,18617,372385,2557,2201,270,0,0,0.6409,0.1545,0.0079,0.0000,0.6420,0.1546,0.0079,-0.0000,109,0,0,
1.2324,18618,372405,2558,2201,270,0,0,0.6421,0.1545,0.0079,0.0000,0.6417,0.1545,0.0079,-0.0000,110,0,0,
1.2524,18619,372425,2558,2201,270,0,0,0.6421,0.1545,0.0079,0.0000,0.6418,0.1545,0.0079,-0.0000,111,0,0,
1.2816,18620,372445,2558,2201,270,0,0,0.6421,0.1545,0.0079,0.0000,0.6419,0.1545,0.0079,-0.0000,112,0,0,1.96
1.2923,18621,372465,2559,2201,270,0,0,0.6434,0.1545,0.0079,0.0000,0.6421,0.1545,0.0079,-0.0000,113,0,0,
1.3123,18622,372485,2559,2201,270,0,0,0.6434,0.1545,0.0079,0.0000,0.6425,0.1545,0.0079,-0.0000,114,0,0,
1.3323,18623,372505,2558,2201,270,0,0,0.6421,0.1545,0.0079,0.0000,0.6428,0.1545,0.0079,-0.0000,115,0,0,
1.3524,18624,372525,2558,2201,270,0,0,0.6421,0.1545,0.0079,0.0000,0.6425,0.1545,0.0079,-0.0000,116,0,0,
1.3723,18625,372545,2558,2201,270,0,0,0.6421,0.1545,0.0079,0.0000,0.6424,0.1545,0.0079,-0.0000,117,0,0,
1.3924,18626,372565,2558,2201,270,0,0,0.6421,0.1545,0.0079,0.0000,0.6423,0.1545,0.0079,-0.0000,118,0,0,
1.4124,18627,372585,2558,2201,270,0,0,0.6421,0.1545,0.0079,0.0000,0.6422,0.1545,0.0079,-0.0000,119,0,0,
1.4324,18628,372605,2558,2201,270,0,0,0.6421,0.1545,0.0079,0.0000,0.6422,0.1545,0.0079,-0.0000,120,0,0,
1.4522,18629,372625,2558,2201,270,0,0,0.6421,0.1545,0.0079,0.0000,0.6422,0.1545,0.0079,-0.0000,121,0,0,
1.4723,18630,372645,2558,2202,270,0,0,0.6421,0.1555,0.0079,0.0000,0.6422,0.1546,0.0079,-0.0000,122,0,0,
1.4923,18631,372665,2558,2202,270,0,0,0.6421,0.1555,0.0079,0.0000,0.6422,0.1549,0.0079,-0.0000,123,0,0,
1.5383,18632,372685,2558,2202,270,0,0,0.6421,0.1555,0.0079,0.0000,0.6421,0.1551,0.0079,-0.0000,124,0,0,
1.5386,18633,372705,2558,2200,270,0,0,0.6421,0.1535,0.0079,0.0000,0.6421,0.1550,0.0079,-0.0000,125,0,0,
1.5524,18634,372725,2558,2200,270,0,0,0.6421,0.1535,0.0079,0.0000,0.6421,0.1546,0.0079,-0.0000,126,0,0,
1.5723,18635,372745,2558,2201,270,0,0,0.6421,0.1545,0.0079,0.0000,0.6421,0.1543,0.0079,-0.0000,127,0,0,
1.5923,18636,372765,2558,2201,270,0,0,0.6421,0.1545,0.0079,0.0000,0.6421,0.1544,0.0079,-0.0000,128,0,0,
1.6124,18637,372785,2558,2201,269,0,0,0.6421,0.1545,0.0079,0.0000,0.6421,0.1544,0.0079,-0.0000,129,0,0,
1.6323,18638,372805,2558,2201,269,0,0,0.6421,0.1545,0.0079,0.0000,0.6421,0.1544,0.0079,-0.0000,130,0,0,
1.6523,18639,372825,2558,2201,269,0,0,0.6421,0.1545,0.0079,0.0000,0.6421,0.1545,0.0079,-0.0000,131,0,0,
1.6723,18640,372845,2558,2201,270,0,0,0.6421,0.1545,0.0079,0.0000,0.6421,0.1545,0.0079,-0.0000,132,0,0,
1.6923,18641,372865,2558,2201,270,0,0,0.6421,0.1545,0.0079,0.0000,0.6421,0.1545,0.0079,-0.0000,133,0,0,
1.7123,18642,372885,2558,2201,270,0,0,0.6421,0.1545,0.0079,0.0000,0.6421,0.1545,0.0079,-0.0000,134,0,0,
1.7324,18643,372905,2558,2202,270,0,0,0.6421,0.1555,0.0079,0.0000,0.6421,0.1546,0.0079,-0.0000,135,0,0,
1.7523,18644,372925,2558,2202,270,0,0,0.6421,0.1555,0.0079,0.0000,0.6421,0.1549,0.0079,-0.0000,136,0,0,
1.7924,18646,372965,2558,2201,269,0,0,0.6421,0.1545,0.0079,0.0000,0.6421,0.1550,0.0079,-0.0000,138,0,0,
1.8124,18647,372985,2558,2202,269,0,0,0.6421,0.1555,0.0079,0.0000,0.6421,0.1549,0.0079,-0.0000,139,0,0,
1.8323,18648,373005,2558,2201,270,0,0,0.6421,0.1545,0.0079,0.0000,0.6421,0.1551,0.0079,-0.0000,140,0,0,
1.8523,18649,373025,2558,2201,270,0,0,0.6421,0.1545,0.0079,0.0000,0.6421,0.1549,0.0079,-0.0000,141,0,0,
1.8723,18650,373045,2558,2201,269,0,0,0.6421,0.1545,0.0079,0.0000,0.6421,0.1547,0.0079,-0.0000,142,0,0,
1.8924,18651,373065,2558,2201,269,0,0,0.6421,0.1545,0.0079,0.0000,0.6421,0.1546,0.0079,-0.0000,143,0,0,
1.9124,18652,373085,2558,2201,269,0,0,0.6421,0.1545,0.0079,0.0000,0.6421,0.1546,0.0079,-0.0000,144,0,0,
1.9323,18653,373105,2559,2201,269,0,0,0.6434,0.1545,0.0079,0.0000,0.6423,0.1545,0.0079,-0.0000,145,0,0,
1.9523,18654,373125,2559,2201,269,0,0,0.6434,0.1545,0.0079,0.0000,0.6427,0.1545,0.0079,-0.0000,146,0,0,
1.9724,18655,373145,2559,2201,270,0,0,0.6434,0.1545,0.0079,0.0000,0.6430,0.1545,0.0079,-0.0000,147,0,0,
1.9923,18656,373165,2559,2200,270,0,0,0.6434,0.1535,0.0079,0.0000,0.6431,0.1544,0.0079,-0.0000,148,0,0,
2.0124,18657,373185,2559,2201,270,0,0,0.6434,0.1545,0.0079,0.0000,0.6432,0.1541,0.0079,-0.0000,149,0,0,
2.0406,18658,373205,2559,2201,270,0,0,0.6434,0.1545,0.0079,0.0000,0.6433,0.1542,0.0079,-0.0000,150,0,0,
2.0523,18659,373225,2559,2201,270,0,0,0.6434,0.1545,0.0079,0.0000,0.6433,0.1542,0.0079,-0.0000,151,0,0,
2.0723,18660,373245,2559,2201,270,0,0,0.6434,0.1545,0.0079,0.0000,0.6433,0.1543,0.0079,0.0000,152,0,0,
2.0923,18661,373265,2559,2201,270,0,0,0.6434,0.1545,0.0079,0.0000,0.6434,0.1544,0.0079,-0.0000,153,0,0,
2.1123,18662,373285,2559,2201,270,0,0,0.6434,0.1545,0.0079,0.0000,0.6434,0.1544,0.0079,-0.0000,154,0,0,
2.1323,18663,373305,2559,2201,270,0,0,0.6434,0.1545,0.0079,0.0000,0.6434,0.1545,0.0079,-0.0000,155,0,0,
2.1523,18664,373325,2559,2201,270,0,0,0.6434,0.1545,0.0079,0.0000,0.6434,0.1545,0.0079,-0.0000,156,0,0,
2.1723,18665,373345,2559,2200,270,0,0,0.6434,0.1535,0.0079,0.0000,0.6434,0.1544,0.0079,-0.0000,157,0,0,
2.1923,18666,373365,2559,2201,270,0,0,0.6434,0.1545,0.0079,0.0000,0.6434,0.1542,0.0079,-0.0000,158,0,0,
2.2123,18667,373385,2559,2200,270,0,0,0.6434,0.1535,0.0079,0.0000,0.6434,0.1542,0.0079,-0.0000,159,0,0,
2.2323,18668,373405,2558,2201,270,0,0,0.6421,0.1545,0.0079,0.0000,0.6433,0.1540,0.0079,-0.0000,160,0,0,
2.2524,18669,373425,2558,2202,270,0,0,0.6421,0.1555,0.0079,0.0000,0.6428,0.1543,0.0079,-0.0000,161,0,0,
2.2794,18670,373445,2558,2202,270,0,0,0.6421,0.1555,0.0079,0.0000,0.6426,0.1547,0.0079,-0.0000,163,0,0,9.87
2.3082,18671,373465,2559,2201,270,0,0,0.6434,0.1545,0.0079,0.0000,0.6427,0.1547,0.0079,-0.0000,163,0,0,
2.3124,18672,373485,2559,2201,270,0,0,0.6434,0.1545,0.0079,0.0000,0.6427,0.1547,0.0079,-0.0000,164,0,0,
2.3324,18673,373505,2559,2201,270,0,0,0.6434,0.1545,0.0079,0.0000,0.6430,0.1546,0.0079,-0.0000,165,0,0,
2.3523,18674,373525,2559,2201,270,0,0,0.6434,0.1545,0.0079,0.0000,0.6431,0.1546,0.0079,-0.0000,166,0,0,
2.3724,18675,373545,2559,2201,270,0,0,0.6434,0.1545,0.0079,0.0000,0.6432,0.1545,0.0079,-0.0000,167,0,0,
2.3923,18676,373565,2559,2200,270,0,0,0.6434,0.1535,0.0079,0.0000,0.6433,0.1544,0.0079,-0.0000,168,0,0,
2.4124,18677,373585,2558,2200,270,0,0,0.6421,0.1535,0.0079,0.0000,0.6432,0.1541,0.0079,-0.0000,169,0,0,
2.4323,18678,373605,2558,2201,270,0,0,0.6421,0.1545,0.0079,0.0000,0.6428,0.1539,0.0079,-0.0000,170,0,0,
2.4523,18679,373625,2558,2201,270,0,0,0.6421,0.1545,0.0079,0.0000,0.6426,0.1541,0.0079,-0.0000,171,0,0,
2.4726,18680,373645,2558,2201,270,0,0,0.6421,0.1545,0.0079,0.0000,0.6424,0.1543,0.0079,-0.0000,172,0,0,
2.4923,18681,373665,2558,2201,270,0,0,0.6421,0.1545,0.0079,0.0000,0.6423,0.1543,0.0079,-0.0000,173,0,0,
2.5124,18682,373685,2558,2201,270,0,0,0.6421,0.1545,0.0079,0.0000,0.6422,0.1544,0.0079,-0.0000,174,0,0,
2.5476,18683,373705,2558,2201,270,0,0,0.6421,0.1545,0.0079,0.0000,0.6422,0.1544,0.0079,-0.0000,175,0,0,
2.5523,18684,373725,2558,2201,270,0,0,0.6421,0.1545,0.0079,0.0000,0.6422,0.1544,0.0079,-0.0000,176,0,0,
2.5724,18685,373745,2558,2201,270,0,0,0.6421,0.1545,0.0079,0.0000,0.6422,0.1545,0.0079,-0.0000,177,0,0,
2.5925,18686,373765,2558,2201,270,0,0,0.6421,0.1545,0.0079,0.0000,0.6422,0.1545,0.0079,-0.0000,178,0,0,
2.6123,18687,373785,2558,2201,270,0,0,0.6421,0.1545,0.0079,0.0000,0.6422,0.1545,0.0079,-0.0000,179,0,0,
2.6324,18688,373805,2558,2201,270,0,0,0.6421,0.1545,0.0079,0.0000,0.6421,0.1545,0.0079,-0.0000,180,0,0,
2.6523,18689,373825,2558,2201,270,0,0,0.6421,0.1545,0.0079,0.0000,0.6421,0.1545,0.0079,-0.0000,181,0,0,
2.6724,18690,373845,2558,2201,270,0,0,0.6421,0.1545,0.0079,0.0000,0.6421,0.1545,0.0079,-0.0000,182,0,0,
2.6923,18691,373865,2558,2202,270,0,0,0.6421,0.1555,0.0079,0.0000,0.6421,0.1546,0.0079,-0.0000,183,0,0,
2.7123,18692,373885,2558,2202,270,0,0,0.6421,0.1555,0.0079,0.0000,0.6421,0.1549,0.0079,-0.0000,184,0,0,
2.7323,18693,373905,2558,2201,270,0,0,0.6421,0.1545,0.0079,0.0000,0.6421,0.1550,0.0079,-0.0000,185,0,0,
2.7524,18694,373925,2558,2201,270,0,0,0.6421,0.1545,0.0079,0.0000,0.6421,0.1549,0.0079,-0.0000,186,0,0,
2.7723,18695,373945,2558,2201,270,0,0,0.6421,0.1545,0.0079,0.0000,0.6421,0.1547,0.0079,-0.0000,187,0,0,
2.7974,18696,373965,2558,2201,270,0,0,0.6421,0.1545,0.0079,0.0000,0.6421,0.1547,0.0079,-0.0000,188,0,0,
2.8124,18697,373985,2558,2201,270,0,0,0.6421,0.1545,0.0079,0.0000,0.6421,0.1546,0.0079,-0.0000,189,0,0,
2.8323,18698,374005,2558,2201,269,0,0,0.6421,0.1545,0.0079,0.0000,0.6421,0.1546,0.0079,0.0000,190,0,0,
2.8524,18699,374025,2558,2201,269,0,0,0.6421,0.1545,0.0079,0.0000,0.6421,0.1545,0.0079,-0.0000,191,0,0,
2.8723,18700,374045,2558,2201,269,0,0,0.6421,0.1545,0.0079,0.0000,0.6421,0.1545,0.0079,-0.0000,192,0,0,
2.8926,18701,374065,2558,2201,269,0,0,0.6421,0.1545,0.0079,0.0000,0.6421,0.1545,0.0079,-0.0000,193,0,0,
2.9123,18702,374085,2558,2201,269,0,0,0.6421,0.1545,0.0079,0.0000,0.6421,0.1545,0.0079,-0.0000,194,0,0,
2.9323,18703,374105,2558,2201,269,0,0,0.6421,0.1545,0.0079,0.0000,0.6421,0.1545,0.0079,-0.0000,195,0,0,
2.9523,18704,374125,2558,2201,270,0,0,0.6421,0.1545,0.0079,0.0000,0.6421,0.1545,0.0079,-0.0000,196,0,0,
2.9724,18705,374145,2558,2202,269,0,0,0.6421,0.1555,0.0079,0.0000,0.6421,0.1546,0.0079,-0.0000,197,0,0,
2.9925,18706,374165,2558,2202,270,0,0,0.6421,0.1555,0.0079,0.0000,0.6421,0.1550,0.0079,-0.0000,198,0,0,
3.0123,18707,374185,2558,2201,270,0,0,0.6421,0.1545,0.0079,0.0000,0.6421,0.1550,0.0079,-0.0000,199,0,0,
3.0471,18708,374205,2558,2201,270,0,0,0.6421,0.1545,0.0079,0.0000,0.6421,0.1549,0.0079,-0.0000,200,0,0,
3.0523,18709,374225,2558,2201,270,0,0,0.6421,0.1545,0.0079,0.0000,0.6421,0.1548,0.0079,-0.0000,201,0,0,
3.0723,18710,374245,2558,2201,270,0,0,0.6421,0.1545,0.0079,0.0000,0.6421,0.1547,0.0079,-0.0000,202,0,0,
3.0923,18711,374265,2558,2201,270,0,0,0.6421,0.1545,0.0079,0.0000,0.6421,0.1546,0.0079,-0.0000,203,0,0,
3.1123,18712,374285,2558,2201,270,0,0,0.6421,0.1545,0.0079,0.0000,0.6421,0.1546,0.0079,-0.0000,204,0,0,
3.1323,18713,374305,2558,2201,270,0,0,0.6421,0.1545,0.0079,0.0000,0.6421,0.1545,0.0079,-0.0000,205,0,0,
3.1523,18714,374325,2558,2201,270,0,0,0.6421,0.1545,0.0079,0.0000,0.6421,0.1545,0.0079,-0.0000,206,0,0,
3.1723,18715,374345,2558,2201,270,0,0,0.6421,0.1545,0.0079,0.0000,0.6421,0.1545,0.0079,-0.0000,207,0,0,
3.1923,18716,374365,2558,2201,270,0,0,0.6421,0.1545,0.0079,0.0000,0.6421,0.1545,0.0079,-0.0000,208,0,0,
3.2124,18717,374385,2559,2201,270,0,0,0.6434,0.1545,0.0079,0.0000,0.6423,0.1545,0.0079,-0.0000,209,0,0,
3.2323,18718,374405,2558,2201,270,0,0,0.6421,0.1545,0.0079,0.0000,0.6426,0.1545,0.0079,-0.0000,210,0,0,
3.2523,18719,374425,2558,2201,270,0,0,0.6421,0.1545,0.0079,0.0000,0.6424,0.1545,0.0079,-0.0000,211,0,0,
3.2723,18720,374445,2558,2201,270,0,0,0.6421,0.1545,0.0079,0.0000,0.6423,0.1545,0.0079,-0.0000,212,0,0,
3.3039,18721,374465,2558,2201,270,0,0,0.6421,0.1545,0.0079,0.0000,0.6423,0.1545,0.0079,-0.0000,213,0,0,
3.3132,18722,374485,2558,2201,270,0,0,0.6421,0.1545,0.0079,0.0000,0.6423,0.1545,0.0079,-0.0000,214,0,0,9.28
3.3323,18723,374505,2558,2201,270,0,0,0.6421,0.1545,0.0079,0.0000,0.6422,0.1545,0.0079,-0.0000,215,0,0,
3.3523,18724,374525,2558,2201,269,0,0,0.6421,0.1545,0.0079,0.0000,0.6422,0.1545,0.0079,-0.0000,216,0,0,
3.3723,18725,374545,2559,2201,269,0,0,0.6434,0.1545,0.0079,0.0000,0.6423,0.1545,0.0079,-0.0000,217,0,0,
3.3924,18726,374565,2558,2201,270,0,0,0.6421,0.1545,0.0079,0.0000,0.6425,0.1545,0.0079,-0.0000,218,0,0,
3.4123,18727,374585,2559,2201,270,0,0,0.6434,0.1545,0.0079,0.0000,0.6425,0.1545,0.0079,-0.0000,219,0,0,
3.4323,18728,374605,2559,2201,270,0,0,0.6434,0.1545,0.0079,0.0000,0.6429,0.1545,0.0079,-0.0000,220,0,0,
3.4523,18729,374625,2559,2201,270,0,0,0.6434,0.1545,0.0079,0.0000,0.6431,0.1545,0.0079,-0.0000,221,0,0,
3.4723,18730,374645,2559,2201,270,0,0,0.6434,0.1545,0.0079,0.0000,0.6432,0.1545,0.0079,-0.0000,222,0,0,
3.4923,18731,374665,2559,2201,269,0,0,0.6434,0.1545,0.0079,0.0000,0.6433,0.1545,0.0079,-0.0000,223,0,0,
3.5123,18732,374685,2559,2201,269,0,0,0.6434,0.1545,0.0079,0.0000,0.6433,0.1545,0.0079,-0.0000,224,0,0,
3.5542,18734,374725,2559,2201,270,0,0,0.6434,0.1545,0.0079,0.0000,0.6434,0.1545,0.0079,-0.0000,226,0,0,
3.5723,18735,374745,2559,2201,270,0,0,0.6434,0.1545,0.0079,0.0000,0.6434,0.1545,0.0079,-0.0000,227,0,0,
3.5923,18736,374765,2558,2201,270,0,0,0.6421,0.1545,0.0079,0.0000,0.6433,0.1545,0.0079,-0.0000,228,0,0,
3.6123,18737,374785,2559,2202,270,0,0,0.6434,0.1555,0.0079,0.0000,0.6430,0.1546,0.0079,-0.0000,229,0,0,
3.6323,18738,374805,2559,2201,270,0,0,0.6434,0.1545,0.0079,0.0000,0.6432,0.1549,0.0079,-0.0000,230,0,0,
3.6524,18739,374825,2559,2201,270,0,0,0.6434,0.1545,0.0079,0.0000,0.6432,0.1547,0.0079,-0.0000,231,0,0,
3.6723,18740,374845,2559,2201,270,0,0,0.6434,0.1545,0.0079,0.0000,0.6433,0.1546,0.0079,-0.0000,232,0,0,
3.6923,18741,374865,2557,2201,270,0,0,0.6409,0.1545,0.0079,0.0000,0.6431,0.1546,0.0079,-0.0000,233,0,0,
3.7122,18742,374885,2558,2201,270,0,0,0.6421,0.1545,0.0079,0.0000,0.6423,0.1545,0.0079,-0.0000,234,0,0,
3.7323,18743,374905,2558,2201,270,0,0,0.6421,0.1545,0.0079,0.0000,0.6422,0.1545,0.0079,-0.0000,235,0,0,
3.7523,18744,374925,2558,2201,270,0,0,0.6421,0.1545,0.0079,0.0000,0.6422,0.1545,0.0079,-0.0000,236,0,0,
3.7723,18745,374945,2558,2201,270,0,0,0.6421,0.1545,0.0079,0.0000,0.6422,0.1545,0.0079,-0.0000,237,0,0,
3.7970,18746,374965,2558,2201,270,0,0,0.6421,0.1545,0.0079,0.0000,0.6422,0.1545,0.0079,-0.0000,238,0,0,
3.8123,18747,374985,2558,2201,270,0,0,0.6421,0.1545,0.0079,0.0000,0.6422,0.1545,0.0079,-0.0000,239,0,0,
3.8323,18748,375005,2557,2201,270,0,0,0.6409,0.1545,0.0079,0.0000,0.6420,0.1545,0.0079,-0.0000,240,0,0,
3.8523,18749,375025,2557,2201,270,0,0,0.6409,0.1545,0.0079,0.0000,0.6416,0.1545,0.0079,-0.0000,241,0,0,
3.8724,18750,375045,2558,2201,270,0,0,0.6421,0.1545,0.0079,0.0000,0.6415,0.1545,0.0079,-0.0000,242,0,0,
3.8923,18751,375065,2558,2201,270,0,0,0.6421,0.1545,0.0079,0.0000,0.6417,0.1545,0.0079,-0.0000,243,0,0,
3.9123,18752,375085,2558,2201,270,0,0,0.6421,0.1545,0.0079,0.0000,0.6419,0.1545,0.0079,-0.0000,244,0,0,
3.9323,18753,375105,2558,2201,270,0,0,0.6421,0.1545,0.0079,0.0000,0.6420,0.1545,0.0079,-0.0000,245,0,0,
3.9523,18754,375125,2558,2201,270,0,0,0.6421,0.1545,0.0079,0.0000,0.6420,0.1545,0.0079,-0.0000,246,0,0,
3.9724,18755,375145,2558,2201,270,0,0,0.6421,0.1545,0.0079,0.0000,0.6421,0.1545,0.0079,-0.0000,247,0,0,
3.9923,18756,375165,2558,2201,270,0,0,0.6421,0.1545,0.0079,0.0000,0.6421,0.1545,0.0079,-0.0000,248,0,0,
4.0124,18757,375185,2559,2202,270,0,0,0.6434,0.1555,0.0079,0.0000,0.6422,0.1546,0.0079,-0.0000,249,0,0,
4.0470,18758,375205,2558,2202,270,0,0,0.6421,0.1555,0.0079,0.0000,0.6427,0.1550,0.0079,-0.0000,250,0,0,
4.0523,18759,375225,2558,2201,269,0,0,0.6421,0.1545,0.0079,0.0000,0.6426,0.1550,0.0079,-0.0000,251,0,0,
4.0724,18760,375245,2558,2201,269,0,0,0.6421,0.1545,0.0079,0.0000,0.6424,0.1548,0.0079,-0.0000,252,0,0,
4.0924,18761,375265,2558,2201,269,0,0,0.6421,0.1545,0.0079,0.0000,0.6423,0.1547,0.0079,-0.0000,253,0,0,
4.1123,18762,375285,2559,2201,269,0,0,0.6434,0.1545,0.0079,0.0000,0.6424,0.1546,0.0079,-0.0000,254,0,0,
4.1323,18763,375305,2559,2201,270,0,0,0.6434,0.1545,0.0079,0.0000,0.6427,0.1546,0.0079,-0.0000,255,0,0,
4.1524,18764,375325,2559,2201,270,0,0,0.6434,0.1545,0.0079,0.0000,0.6430,0.1545,0.0079,-0.0000,256,0,0,
4.1723,18765,375345,2559,2201,270,0,0,0.6434,0.1545,0.0079,0.0000,0.6431,0.1545,0.0079,-0.0000,257,0,0,
4.1923,18766,375365,2559,2201,270,0,0,0.6434,0.1545,0.0079,0.0000,0.6432,0.1545,0.0079,-0.0000,258,0,0,
4.2123,18767,375385,2559,2200,270,0,0,0.6434,0.1535,0.0079,0.0000,0.6433,0.1544,0.0079,-0.0000,259,0,0,
4.2324,18768,375405,2559,2201,269,0,0,0.6434,0.1545,0.0079,0.0000,0.6433,0.1541,0.0079,-0.0000,260,0,0,
4.2524,18769,375425,2559,2201,269,0,0,0.6434,0.1545,0.0079,0.0000,0.6434,0.1542,0.0079,-0.0000,261,0,0,
4.2723,18770,375445,2559,2201,270,0,0,0.6434,0.1545,0.0079,0.0000,0.6434,0.1543,0.0079,-0.0000,262,0,0,
4.3038,18771,375465,2559,2201,270,0,0,0.6434,0.1545,0.0079,0.0000,0.6434,0.1544,0.0079,-0.0000,263,0,0,
4.3126,18772,375485,2559,2201,270,0,0,0.6434,0.1545,0.0079,0.0000,0.6434,0.1544,0.0079,-0.0000,264,0,0,
4.3324,18773,375505,2558,2201,270,0,0,0.6421,0.1545,0.0079,0.0000,0.6433,0.1544,0.0079,-0.0000,265,0,0,1.91
4.3524,18774,375525,2558,2201,270,0,0,0.6421,0.1545,0.0079,0.0000,0.6429,0.1545,0.0079,-0.0000,266,0,0,
4.3723,18775,375545,2558,2201,270,0,0,0.6421,0.1545,0.0079,0.0000,0.6426,0.1545,0.0079,-0.0000,267,0,0,
4.3923,18776,375565,2558,2201,270,0,0,0.6421,0.1545,0.0079,0.0000,0.6424,0.1545,0.0079,-0.0000,268,0,0,
4.4123,18777,375585,2558,2201,270,0,0,0.6421,0.1545,0.0079,0.0000,0.6423,0.1545,0.0079,-0.0000,269,0,0,
4.4323,18778,375605,2558,2201,270,0,0,0.6421,0.1545,0.0079,0.0000,0.6422,0.1545,0.0079,-0.0000,270,0,0,
4.4524,18779,375625,2558,2201,270,0,0,0.6421,0.1545,0.0079,0.0000,0.6422,0.1545,0.0079,-0.0000,271,0,0,
4.4723,18780,375645,2558,2201,270,0,0,0.6421,0.1545,0.0079,0.0000,0.6422,0.1545,0.0079,-0.0000,272,0,0,
4.4923,18781,375665,2558,2201,270,0,0,0.6421,0.1545,0.0079,0.0000,0.6422,0.1545,0.0079,-0.0000,273,0,0,
4.5123,18782,375685,2558,2201,270,0,0,0.6421,0.1545,0.0079,0.0000,0.6422,0.1545,0.0079,-0.0000,274,0,0,
4.5323,18783,375705,2558,2201,270,0,0,0.6421,0.1545,0.0079,0.0000,0.6421,0.1545,0.0079,-0.0000,275,0,0,
4.5609,18784,375725,2558,2201,270,0,0,0.6421,0.1545,0.0079,0.0000,0.6421,0.1545,0.0079,-0.0000,276,0,0,
4.5724,18785,375745,2558,2201,270,0,0,0.6421,0.1545,0.0079,0.0000,0.6421,0.1545,0.0079,-0.0000,277,0,0,
4.5923,18786,375765,2558,2201,270,0,0,0.6421,0.1545,0.0079,0.0000,0.6421,0.1545,0.0079,-0.0000,278,0,0,
4.6123,18787,375785,2558,2201,270,0,0,0.6421,0.1545,0.0079,0.0000,0.6421,0.1545,0.0079,-0.0000,279,0,0,
4.6324,18788,375805,2558,2201,270,0,0,0.6421,0.1545,0.0079,0.0000,0.6421,0.1545,0.0079,-0.0000,280,0,0,
4.6523,18789,375825,2559,2201,270,0,0,0.6434,0.1545,0.0079,0.0000,0.6423,0.1545,0.0079,-0.0000,281,0,0,
4.6723,18790,375845,2558,2201,269,0,0,0.6421,0.1545,0.0079,0.0000,0.6425,0.1545,0.0079,-0.0000,282,0,0,
4.6923,18791,375865,2558,2201,270,0,0,0.6421,0.1545,0.0079,0.0000,0.6424,0.1545,0.0079,-0.0000,283,0,0,
4.7123,18792,375885,2558,2201,270,0,0,0.6421,0.1545,0.0079,0.0000,0.6423,0.1545,0.0079,-0.0000,284,0,0,
4.7323,18793,375905,2558,2201,270,0,0,0.6421,0.1545,0.0079,0.0000,0.6422,0.1545,0.0079,-0.0000,285,0,0,
4.7523,18794,375925,2558,2201,270,0,0,0.6421,0.1545,0.0079,0.0000,0.6422,0.1545,0.0079,-0.0000,286,0,0,
4.7723,18795,375945,2559,2201,270,0,0,0.6434,0.1545,0.0079,0.0000,0.6423,0.1545,0.0079,-0.0000,287,0,0,
4.8107,18796,375965,2559,2201,270,0,0,0.6434,0.1545,0.0079,0.0000,0.6427,0.1545,0.0079,-0.0000,288,0,0,
4.8123,18797,375985,2559,2201,270,0,0,0.6434,0.1545,0.0079,0.0000,0.6428,0.1545,0.0079,-0.0000,289,0,0,
4.8323,18798,376005,2558,2201,270,0,0,0.6421,0.1545,0.0079,0.0000,0.6428,0.1545,0.0079,-0.0000,290,0,0,
4.8523,18799,376025,2558,2201,270,0,0,0.6421,0.1545,0.0079,0.0000,0.6426,0.1545,0.0079,-0.0000,291,0,0,
4.8723,18800,376045,2558,2201,270,0,0,0.6421,0.1545,0.0079,0.0000,0.6424,0.1545,0.0079,-0.0000,292,0,0,
4.8923,18801,376065,2558,2201,270,0,0,0.6421,0.1545,0.0079,0.0000,0.6423,0.1545,0.0079,-0.0000,293,0,0,
4.9123,18802,376085,2558,2201,269,0,0,0.6421,0.1545,0.0079,0.0000,0.6422,0.1545,0.0079,-0.0000,294,0,0,
4.9324,18803,376105,2558,2201,270,0,0,0.6421,0.1545,0.0079,0.0000,0.6422,0.1545,0.0079,-0.0000,295,0,0,
4.9523,18804,376125,2558,2201,270,0,0,0.6421,0.1545,0.0079,0.0000,0.6422,0.1545,0.0079,-0.0000,296,0,0,
4.9723,18805,376145,2558,2201,270,0,0,0.6421,0.1545,0.0079,0.0000,0.6422,0.1545,0.0079,-0.0000,297,0,0,
4.9923,18806,376165,2558,2201,270,0,0,0.6421,0.1545,0.0079,0.0000,0.6422,0.1545,0.0079,-0.0000,298,0,0,
5.0123,18807,376185,2558,2201,270,0,0,0.6421,0.1545,0.0079,0.0000,0.6421,0.1545,0.0079,-0.0000,299,0,0,
5.0323,18808,376205,2558,2201,270,0,0,0.6421,0.1545,0.0079,0.0000,0.6421,0.1545,0.0079,-0.0000,300,0,0,
5.0677,18809,376225,2558,2201,270,0,0,0.6421,0.1545,0.0079,0.0000,0.6421,0.1545,0.0079,-0.0000,301,0,0,
5.0723,18810,376245,2558,2201,270,0,0,0.6421,0.1545,0.0079,0.0000,0.6421,0.1545,0.0079,-0.0000,302,0,0,
5.0923,18811,376265,2558,2201,270,0,0,0.6421,0.1545,0.0079,0.0000,0.6421,0.1545,0.0079,-0.0000,303,0,0,
5.1123,18812,376285,2558,2201,270,0,0,0.6421,0.1545,0.0079,0.0000,0.6421,0.1545,0.0079,-0.0000,304,0,0,
5.1324,18813,376305,2558,2201,270,0,0,0.6421,0.1545,0.0079,0.0000,0.6421,0.1545,0.0079,-0.0000,305,0,0,
5.1524,18814,376325,2558,2201,270,0,0,0.6421,0.1545,0.0079,0.0000,0.6421,0.1545,0.0079,-0.0000,306,0,0,
5.1723,18815,376345,2558,2200,270,0,0,0.6421,0.1535,0.0079,0.0000,0.6421,0.1544,0.0079,-0.0000,307,0,0,
5.1923,18816,376365,2558,2201,270,0,0,0.6421,0.1545,0.0079,0.0000,0.6421,0.1542,0.0079,-0.0000,308,0,0,
5.2123,18817,376385,2558,2201,270,0,0,0.6421,0.1545,0.0079,0.0000,0.6421,0.1543,0.0079,-0.0000,309,0,0,
5.2323,18818,376405,2558,2202,270,0,0,0.6421,0.1555,0.0079,0.0000,0.6421,0.1545,0.0079,-0.0000,310,0,0,
5.2523,18819,376425,2558,2202,270,0,0,0.6421,0.1555,0.0079,0.0000,0.6421,0.1548,0.0079,-0.0000,311,0,0,
5.2723,18820,376445,2558,2201,270,0,0,0.6421,0.1545,0.0079,0.0000,0.6421,0.1550,0.0079,-0.0000,312,0,0,
5.2924,18821,376465,2558,2201,270,0,0,0.6421,0.1545,0.0079,0.0000,0.6421,0.1548,0.0079,-0.0000,313,0,0,
5.3179,18822,376485,2558,2201,270,0,0,0.6421,0.1545,0.0079,0.0000,0.6421,0.1548,0.0079,-0.0000,314,0,0,1.90
5.3324,18823,376505,2558,2200,270,0,0,0.6421,0.1535,0.0079,0.0000,0.6421,0.1546,0.0079,-0.0000,315,0,0,
5.3523,18824,376525,2558,2200,270,0,0,0.6421,0.1535,0.0079,0.0000,0.6421,0.1542,0.0079,-0.0000,316,0,0,
5.3725,18825,376545,2558,2200,270,0,0,0.6421,0.1535,0.0079,0.0000,0.6421,0.1539,0.0079,-0.0000,317,0,0,
5.3923,18826,376565,2558,2200,270,0,0,0.6421,0.1535,0.0079,0.0000,0.6421,0.1538,0.0079,-0.0000,318,0,0,
5.4123,18827,376585,2558,2201,270,0,0,0.6421,0.1545,0.0079,0.0000,0.6421,0.1538,0.0079,-0.0000,319,0,0,
5.4323,18828,376605,2558,2201,270,0,0,0.6421,0.1545,0.0079,0.0000,0.6421,0.1541,0.0079,-0.0000,320,0,0,
5.4523,18829,376625,2559,2201,270,0,0,0.6434,0.1545,0.0079,0.0000,0.6423,0.1542,0.0079,-0.0000,321,0,0,
5.4724,18830,376645,2559,2202,270,0,0,0.6434,0.1555,0.0079,0.0000,0.6427,0.1544,0.0079,-0.0000,322,0,0,
5.4923,18831,376665,2559,2202,270,0,0,0.6434,0.1555,0.0079,0.0000,0.6430,0.1548,0.0079,-0.0000,323,0,0,
5.5124,18832,376685,2558,2202,270,0,0,0.6421,0.1555,0.0079,0.0000,0.6430,0.1551,0.0079,-0.0000,324,0,0,
5.5323,18833,376705,2558,2202,270,0,0,0.6421,0.1555,0.0079,0.0000,0.6427,0.1552,0.0079,-0.0000,325,0,0,
5.5678,18834,376725,2558,2202,270,0,0,0.6421,0.1555,0.0079,0.0000,0.6425,0.1553,0.0079,-0.0000,326,0,0,
5.5724,18835,376745,2558,2201,270,0,0,0.6421,0.1545,0.0079,0.0000,0.6425,0.1552,0.0079,-0.0000,327,0,0,
5.5923,18836,376765,2558,2201,269,0,0,0.6421,0.1545,0.0079,0.0000,0.6424,0.1550,0.0079,-0.0000,328,0,0,
5.6123,18837,376785,2559,2202,269,0,0,0.6434,0.1555,0.0079,0.0000,0.6424,0.1549,0.0079,-0.0000,329,0,0,
5.6323,18838,376805,2559,2202,269,0,0,0.6434,0.1555,0.0079,0.0000,0.6428,0.1551,0.0079,0.0000,330,0,0,
5.6524,18839,376825,2559,2202,269,0,0,0.6434,0.1555,0.0079,0.0000,0.6430,0.1553,0.0079,-0.0000,331,0,0,
5.6724,18840,376845,2559,2202,269,0,0,0.6434,0.1555,0.0079,0.0000,0.6432,0.1554,0.0079,-0.0000,332,0,0,
5.6923,18841,376865,2559,2202,269,0,0,0.6434,0.1555,0.0079,0.0000,0.6432,0.1554,0.0079,-0.0000,333,0,0,
5.7123,18842,376885,2559,2202,270,0,0,0.6434,0.1555,0.0079,0.0000,0.6433,0.1554,0.0079,-0.0000,334,0,0,
5.7324,18843,376905,2558,2202,270,0,0,0.6421,0.1555,0.0079,0.0000,0.6432,0.1555,0.0079,-0.0000,335,0,0,
5.7523,18844,376925,2558,2202,270,0,0,0.6421,0.1555,0.0079,0.0000,0.6428,0.1555,0.0079,-0.0000,336,0,0,
5.7723,18845,376945,2558,2202,270,0,0,0.6421,0.1555,0.0079,0.0000,0.6426,0.1555,0.0079,-0.0000,337,0,0,
5.7923,18846,376965,2558,2201,270,0,0,0.6421,0.1545,0.0079,0.0000,0.6424,0.1554,0.0079,-0.0000,338,0,0,
5.8248,18847,376985,2558,2201,270,0,0,0.6421,0.1545,0.0079,0.0000,0.6423,0.1551,0.0079,-0.0000,339,0,0,
5.8324,18848,377005,2558,2201,270,0,0,0.6421,0.1545,0.0079,0.0000,0.6423,0.1551,0.0079,-0.0000,340,0,0,
5.8523,18849,377025,2558,2201,270,0,0,0.6421,0.1545,0.0079,0.0000,0.6422,0.1548,0.0079,-0.0000,341,0,0,
5.8723,18850,377045,2558,2201,270,0,0,0.6421,0.1545,0.0079,0.0000,0.6422,0.1547,0.0079,-0.0000,342,0,0,
5.8924,18851,377065,2558,2200,270,0,0,0.6421,0.1535,0.0079,0.0000,0.6422,0.1545,0.0079,-0.0000,343,0,0,
5.9124,18852,377085,2558,2201,269,0,0,0.6421,0.1545,0.0079,0.0000,0.6422,0.1542,0.0079,-0.0000,344,0,0,
5.9323,18853,377105,2558,2201,269,0,0,0.6421,0.1545,0.0079,0.0000,0.6422,0.1543,0.0079,-0.0000,345,0,0,
5.9523,18854,377125,2558,2202,269,0,0,0.6421,0.1555,0.0079,0.0000,0.6421,0.1545,0.0079,-0.0000,346,0,0,
5.9723,18855,377145,2558,2202,270,0,0,0.6421,0.1555,0.0079,0.0000,0.6421,0.1548,0.0079,-0.0000,347,0,0,
5.9924,18856,377165,2558,2201,270,0,0,0.6421,0.1545,0.0079,0.0000,0.6421,0.1550,0.0079,-0.0000,348,0,0,
6.0124,18857,377185,2558,2201,270,0,0,0.6421,0.1545,0.0079,0.0000,0.6421,0.1548,0.0079,-0.0000,349,0,0,
6.0323,18858,377205,2558,2201,270,0,0,0.6421,0.1545,0.0079,0.0000,0.6421,0.1547,0.0079,-0.0000,350,0,0,
6.0744,18859,377225,2558,2201,270,0,0,0.6421,0.1545,0.0079,0.0000,0.6421,0.1546,0.0079,-0.0000,351,0,0,
6.0747,18860,377245,2558,2201,270,0,0,0.6421,0.1545,0.0079,0.0000,0.6421,0.1546,0.0079,-0.0000,352,0,0,
6.0924,18861,377265,2558,2201,270,0,0,0.6421,0.1545,0.0079,0.0000,0.6421,0.1546,0.0079,-0.0000,353,0,0,
6.1124,18862,377285,2558,2201,270,0,0,0.6421,0.1545,0.0079,0.0000,0.6421,0.1545,0.0079,-0.0000,354,0,0,
6.1323,18863,377305,2558,2201,270,0,0,0.6421,0.1545,0.0079,0.0000,0.6421,0.1545,0.0079,-0.0000,355,0,0,
6.1524,18864,377325,2558,2202,270,0,0,0.6421,0.1555,0.0079,0.0000,0.6421,0.1546,0.0079,-0.0000,356,0,0,
6.1723,18865,377345,2558,2201,270,0,0,0.6421,0.1545,0.0079,0.0000,0.6421,0.1548,0.0079,-0.0000,357,0,0,
6.1925,18866,377365,2558,2201,270,0,0,0.6421,0.1545,0.0079,0.0000,0.6421,0.1547,0.0079,-0.0000,358,0,0,
6.2124,18867,377385,2558,2201,270,0,0,0.6421,0.1545,0.0079,0.0000,0.6421,0.1546,0.0079,-0.0000,359,0,0,
6.2324,18868,377405,2558,2201,270,0,0,0.6421,0.1545,0.0079,0.0000,0.6421,0.1546,0.0079,-0.0000,360,0,0,
6.2523,18869,377425,2558,2201,270,0,0,0.6421,0.1545,0.0079,0.0000,0.6421,0.1545,0.0079,-0.0000,361,0,0,
6.2725,18870,377445,2558,2201,270,0,0,0.6421,0.1545,0.0079,0.0000,0.6421,0.1545,0.0079,-0.0000,362,0,0,
6.2924,18871,377465,2558,2201,270,0,0,0.6421,0.1545,0.0079,0.0000,0.6421,0.1545,0.0079,-0.0000,363,0,0,
6.3246,18872,377485,2558,2202,270,0,0,0.6421,0.1555,0.0079,0.0000,0.6421,0.1546,0.0079,-0.0000,364,0,0,
6.3332,18873,377505,2558,2201,270,0,0,0.6421,0.1545,0.0079,0.0000,0.6421,0.1546,0.0079,-0.0000,365,0,0,8.58
6.3524,18874,377525,2558,2201,270,0,0,0.6421,0.1545,0.0079,0.0000,0.6421,0.1545,0.0079,-0.0000,366,0,0,
6.3724,18875,377545,2558,2201,270,0,0,0.6421,0.1545,0.0079,0.0000,0.6421,0.1545,0.0079,-0.0000,367,0,0,
6.3924,18876,377565,2558,2200,270,0,0,0.6421,0.1535,0.0079,0.0000,0.6421,0.1544,0.0079,-0.0000,368,0,0,
6.4123,18877,377585,2558,2201,270,0,0,0.6421,0.1545,0.0079,0.0000,0.6421,0.1542,0.0079,-0.0000,369,0,0,
6.4323,18878,377605,2558,2201,270,0,0,0.6421,0.1545,0.0079,0.0000,0.6421,0.1543,0.0079,-0.0000,370,0,0,
6.4523,18879,377625,2558,2201,270,0,0,0.6421,0.1545,0.0079,0.0000,0.6421,0.1544,0.0079,-0.0000,371,0,0,
6.4724,18880,377645,2558,2201,270,0,0,0.6421,0.1545,0.0079,0.0000,0.6421,0.1544,0.0079,-0.0000,372,0,0,
6.4923,18881,377665,2558,2201,270,0,0,0.6421,0.1545,0.0079,0.0000,0.6421,0.1544,0.0079,-0.0000,373,0,0,
6.5123,18882,377685,2558,2201,270,0,0,0.6421,0.1545,0.0079,0.0000,0.6421,0.1545,0.0079,-0.0000,374,0,0,
6.5323,18883,377705,2558,2201,270,0,0,0.6421,0.1545,0.0079,0.0000,0.6421,0.1545,0.0079,-0.0000,375,0,0,
6.5523,18884,377725,2558,2201,270,0,0,0.6421,0.1545,0.0079,0.0000,0.6421,0.1545,0.0079,-0.0000,376,0,0,
6.5818,18885,377745,2558,2201,270,0,0,0.6421,0.1545,0.0079,0.0000,0.6421,0.1545,0.0079,-0.0000,377,0,0,
6.5924,18886,377765,2558,2201,270,0,0,0.6421,0.1545,0.0079,0.0000,0.6421,0.1545,0.0079,-0.0000,378,0,0,
6.6124,18887,377785,2558,2201,270,0,0,0.6421,0.1545,0.0079,0.0000,0.6421,0.1545,0.0079,-0.0000,379,0,0,
6.6325,18888,377805,2558,2201,270,0,0,0.6421,0.1545,0.0079,0.0000,0.6421,0.1545,0.0079,-0.0000,380,0,0,
6.6523,18889,377825,2558,2201,270,0,0,0.6421,0.1545,0.0079,0.0000,0.6421,0.1545,0.0079,-0.0000,381,0,0,
6.6724,18890,377845,2558,2202,270,0,0,0.6421,0.1555,0.0079,0.0000,0.6421,0.1546,0.0079,-0.0000,382,0,0,
6.6923,18891,377865,2558,2202,270,0,0,0.6421,0.1555,0.0079,0.0000,0.6421,0.1549,0.0079,-0.0000,383,0,0,
6.7123,18892,377885,2558,2201,270,0,0,0.6421,0.1545,0.0079,0.0000,0.6421,0.1550,0.0079,-0.0000,384,0,0,
6.7323,18893,377905,2558,2201,270,0,0,0.6421,0.1545,0.0079,0.0000,0.6421,0.1548,0.0079,-0.0000,385,0,0,
6.7523,18894,377925,2558,2201,270,0,0,0.6421,0.1545,0.0079,0.0000,0.6421,0.1547,0.0079,-0.0000,386,0,0,
6.7724,18895,377945,2558,2201,270,0,0,0.6421,0.1545,0.0079,0.0000,0.6421,0.1546,0.0079,-0.0000,387,0,0,
6.7923,18896,377965,2558,2200,270,0,0,0.6421,0.1535,0.0079,0.0000,0.6421,0.1545,0.0079,-0.0000,388,0,0,
6.8314,18897,377985,2558,2201,270,0,0,0.6421,0.1545,0.0079,0.0000,0.6421,0.1542,0.0079,-0.0000,389,0,0,
6.8323,18898,378005,2558,2201,270,0,0,0.6421,0.1545,0.0079,0.0000,0.6421,0.1543,0.0079,-0.0000,390,0,0,
6.8524,18899,378025,2558,2200,270,0,0,0.6421,0.1535,0.0079,0.0000,0.6421,0.1542,0.0079,-0.0000,391,0,0,
6.8723,18900,378045,2558,2201,270,0,0,0.6421,0.1545,0.0079,0.0000,0.6421,0.1540,0.0079,-0.0000,392,0,0,
6.8923,18901,378065,2558,2201,270,0,0,0.6421,0.1545,0.0079,0.0000,0.6421,0.1542,0.0079,-0.0000,393,0,0,
6.9123,18902,378085,2558,2201,270,0,0,0.6421,0.1545,0.0079,0.0000,0.6421,0.1543,0.0079,-0.0000,394,0,0,
6.9323,18903,378105,2558,2201,270,0,0,0.6421,0.1545,0.0079,0.0000,0.6421,0.1544,0.0079,-0.0000,395,0,0,
6.9523,18904,378125,2558,2201,269,0,0,0.6421,0.1545,0.0079,0.0000,0.6421,0.1544,0.0079,-0.0000,396,0,0,
6.9724,18905,378145,2558,2201,269,0,0,0.6421,0.1545,0.0079,0.0000,0.6421,0.1544,0.0079,-0.0000,397,0,0,
6.9923,18906,378165,2558,2201,270,0,0,0.6421,0.1545,0.0079,0.0000,0.6421,0.1545,0.0079,-0.0000,398,0,0,
7.0124,18907,378185,2558,2201,271,0,0,0.6421,0.1545,0.0080,0.0000,0.6421,0.1545,0.0079,-0.0000,399,0,0,
7.0323,18908,378205,2558,2202,270,0,0,0.6421,0.1555,0.0079,0.0000,0.6421,0.1546,0.0079,-0.0000,400,0,0,
7.0523,18909,378225,2558,2202,270,0,0,0.6421,0.1555,0.0079,0.0000,0.6421,0.1549,0.0079,-0.0000,401,0,0,
7.0924,18911,378265,2558,2202,270,0,0,0.6421,0.1555,0.0079,0.0000,0.6421,0.1551,0.0079,-0.0000,403,0,0,
7.1124,18912,378285,2558,2201,270,0,0,0.6421,0.1545,0.0079,0.0000,0.6421,0.1552,0.0079,-0.0000,404,0,0,
7.1323,18913,378305,2558,2201,270,0,0,0.6421,0.1545,0.0079,0.0000,0.6421,0.1549,0.0079,-0.0000,405,0,0,
7.1528,18914,378325,2558,2201,269,0,0,0.6421,0.1545,0.0079,0.0000,0.6421,0.1547,0.0079,-0.0000,406,0,0,
7.1723,18915,378345,2558,2201,269,0,0,0.6421,0.1545,0.0079,0.0000,0.6421,0.1547,0.0079,-0.0000,407,0,0,
7.1925,18916,378365,2558,2202,270,0,0,0.6421,0.1555,0.0079,0.0000,0.6421,0.1547,0.0079,-0.0000,408,0,0,
7.2124,18917,378385,2558,2202,270,0,0,0.6421,0.1555,0.0079,0.0000,0.6421,0.1550,0.0079,-0.0000,409,0,0,
7.2324,18918,378405,2558,2201,270,0,0,0.6421,0.1545,0.0079,0.0000,0.6421,0.1550,0.0079,-0.0000,410,0,0,
7.2595,18919,378425,2558,2201,270,0,0,0.6421,0.1545,0.0079,0.0000,0.6421,0.1548,0.0079,-0.0000,411,0,0,
7.2724,18920,378445,2558,2201,270,0,0,0.6421,0.1545,0.0079,0.0000,0.6421,0.1547,0.0079,-0.0000,412,0,0,
7.2924,18921,378465,2558,2201,270,0,0,0.6421,0.1545,0.0079,0.0000,0.6421,0.1546,0.0079,-0.0000,413,0,0,
7.3124,18922,378485,2558,2201,270,0,0,0.6421,0.1545,0.0079,0.0000,0.6421,0.1546,0.0079,-0.0000,414,0,0,
7.3385,18923,378505,2558,2202,270,0,0,0.6421,0.1555,0.0079,0.0000,0.6421,0.1547,0.0079,-0.0000,415,0,0,1.85
7.3524,18924,378525,2558,2202,270,0,0,0.6421,0.1555,0.0079,0.0000,0.6421,0.1549,0.0079,-0.0000,416,0,0,
7.3723,18925,378545,2558,2202,270,0,0,0.6421,0.1555,0.0079,0.0000,0.6421,0.1551,0.0079,-0.0000,417,0,0,
7.3923,18926,378565,2558,2201,270,0,0,0.6421,0.1545,0.0079,0.0000,0.6421,0.1551,0.0079,-0.0000,418,0,0,
7.4124,18927,378585,2558,2201,270,0,0,0.6421,0.1545,0.0079,0.0000,0.6421,0.1549,0.0079,-0.0000,419,0,0,
7.4324,18928,378605,2558,2202,270,0,0,0.6421,0.1555,0.0079,0.0000,0.6421,0.1548,0.0079,-0.0000,420,0,0,
7.4524,18929,378625,2558,2201,270,0,0,0.6421,0.1545,0.0079,0.0000,0.6421,0.1550,0.0079,-0.0000,421,0,0,
7.4724,18930,378645,2558,2201,271,0,0,0.6421,0.1545,0.0080,0.0000,0.6421,0.1548,0.0079,0.0000,422,0,0,
7.4923,18931,378665,2558,2201,271,0,0,0.6421,0.1545,0.0080,0.0000,0.6421,0.1547,0.0079,-0.0000,423,0,0,
7.5124,18932,378685,2558,2201,270,0,0,0.6421,0.1545,0.0079,0.0000,0.6421,0.1546,0.0079,-0.0000,424,0,0,
7.5325,18933,378705,2558,2201,270,0,0,0.6421,0.1545,0.0079,0.0000,0.6421,0.1546,0.0079,-0.0000,425,0,0,
7.5524,18934,378725,2558,2202,270,0,0,0.6421,0.1555,0.0079,0.0000,0.6421,0.1546,0.0079,-0.0000,426,0,0,
7.5954,18936,378765,2558,2202,270,0,0,0.6421,0.1555,0.0079,0.0000,0.6421,0.1550,0.0079,-0.0000,428,0,0,
7.6123,18937,378785,2559,2202,270,0,0,0.6434,0.1555,0.0079,0.0000,0.6423,0.1551,0.0079,-0.0000,429,0,0,
7.6324,18938,378805,2559,2202,270,0,0,0.6434,0.1555,0.0079,0.0000,0.6427,0.1553,0.0079,-0.0000,430,0,0,
7.6523,18939,378825,2559,2202,270,0,0,0.6434,0.1555,0.0079,0.0000,0.6430,0.1554,0.0079,-0.0000,431,0,0,
7.6723,18940,378845,2559,2202,270,0,0,0.6434,0.1555,0.0079,0.0000,0.6431,0.1554,0.0079,-0.0000,432,0,0,
7.6923,18941,378865,2559,2202,270,0,0,0.6434,0.1555,0.0079,0.0000,0.6432,0.1554,0.0079,-0.0000,433,0,0,
7.7124,18942,378885,2559,2203,270,0,0,0.6434,0.1565,0.0079,0.0000,0.6433,0.1556,0.0079,-0.0000,434,0,0,
7.7323,18943,378905,2559,2203,270,0,0,0.6434,0.1565,0.0079,0.0000,0.6433,0.1559,0.0079,-0.0000,435,0,0,
7.7524,18944,378925,2559,2203,270,0,0,0.6434,0.1565,0.0079,0.0000,0.6434,0.1561,0.0079,-0.0000,436,0,0,
7.7723,18945,378945,2559,2202,270,0,0,0.6434,0.1555,0.0079,0.0000,0.6434,0.1562,0.0079,-0.0000,437,0,0,
7.7923,18946,378965,2559,2202,270,0,0,0.6434,0.1555,0.0079,0.0000,0.6434,0.1559,0.0079,-0.0000,438,0,0,
7.8124,18947,378985,2559,2202,270,0,0,0.6434,0.1555,0.0079,0.0000,0.6434,0.1558,0.0079,-0.0000,439,0,0,
7.8454,18948,379005,2559,2202,270,0,0,0.6434,0.1555,0.0079,0.0000,0.6434,0.1557,0.0079,-0.0000,440,0,0,
7.8524,18949,379025,2559,2201,270,0,0,0.6434,0.1545,0.0079,0.0000,0.6434,0.1556,0.0079,-0.0000,441,0,0,
7.8723,18950,379045,2559,2202,270,0,0,0.6434,0.1555,0.0079,0.0000,0.6434,0.1553,0.0079,-0.0000,442,0,0,
7.8923,18951,379065,2559,2202,270,0,0,0.6434,0.1555,0.0079,0.0000,0.6434,0.1554,0.0079,-0.0000,443,0,0,
7.9124,18952,379085,2559,2202,270,0,0,0.6434,0.1555,0.0079,0.0000,0.6434,0.1554,0.0079,-0.0000,444,0,0,
7.9324,18953,379105,2558,2202,270,0,0,0.6421,0.1555,0.0079,0.0000,0.6433,0.1554,0.0079,-0.0000,445,0,0,
7.9524,18954,379125,2558,2202,270,0,0,0.6421,0.1555,0.0079,0.0000,0.6429,0.1555,0.0079,-0.0000,446,0,0,
7.9724,18955,379145,2558,2202,270,0,0,0.6421,0.1555,0.0079,0.0000,0.6426,0.1555,0.0079,-0.0000,447,0,0,
7.9924,18956,379165,2558,2202,270,0,0,0.6421,0.1555,0.0079,0.0000,0.6424,0.1555,0.0079,-0.0000,448,0,0,
8.0124,18957,379185,2558,2202,269,0,0,0.6421,0.1555,0.0079,0.0000,0.6423,0.1555,0.0079,-0.0000,449,0,0,
8.0324,18958,379205,2558,2201,269,0,0,0.6421,0.1545,0.0079,0.0000,0.6422,0.1554,0.0079,-0.0000,450,0,0,
8.0524,18959,379225,2558,2200,269,0,0,0.6421,0.1535,0.0079,0.0000,0.6422,0.1550,0.0079,-0.0000,451,0,0,
8.0723,18960,379245,2558,2200,269,0,0,0.6421,0.1535,0.0079,0.0000,0.6422,0.1544,0.0079,-0.0000,452,0,0,
8.1023,18961,379265,2558,2201,269,0,0,0.6421,0.1545,0.0079,0.0000,0.6422,0.1543,0.0079,-0.0000,453,0,0,
8.1125,18962,379285,2558,2201,270,0,0,0.6421,0.1545,0.0079,0.0000,0.6422,0.1543,0.0079,-0.0000,454,0,0,
8.1324,18963,379305,2558,2201,269,0,0,0.6421,0.1545,0.0079,0.0000,0.6422,0.1544,0.0079,-0.0000,455,0,0,
8.1524,18964,379325,2558,2201,269,0,0,0.6421,0.1545,0.0079,0.0000,0.6421,0.1544,0.0079,-0.0000,456,0,0,
8.1724,18965,379345,2558,2201,269,0,0,0.6421,0.1545,0.0079,0.0000,0.6421,0.1544,0.0079,-0.0000,457,0,0,
8.1925,18966,379365,2558,2201,269,0,0,0.6421,0.1545,0.0079,0.0000,0.6421,0.1545,0.0079,-0.0000,458,0,0,
8.2124,18967,379385,2558,2201,270,0,0,0.6421,0.1545,0.0079,0.0000,0.6421,0.1545,0.0079,-0.0000,459,0,0,
8.2324,18968,379405,2558,2201,270,0,0,0.6421,0.1545,0.0079,0.0000,0.6421,0.1545,0.0079,-0.0000,460,0,0,
8.2523,18969,379425,2558,2201,271,0,0,0.6421,0.1545,0.0080,0.0000,0.6421,0.1545,0.0079,-0.0000,461,0,0,
8.2723,18970,379445,2558,2201,270,0,0,0.6421,0.1545,0.0079,0.0000,0.6421,0.1545,0.0079,-0.0000,462,0,0,
8.2924,18971,379465,2558,2201,270,0,0,0.6421,0.1545,0.0079,0.0000,0.6421,0.1545,0.0079,-0.0000,463,0,0,
8.3124,18972,379485,2558,2201,269,0,0,0.6421,0.1545,0.0079,0.0000,0.6421,0.1545,0.0079,-0.0000,464,0,0,
8.3453,18973,379505,2558,2201,269,0,0,0.6421,0.1545,0.0079,0.0000,0.6421,0.1545,0.0079,-0.0000,465,0,0,
8.3534,18974,379525,2558,2201,269,0,0,0.6421,0.1545,0.0079,0.0000,0.6421,0.1545,0.0079,-0.0000,466,0,0,8.11
8.3724,18975,379545,2559,2201,269,0,0,0.6434,0.1545,0.0079,0.0000,0.6423,0.1545,0.0079,-0.0000,467,0,0,
8.3923,18976,379565,2558,2200,270,0,0,0.6421,0.1535,0.0079,0.0000,0.6425,0.1544,0.0079,-0.0000,468,0,0,
8.4124,18977,379585,2558,2201,270,0,0,0.6421,0.1545,0.0079,0.0000,0.6424,0.1541,0.0079,-0.0000,469,0,0,
8.4325,18978,379605,2558,2201,270,0,0,0.6421,0.1545,0.0079,0.0000,0.6423,0.1542,0.0079,-0.0000,470,0,0,
8.4524,18979,379625,2558,2201,270,0,0,0.6421,0.1545,0.0079,0.0000,0.6422,0.1543,0.0079,-0.0000,471,0,0,
8.4724,18980,379645,2558,2201,270,0,0,0.6421,0.1545,0.0079,0.0000,0.6422,0.1544,0.0079,-0.0000,472,0,0,
8.4923,18981,379665,2558,2201,269,0,0,0.6421,0.1545,0.0079,0.0000,0.6422,0.1544,0.0079,-0.0000,473,0,0,
8.5124,18982,379685,2558,2201,269,0,0,0.6421,0.1545,0.0079,0.0000,0.6422,0.1545,0.0079,-0.0000,474,0,0,
8.5324,18983,379705,2558,2200,270,0,0,0.6421,0.1535,0.0079,0.0000,0.6422,0.1544,0.0079,-0.0000,475,0,0,
8.5525,18984,379725,2558,2200,270,0,0,0.6421,0.1535,0.0079,0.0000,0.6421,0.1540,0.0079,-0.0000,476,0,0,
8.5724,18985,379745,2558,2201,270,0,0,0.6421,0.1545,0.0079,0.0000,0.6421,0.1539,0.0079,-0.0000,477,0,0,
8.6022,18986,379765,2558,2201,270,0,0,0.6421,0.1545,0.0079,0.0000,0.6421,0.1541,0.0079,-0.0000,478,0,0,
8.6124,18987,379785,2558,2201,270,0,0,0.6421,0.1545,0.0079,0.0000,0.6421,0.1542,0.0079,-0.0000,479,0,0,
8.6324,18988,379805,2558,2201,270,0,0,0.6421,0.1545,0.0079,0.0000,0.6421,0.1543,0.0079,-0.0000,480,0,0,
8.6523,18989,379825,2558,2201,270,0,0,0.6421,0.1545,0.0079,0.0000,0.6421,0.1544,0.0079,-0.0000,481,0,0,
8.6723,18990,379845,2558,2201,270,0,0,0.6421,0.1545,0.0079,0.0000,0.6421,0.1544,0.0079,-0.0000,482,0,0,
8.6924,18991,379865,2558,2201,270,0,0,0.6421,0.1545,0.0079,0.0000,0.6421,0.1544,0.0079,-0.0000,483,0,0,
8.7124,18992,379885,2558,2201,270,0,0,0.6421,0.1545,0.0079,0.0000,0.6421,0.1545,0.0079,-0.0000,484,0,0,
8.7323,18993,379905,2558,2201,270,0,0,0.6421,0.1545,0.0079,0.0000,0.6421,0.1545,0.0079,-0.0000,485,0,0,
8.7524,18994,379925,2558,2201,270,0,0,0.6421,0.1545,0.0079,0.0000,0.6421,0.1545,0.0079,-0.0000,486,0,0,
8.7723,18995,379945,2558,2201,270,0,0,0.6421,0.1545,0.0079,0.0000,0.6421,0.1545,0.0079,-0.0000,487,0,0,
8.7924,18996,379965,2558,2201,270,0,0,0.6421,0.1545,0.0079,0.0000,0.6421,0.1545,0.0079,-0.0000,488,0,0,
8.8123,18997,379985,2557,2201,270,0,0,0.6409,0.1545,0.0079,0.0000,0.6420,0.1545,0.0079,-0.0000,489,0,0,
8.8521,18998,380005,2558,2201,270,0,0,0.6421,0.1545,0.0079,0.0000,0.6417,0.1545,0.0079,-0.0000,490,0,0,
8.8524,18999,380025,2558,2201,269,0,0,0.6421,0.1545,0.0079,0.0000,0.6418,0.1545,0.0079,-0.0000,491,0,0,
8.8724,19000,380045,2558,2201,269,0,0,0.6421,0.1545,0.0079,0.0000,0.6419,0.1545,0.0079,-0.0000,492,0,0,
8.8925,19001,380065,2558,2201,269,0,0,0.6421,0.1545,0.0079,0.0000,0.6420,0.1545,0.0079,-0.0000,493,0,0,
8.9124,19002,380085,2558,2201,269,0,0,0.6421,0.1545,0.0079,0.0000,0.6420,0.1545,0.0079,-0.0000,494,0,0,
8.9324,19003,380105,2558,2201,270,0,0,0.6421,0.1545,0.0079,0.0000,0.6421,0.1545,0.0079,-0.0000,495,0,0,
8.9524,19004,380125,2558,2201,269,0,0,0.6421,0.1545,0.0079,0.0000,0.6421,0.1545,0.0079,-0.0000,496,0,0,
8.9724,19005,380145,2558,2201,269,0,0,0.6421,0.1545,0.0079,0.0000,0.6421,0.1545,0.0079,-0.0000,497,0,0,
8.9924,19006,380165,2558,2201,269,0,0,0.6421,0.1545,0.0079,0.0000,0.6421,0.1545,0.0079,-0.0000,498,0,0,
9.0124,19007,380185,2558,2201,269,0,0,0.6421,0.1545,0.0079,0.0000,0.6421,0.1545,0.0079,-0.0000,499,0,0,
9.0324,19008,380205,2558,2201,269,0,0,0.6421,0.1545,0.0079,0.0000,0.6421,0.1545,0.0079,-0.0000,500,0,0,
9.0524,19009,380225,2558,2201,269,0,0,0.6421,0.1545,0.0079,0.0000,0.6421,0.1545,0.0079,-0.0000,501,0,0,
9.0724,19010,380245,2559,2201,268,0,0,0.6434,0.1545,0.0078,0.0000,0.6423,0.1545,0.0079,-0.0000,502,0,0,
9.1023,19011,380265,2558,2201,269,0,0,0.6421,0.1545,0.0079,0.0000,0.6424,0.1545,0.0079,-0.0000,503,0,0,
9.1124,19012,380285,2558,2201,269,0,0,0.6421,0.1545,0.0079,0.0000,0.6424,0.1545,0.0079,-0.0000,504,0,0,
9.1324,19013,380305,2558,2201,269,0,0,0.6421,0.1545,0.0079,0.0000,0.6423,0.1545,0.0079,-0.0000,505,0,0,
9.1524,19014,380325,2558,2201,269,0,0,0.6421,0.1545,0.0079,0.0000,0.6422,0.1545,0.0079,-0.0000,506,0,0,
9.1724,19015,380345,2558,2201,269,0,0,0.6421,0.1545,0.0079,0.0000,0.6422,0.1545,0.0079,-0.0000,507,0,0,
9.1923,19016,380365,2558,2201,269,0,0,0.6421,0.1545,0.0079,0.0000,0.6422,0.1545,0.0079,-0.0000,508,0,0,
9.2123,19017,380385,2558,2201,270,0,0,0.6421,0.1545,0.0079,0.0000,0.6422,0.1545,0.0079,-0.0000,509,0,0,
9.2325,19018,380405,2558,2201,269,0,0,0.6421,0.1545,0.0079,0.0000,0.6422,0.1545,0.0079,-0.0000,510,0,0,
9.2524,19019,380425,2558,2201,269,0,0,0.6421,0.1545,0.0079,0.0000,0.6421,0.1545,0.0079,-0.0000,511,0,0,
9.2723,19020,380445,2558,2201,270,0,0,0.6421,0.1545,0.0079,0.0000,0.6421,0.1545,0.0079,-0.0000,512,0,0,
9.2924,19021,380465,2558,2200,270,0,0,0.6421,0.1535,0.0079,0.0000,0.6421,0.1544,0.0079,-0.0000,513,0,0,
9.3124,19022,380485,2558,2200,270,0,0,0.6421,0.1535,0.0079,0.0000,0.6421,0.1540,0.0079,-0.0000,514,0,0,
9.3452,19023,380505,2558,2200,269,0,0,0.6421,0.1535,0.0079,0.0000,0.6421,0.1538,0.0079,-0.0000,515,0,0,
9.3524,19024,380525,2558,2200,270,0,0,0.6421,0.1535,0.0079,0.0000,0.6421,0.1538,0.0079,-0.0000,516,0,0,2.27
9.3725,19025,380545,2558,2201,270,0,0,0.6421,0.1545,0.0079,0.0000,0.6421,0.1537,0.0079,-0.0000,517,0,0,
9.3924,19026,380565,2558,2201,270,0,0,0.6421,0.1545,0.0079,0.0000,0.6421,0.1540,0.0079,-0.0000,518,0,0,
9.4123,19027,380585,2558,2201,270,0,0,0.6421,0.1545,0.0079,0.0000,0.6421,0.1542,0.0079,-0.0000,519,0,0,
9.4324,19028,380605,2558,2201,271,0,0,0.6421,0.1545,0.0080,0.0000,0.6421,0.1543,0.0079,-0.0000,520,0,0,
9.4524,19029,380625,2558,2201,271,0,0,0.6421,0.1545,0.0080,0.0000,0.6421,0.1544,0.0079,-0.0000,521,0,0,
9.4723,19030,380645,2558,2201,270,0,0,0.6421,0.1545,0.0079,0.0000,0.6421,0.1544,0.0079,-0.0000,522,0,0,
9.4924,19031,380665,2558,2201,270,0,0,0.6421,0.1545,0.0079,0.0000,0.6421,0.1544,0.0079,-0.0000,523,0,0,
9.5124,19032,380685,2558,2202,270,0,0,0.6421,0.1555,0.0079,0.0000,0.6421,0.1546,0.0079,-0.0000,524,0,0,
9.5324,19033,380705,2558,2201,270,0,0,0.6421,0.1545,0.0079,0.0000,0.6421,0.1548,0.0079,-0.0000,525,0,0,
9.5523,19034,380725,2558,2201,270,0,0,0.6421,0.1545,0.0079,0.0000,0.6421,0.1547,0.0079,-0.0000,526,0,0,
9.5724,19035,380745,2558,2201,270,0,0,0.6421,0.1545,0.0079,0.0000,0.6421,0.1546,0.0079,-0.0000,527,0,0,
9.5952,19036,380765,2558,2201,270,0,0,0.6421,0.1545,0.0079,0.0000,0.6421,0.1546,0.0079,-0.0000,528,0,0,
9.6124,19037,380785,2558,2201,270,0,0,0.6421,0.1545,0.0079,0.0000,0.6421,0.1545,0.0079,-0.0000,529,0,0,
9.6324,19038,380805,2558,2201,270,0,0,0.6421,0.1545,0.0079,0.0000,0.6421,0.1545,0.0079,-0.0000,530,0,0,
9.6524,19039,380825,2558,2201,270,0,0,0.6421,0.1545,0.0079,0.0000,0.6421,0.1545,0.0079,-0.0000,531,0,0,
9.6724,19040,380845,2559,2201,270,0,0,0.6434,0.1545,0.0079,0.0000,0.6423,0.1545,0.0079,-0.0000,532,0,0,
9.6924,19041,380865,2559,2202,270,0,0,0.6434,0.1555,0.0079,0.0000,0.6427,0.1546,0.0079,-0.0000,533,0,0,
9.7124,19042,380885,2559,2202,270,0,0,0.6434,0.1555,0.0079,0.0000,0.6429,0.1549,0.0079,-0.0000,534,0,0,
9.7325,19043,380905,2558,2202,270,0,0,0.6421,0.1555,0.0079,0.0000,0.6430,0.1551,0.0079,-0.0000,535,0,0,
9.7523,19044,380925,2558,2202,270,0,0,0.6421,0.1555,0.0079,0.0000,0.6427,0.1553,0.0079,-0.0000,536,0,0,
9.7724,19045,380945,2558,2202,270,0,0,0.6421,0.1555,0.0079,0.0000,0.6425,0.1554,0.0079,-0.0000,537,0,0,
9.7923,19046,380965,2558,2202,270,0,0,0.6421,0.1555,0.0079,0.0000,0.6424,0.1554,0.0079,-0.0000,538,0,0,
9.8123,19047,380985,2558,2201,270,0,0,0.6421,0.1545,0.0079,0.0000,0.6423,0.1553,0.0079,-0.0000,539,0,0,
9.8324,19048,381005,2558,2201,270,0,0,0.6421,0.1545,0.0079,0.0000,0.6422,0.1550,0.0079,-0.0000,540,0,0,
9.8592,19049,381025,2558,2201,270,0,0,0.6421,0.1545,0.0079,0.0000,0.6422,0.1549,0.0079,-0.0000,541,0,0,
9.8724,19050,381045,2558,2201,270,0,0,0.6421,0.1545,0.0079,0.0000,0.6422,0.1549,0.0079,-0.0000,542,0,0,
9.8923,19051,381065,2558,2201,270,0,0,0.6421,0.1545,0.0079,0.0000,0.6422,0.1547,0.0079,-0.0000,543,0,0,
9.9124,19052,381085,2558,2201,270,0,0,0.6421,0.1545,0.0079,0.0000,0.6422,0.1546,0.0079,-0.0000,544,0,0,
9.9325,19053,381105,2558,2201,270,0,0,0.6421,0.1545,0.0079,0.0000,0.6422,0.1546,0.0079,-0.0000,545,0,0,
9.9523,19054,381125,2558,2201,270,0,0,0.6421,0.1545,0.0079,0.0000,0.6421,0.1545,0.0079,-0.0000,546,0,0,
9.9723,19055,381145,2558,2201,270,0,0,0.6421,0.1545,0.0079,0.0000,0.6421,0.1545,0.0079,-0.0000,547,0,0,
9.9923,19056,381165,2558,2201,270,0,0,0.6421,0.1545,0.0079,0.0000,0.6421,0.1545,0.0079,-0.0000,548,0,0,
10.0123,19057,381185,2558,2202,270,0,0,0.6421,0.1555,0.0079,0.0000,0.6421,0.1546,0.0079,-0.0000,549,0,0,
10.0324,19058,381205,2558,2201,270,0,0,0.6421,0.1545,0.0079,0.0000,0.6421,0.1549,0.0079,-0.0000,550,0,0,
10.0524,19059,381225,2558,2202,271,0,0,0.6421,0.1555,0.0080,0.0000,0.6421,0.1548,0.0079,-0.0000,551,0,0,
10.0724,19060,381245,2558,2202,270,0,0,0.6421,0.1555,0.0079,0.0000,0.6421,0.1551,0.0079,-0.0000,552,0,0,
10.1123,19062,381285,2558,2201,269,0,0,0.6421,0.1545,0.0079,0.0000,0.6421,0.1551,0.0079,-0.0000,554,0,0,
10.1323,19063,381305,2558,2201,270,0,0,0.6421,0.1545,0.0079,0.0000,0.6421,0.1549,0.0079,-0.0000,555,0,0,
10.1523,19064,381325,2558,2201,269,0,0,0.6421,0.1545,0.0079,0.0000,0.6421,0.1547,0.0079,-0.0000,556,0,0,
10.1724,19065,381345,2558,2201,269,0,0,0.6421,0.1545,0.0079,0.0000,0.6421,0.1546,0.0079,-0.0000,557,0,0,
10.1924,19066,381365,2558,2201,270,0,0,0.6421,0.1545,0.0079,0.0000,0.6421,0.1546,0.0079,-0.0000,558,0,0,
10.2124,19067,381385,2558,2201,270,0,0,0.6421,0.1545,0.0079,0.0000,0.6421,0.1546,0.0079,-0.0000,559,0,0,
10.2324,19068,381405,2558,2201,270,0,0,0.6421,0.1545,0.0079,0.0000,0.6421,0.1545,0.0079,-0.0000,560,0,0,
10.2524,19069,381425,2558,2201,270,0,0,0.6421,0.1545,0.0079,0.0000,0.6421,0.1545,0.0079,-0.0000,561,0,0,
10.2724,19070,381445,2558,2201,270,0,0,0.6421,0.1545,0.0079,0.0000,0.6421,0.1545,0.0079,-0.0000,562,0,0,
10.2925,19071,381465,2558,2201,270,0,0,0.6421,0.1545,0.0079,0.0000,0.6421,0.1545,0.0079,-0.0000,563,0,0,
10.3125,19072,381485,2558,2201,270,0,0,0.6421,0.1545,0.0079,0.0000,0.6421,0.1545,0.0079,-0.0000,564,0,0,
10.3324,19073,381505,2558,2201,270,0,0,0.6421,0.1545,0.0079,0.0000,0.6421,0.1545,0.0079,-0.0000,565,0,0,
10.3661,19074,381525,2558,2201,270,0,0,0.6421,0.1545,0.0079,0.0000,0.6421,0.1545,0.0079,-0.0000,566,0,0,7.26
10.3725,19075,381545,2558,2201,270,0,0,0.6421,0.1545,0.0079,0.0000,0.6421,0.1545,0.0079,-0.0000,567,0,0,
10.3924,19076,381565,2558,2201,270,0,0,0.6421,0.1545,0.0079,0.0000,0.6421,0.1545,0.0079,-0.0000,568,0,0,
10.4124,19077,381585,2558,2201,270,0,0,0.6421,0.1545,0.0079,0.0000,0.6421,0.1545,0.0079,-0.0000,569,0,0,
10.4324,19078,381605,2559,2201,270,0,0,0.6434,0.1545,0.0079,0.0000,0.6423,0.1545,0.0079,-0.0000,570,0,0,
10.4524,19079,381625,2559,2201,270,0,0,0.6434,0.1545,0.0079,0.0000,0.6427,0.1545,0.0079,-0.0000,571,0,0,
10.4724,19080,381645,2559,2201,270,0,0,0.6434,0.1545,0.0079,0.0000,0.6430,0.1545,0.0079,-0.0000,572,0,0,
10.4926,19081,381665,2559,2201,270,0,0,0.6434,0.1545,0.0079,0.0000,0.6431,0.1545,0.0079,-0.0000,573,0,0,
10.5124,19082,381685,2559,2201,270,0,0,0.6434,0.1545,0.0079,0.0000,0.6432,0.1545,0.0079,-0.0000,574,0,0,
10.5323,19083,381705,2559,2201,270,0,0,0.6434,0.1545,0.0079,0.0000,0.6433,0.1545,0.0079,-0.0000,575,0,0,
10.5523,19084,381725,2559,2201,270,0,0,0.6434,0.1545,0.0079,0.0000,0.6433,0.1545,0.0079,-0.0000,576,0,0,
10.5724,19085,381745,2559,2201,269,0,0,0.6434,0.1545,0.0079,0.0000,0.6434,0.1545,0.0079,-0.0000,577,0,0,
10.6161,19087,381785,2558,2202,270,0,0,0.6421,0.1555,0.0079,0.0000,0.6432,0.1546,0.0079,-0.0000,579,0,0,
10.6324,19088,381805,2559,2202,270,0,0,0.6434,0.1555,0.0079,0.0000,0.6431,0.1548,0.0079,-0.0000,580,0,0,
10.6523,19089,381825,2559,2201,270,0,0,0.6434,0.1545,0.0079,0.0000,0.6432,0.1550,0.0079,-0.0000,581,0,0,
10.6724,19090,381845,2558,2201,270,0,0,0.6421,0.1545,0.0079,0.0000,0.6431,0.1548,0.0079,-0.0000,582,0,0,
10.6924,19091,381865,2558,2202,270,0,0,0.6421,0.1555,0.0079,0.0000,0.6428,0.1548,0.0079,-0.0000,583,0,0,
10.7124,19092,381885,2558,2202,270,0,0,0.6421,0.1555,0.0079,0.0000,0.6425,0.1551,0.0079,-0.0000,584,0,0,
10.7324,19093,381905,2558,2201,270,0,0,0.6421,0.1545,0.0079,0.0000,0.6424,0.1551,0.0079,-0.0000,585,0,0,
10.7523,19094,381925,2558,2201,270,0,0,0.6421,0.1545,0.0079,0.0000,0.6423,0.1549,0.0079,-0.0000,586,0,0,
10.7724,19095,381945,2558,2201,270,0,0,0.6421,0.1545,0.0079,0.0000,0.6422,0.1547,0.0079,-0.0000,587,0,0,
10.7924,19096,381965,2558,2201,270,0,0,0.6421,0.1545,0.0079,0.0000,0.6422,0.1546,0.0079,-0.0000,588,0,0,
10.8123,19097,381985,2558,2201,270,0,0,0.6421,0.1545,0.0079,0.0000,0.6422,0.1546,0.0079,-0.0000,589,0,0,
10.8323,19098,382005,2558,2201,270,0,0,0.6421,0.1545,0.0079,0.0000,0.6422,0.1545,0.0079,-0.0000,590,0,0,
10.8660,19099,382025,2558,2201,270,0,0,0.6421,0.1545,0.0079,0.0000,0.6422,0.1545,0.0079,-0.0000,591,0,0,
10.8724,19100,382045,2558,2201,270,0,0,0.6421,0.1545,0.0079,0.0000,0.6422,0.1545,0.0079,-0.0000,592,0,0,
10.8923,19101,382065,2558,2201,270,0,0,0.6421,0.1545,0.0079,0.0000,0.6421,0.1545,0.0079,-0.0000,593,0,0,
10.9124,19102,382085,2558,2201,270,0,0,0.6421,0.1545,0.0079,0.0000,0.6421,0.1545,0.0079,-0.0000,594,0,0,
10.9323,19103,382105,2559,2201,270,0,0,0.6434,0.1545,0.0079,0.0000,0.6423,0.1545,0.0079,-0.0000,595,0,0,
10.9524,19104,382125,2559,2201,270,0,0,0.6434,0.1545,0.0079,0.0000,0.6427,0.1545,0.0079,-0.0000,596,0,0,
10.9724,19105,382145,2558,2201,270,0,0,0.6421,0.1545,0.0079,0.0000,0.6428,0.1545,0.0079,-0.0000,597,0,0,
10.9923,19106,382165,2558,2201,270,0,0,0.6421,0.1545,0.0079,0.0000,0.6425,0.1545,0.0079,-0.0000,598,0,0,
11.0124,19107,382185,2559,2202,270,0,0,0.6434,0.1555,0.0079,0.0000,0.6425,0.1546,0.0079,-0.0000,599,0,0,
11.0325,19108,382205,2558,2202,270,0,0,0.6421,0.1555,0.0079,0.0000,0.6427,0.1549,0.0079,-0.0000,600,0,0,
11.0524,19109,382225,2558,2202,270,0,0,0.6421,0.1555,0.0079,0.0000,0.6425,0.1551,0.0079,-0.0000,601,0,0,
11.0724,19110,382245,2558,2202,270,0,0,0.6421,0.1555,0.0079,0.0000,0.6424,0.1553,0.0079,-0.0000,602,0,0,
11.0924,19111,382265,2558,2201,270,0,0,0.6421,0.1545,0.0079,0.0000,0.6423,0.1553,0.0079,-0.0000,603,0,0,
11.1230,19112,382285,2558,2201,270,0,0,0.6421,0.1545,0.0079,0.0000,0.6422,0.1551,0.0079,-0.0000,604,0,0,
11.1324,19113,382305,2558,2201,269,0,0,0.6421,0.1545,0.0079,0.0000,0.6422,0.1550,0.0079,-0.0000,605,0,0,
11.1524,19114,382325,2558,2202,270,0,0,0.6421,0.1555,0.0079,0.0000,0.6422,0.1549,0.0079,-0.0000,606,0,0,
11.1724,19115,382345,2558,2202,270,0,0,0.6421,0.1555,0.0079,0.0000,0.6422,0.1551,0.0079,-0.0000,607,0,0,
11.1925,19116,382365,2558,2202,270,0,0,0.6421,0.1555,0.0079,0.0000,0.6422,0.1553,0.0079,-0.0000,608,0,0,
11.2124,19117,382385,2558,2202,270,0,0,0.6421,0.1555,0.0079,0.0000,0.6422,0.1553,0.0079,-0.0000,609,0,0,
11.2324,19118,382405,2558,2202,270,0,0,0.6421,0.1555,0.0079,0.0000,0.6421,0.1554,0.0079,-0.0000,610,0,0,
11.2524,19119,382425,2558,2202,270,0,0,0.6421,0.1555,0.0079,0.0000,0.6421,0.1554,0.0079,-0.0000,611,0,0,
11.2724,19120,382445,2558,2203,270,0,0,0.6421,0.1565,0.0079,0.0000,0.6421,0.1556,0.0079,-0.0000,612,0,0,
11.2924,19121,382465,2558,2202,270,0,0,0.6421,0.1555,0.0079,0.0000,0.6421,0.1558,0.0079,-0.0000,613,0,0,
11.3124,19122,382485,2558,2202,270,0,0,0.6421,0.1555,0.0079,0.0000,0.6421,0.1557,0.0079,-0.0000,614,0,0,
11.3324,19123,382505,2558,2203,269,0,0,0.6421,0.1565,0.0079,0.0000,0.6421,0.1557,0.0079,-0.0000,615,0,0,
11.3730,19125,382545,2558,2202,269,0,0,0.6421,0.1555,0.0079,0.0000,0.6421,0.1559,0.0079,-0.0000,617,0,0,2.08
11.3924,19126,382565,2558,2202,270,0,0,0.6421,0.1555,0.0079,0.0000,0.6421,0.1558,0.0079,-0.0000,618,0,0,
11.4123,19127,382585,2558,2202,269,0,0,0.6421,0.1555,0.0079,0.0000,0.6421,0.1557,0.0079,-0.0000,619,0,0,
11.4324,19128,382605,2558,2201,270,0,0,0.6421,0.1545,0.0079,0.0000,0.6421,0.1555,0.0079,-0.0000,620,0,0,
11.4524,19129,382625,2558,2201,270,0,0,0.6421,0.1545,0.0079,0.0000,0.6421,0.1552,0.0079,-0.0000,621,0,0,
11.4724,19130,382645,2558,2200,270,0,0,0.6421,0.1535,0.0079,0.0000,0.6421,0.1548,0.0079,-0.0000,622,0,0,
11.4924,19131,382665,2558,2200,270,0,0,0.6421,0.1535,0.0079,0.0000,0.6421,0.1543,0.0079,-0.0000,623,0,0,
11.5124,19132,382685,2558,2201,270,0,0,0.6421,0.1545,0.0079,0.0000,0.6421,0.1541,0.0079,-0.0000,624,0,0,
11.5324,19133,382705,2558,2201,270,0,0,0.6421,0.1545,0.0079,0.0000,0.6421,0.1543,0.0079,-0.0000,625,0,0,
11.5524,19134,382725,2558,2202,270,0,0,0.6421,0.1555,0.0079,0.0000,0.6421,0.1544,0.0079,-0.0000,626,0,0,
11.5724,19135,382745,2558,2202,270,0,0,0.6421,0.1555,0.0079,0.0000,0.6421,0.1549,0.0079,-0.0000,627,0,0,
11.5924,19136,382765,2558,2202,270,0,0,0.6421,0.1555,0.0079,0.0000,0.6421,0.1551,0.0079,-0.0000,628,0,0,
11.6324,19138,382805,2558,2202,270,0,0,0.6421,0.1555,0.0079,0.0000,0.6421,0.1552,0.0079,-0.0000,630,0,0,
11.6524,19139,382825,2558,2202,270,0,0,0.6421,0.1555,0.0079,0.0000,0.6421,0.1553,0.0079,-0.0000,631,0,0,
11.6724,19140,382845,2558,2202,270,0,0,0.6421,0.1555,0.0079,0.0000,0.6421,0.1554,0.0079,-0.0000,632,0,0,
11.6925,19141,382865,2558,2202,270,0,0,0.6421,0.1555,0.0079,0.0000,0.6421,0.1554,0.0079,-0.0000,633,0,0,
11.7125,19142,382885,2558,2202,270,0,0,0.6421,0.1555,0.0079,0.0000,0.6421,0.1555,0.0079,-0.0000,634,0,0,
11.7324,19143,382905,2558,2201,270,0,0,0.6421,0.1545,0.0079,0.0000,0.6421,0.1554,0.0079,-0.0000,635,0,0,
11.7525,19144,382925,2558,2201,270,0,0,0.6421,0.1545,0.0079,0.0000,0.6421,0.1551,0.0079,-0.0000,636,0,0,
11.7725,19145,382945,2558,2201,270,0,0,0.6421,0.1545,0.0079,0.0000,0.6421,0.1548,0.0079,-0.0000,637,0,0,
11.7924,19146,382965,2558,2201,270,0,0,0.6421,0.1545,0.0079,0.0000,0.6421,0.1547,0.0079,-0.0000,638,0,0,
11.8124,19147,382985,2558,2201,270,0,0,0.6421,0.1545,0.0079,0.0000,0.6421,0.1546,0.0079,-0.0000,639,0,0,
11.8325,19148,383005,2558,2201,270,0,0,0.6421,0.1545,0.0079,0.0000,0.6421,0.1546,0.0079,-0.0000,640,0,0,
11.8525,19149,383025,2558,2201,270,0,0,0.6421,0.1545,0.0079,0.0000,0.6421,0.1545,0.0079,-0.0000,641,0,0,
11.8798,19150,383045,2558,2201,270,0,0,0.6421,0.1545,0.0079,0.0000,0.6421,0.1545,0.0079,-0.0000,642,0,0,
11.8924,19151,383065,2558,2201,270,0,0,0.6421,0.1545,0.0079,0.0000,0.6421,0.1545,0.0079,-0.0000,643,0,0,
11.9124,19152,383085,2558,2201,270,0,0,0.6421,0.1545,0.0079,0.0000,0.6421,0.1545,0.0079,-0.0000,644,0,0,
11.9325,19153,383105,2558,2201,270,0,0,0.6421,0.1545,0.0079,0.0000,0.6421,0.1545,0.0079,-0.0000,645,0,0,
11.9525,19154,383125,2558,2201,270,0,0,0.6421,0.1545,0.0079,0.0000,0.6421,0.1545,0.0079,-0.0000,646,0,0,
11.9724,19155,383145,2558,2201,270,0,0,0.6421,0.1545,0.0079,0.0000,0.6421,0.1545,0.0079,-0.0000,647,0,0,
11.9925,19156,383165,2558,2201,270,0,0,0.6421,0.1545,0.0079,0.0000,0.6421,0.1545,0.0079,-0.0000,648,0,0,
12.0124,19157,383185,2558,2201,270,0,0,0.6421,0.1545,0.0079,0.0000,0.6421,0.1545,0.0079,-0.0000,649,0,0,
12.0324,19158,383205,2558,2200,270,0,0,0.6421,0.1535,0.0079,0.0000,0.6421,0.1544,0.0079,-0.0000,650,0,0,
12.0524,19159,383225,2558,2201,270,0,0,0.6421,0.1545,0.0079,0.0000,0.6421,0.1541,0.0079,-0.0000,651,0,0,
12.0723,19160,383245,2558,2202,270,0,0,0.6421,0.1555,0.0079,0.0000,0.6421,0.1543,0.0079,-0.0000,652,0,0,
12.0924,19161,383265,2558,2201,270,0,0,0.6421,0.1545,0.0079,0.0000,0.6421,0.1547,0.0079,-0.0000,653,0,0,
12.1369,19163,383305,2559,2201,270,0,0,0.6434,0.1545,0.0079,0.0000,0.6423,0.1546,0.0079,-0.0000,655,0,0,
12.1524,19164,383325,2559,2201,270,0,0,0.6434,0.1545,0.0079,0.0000,0.6426,0.1546,0.0079,-0.0000,656,0,0,
12.1725,19165,383345,2558,2201,270,0,0,0.6421,0.1545,0.0079,0.0000,0.6428,0.1545,0.0079,-0.0000,657,0,0,
12.1924,19166,383365,2558,2202,270,0,0,0.6421,0.1555,0.0079,0.0000,0.6426,0.1546,0.0079,-0.0000,658,0,0,
12.2124,19167,383385,2558,2202,270,0,0,0.6421,0.1555,0.0079,0.0000,0.6424,0.1549,0.0079,-0.0000,659,0,0,
12.2324,19168,383405,2558,2202,270,0,0,0.6421,0.1555,0.0079,0.0000,0.6423,0.1552,0.0079,-0.0000,660,0,0,
12.2524,19169,383425,2558,2201,270,0,0,0.6421,0.1545,0.0079,0.0000,0.6422,0.1552,0.0079,-0.0000,661,0,0,
12.2724,19170,383445,2558,2201,270,0,0,0.6421,0.1545,0.0079,0.0000,0.6422,0.1549,0.0079,-0.0000,662,0,0,
12.2924,19171,383465,2558,2201,270,0,0,0.6421,0.1545,0.0079,0.0000,0.6422,0.1548,0.0079,-0.0000,663,0,0,
12.3124,19172,383485,2558,2202,271,0,0,0.6421,0.1555,0.0080,0.0000,0.6422,0.1547,0.0079,-0.0000,664,0,0,
12.3324,19173,383505,2558,2202,271,0,0,0.6421,0.1555,0.0080,0.0000,0.6422,0.1550,0.0079,-0.0000,665,0,0,
12.3524,19174,383525,2557,2202,270,0,0,0.6409,0.1555,0.0079,0.0000,0.6420,0.1552,0.0079,-0.0000,666,0,0,
12.3867,19175,383545,2558,2202,270,0,0,0.6421,0.1555,0.0079,0.0000,0.6418,0.1553,0.0079,-0.0000,667,0,0,7.22
12.3924,19176,383565,2558,2201,270,0,0,0.6421,0.1545,0.0079,0.0000,0.6418,0.1552,0.0079,-0.0000,668,0,0,
12.4124,19177,383585,2558,2201,270,0,0,0.6421,0.1545,0.0079,0.0000,0.6419,0.1550,0.0079,-0.0000,669,0,0,
12.4324,19178,383605,2558,2201,270,0,0,0.6421,0.1545,0.0079,0.0000,0.6420,0.1548,0.0079,-0.0000,670,0,0,
12.4524,19179,383625,2558,2201,270,0,0,0.6421,0.1545,0.0079,0.0000,0.6421,0.1547,0.0079,-0.0000,671,0,0,
12.4724,19180,383645,2558,2201,270,0,0,0.6421,0.1545,0.0079,0.0000,0.6421,0.1546,0.0079,-0.0000,672,0,0,
12.4924,19181,383665,2558,2201,270,0,0,0.6421,0.1545,0.0079,0.0000,0.6421,0.1546,0.0079,-0.0000,673,0,0,
12.5124,19182,383685,2558,2201,270,0,0,0.6421,0.1545,0.0079,0.0000,0.6421,0.1545,0.0079,-0.0000,674,0,0,
12.5324,19183,383705,2558,2201,269,0,0,0.6421,0.1545,0.0079,0.0000,0.6421,0.1545,0.0079,-0.0000,675,0,0,
12.5524,19184,383725,2558,2201,270,0,0,0.6421,0.1545,0.0079,0.0000,0.6421,0.1545,0.0079,-0.0000,676,0,0,
12.5724,19185,383745,2558,2200,270,0,0,0.6421,0.1535,0.0079,0.0000,0.6421,0.1544,0.0079,-0.0000,677,0,0,
12.5924,19186,383765,2558,2201,270,0,0,0.6421,0.1545,0.0079,0.0000,0.6421,0.1542,0.0079,-0.0000,678,0,0,
12.6124,19187,383785,2558,2200,270,0,0,0.6421,0.1535,0.0079,0.0000,0.6421,0.1542,0.0079,-0.0000,679,0,0,
12.6324,19188,383805,2558,2200,269,0,0,0.6421,0.1535,0.0079,0.0000,0.6421,0.1541,0.0079,-0.0000,680,0,0,
12.6524,19189,383825,2558,2201,269,0,0,0.6421,0.1545,0.0079,0.0000,0.6421,0.1539,0.0079,-0.0000,681,0,0,
12.6724,19190,383845,2558,2201,269,0,0,0.6421,0.1545,0.0079,0.0000,0.6421,0.1541,0.0079,-0.0000,682,0,0,
12.6924,19191,383865,2558,2201,270,0,0,0.6421,0.1545,0.0079,0.0000,0.6421,0.1542,0.0079,-0.0000,683,0,0,
12.7124,19192,383885,2558,2201,270,0,0,0.6421,0.1545,0.0079,0.0000,0.6421,0.1543,0.0079,-0.0000,684,0,0,
12.7323,19193,383905,2558,2201,270,0,0,0.6421,0.1545,0.0079,0.0000,0.6421,0.1544,0.0079,-0.0000,685,0,0,
12.7524,19194,383925,2558,2201,270,0,0,0.6421,0.1545,0.0079,0.0000,0.6421,0.1544,0.0079,-0.0000,686,0,0,
12.7723,19195,383945,2558,2201,270,0,0,0.6421,0.1545,0.0079,0.0000,0.6421,0.1545,0.0079,-0.0000,687,0,0,
12.7924,19196,383965,2558,2201,270,0,0,0.6421,0.1545,0.0079,0.0000,0.6421,0.1545,0.0079,-0.0000,688,0,0,
12.8123,19197,383985,2558,2202,270,0,0,0.6421,0.1555,0.0079,0.0000,0.6421,0.1546,0.0079,-0.0000,689,0,0,
12.8324,19198,384005,2558,2202,270,0,0,0.6421,0.1555,0.0079,0.0000,0.6421,0.1549,0.0079,-0.0000,690,0,0,
12.8524,19199,384025,2558,2201,270,0,0,0.6421,0.1545,0.0079,0.0000,0.6421,0.1550,0.0079,-0.0000,691,0,0,
12.8866,19200,384045,2558,2201,270,0,0,0.6421,0.1545,0.0079,0.0000,0.6421,0.1548,0.0079,-0.0000,692,0,0,
12.8924,19201,384065,2558,2201,270,0,0,0.6421,0.1545,0.0079,0.0000,0.6421,0.1548,0.0079,-0.0000,693,0,0,
12.9124,19202,384085,2558,2201,270,0,0,0.6421,0.1545,0.0079,0.0000,0.6421,0.1547,0.0079,-0.0000,694,0,0,
12.9324,19203,384105,2558,2202,270,0,0,0.6421,0.1555,0.0079,0.0000,0.6421,0.1547,0.0079,-0.0000,695,0,0,
12.9524,19204,384125,2558,2201,269,0,0,0.6421,0.1545,0.0079,0.0000,0.6421,0.1549,0.0079,-0.0000,696,0,0,
12.9724,19205,384145,2558,2201,269,0,0,0.6421,0.1545,0.0079,0.0000,0.6421,0.1547,0.0079,-0.0000,697,0,0,
12.9924,19206,384165,2558,2201,269,0,0,0.6421,0.1545,0.0079,0.0000,0.6421,0.1546,0.0079,-0.0000,698,0,0,
13.0124,19207,384185,2558,2201,270,0,0,0.6421,0.1545,0.0079,0.0000,0.6421,0.1546,0.0079,-0.0000,699,0,0,
13.0324,19208,384205,2558,2200,270,0,0,0.6421,0.1535,0.0079,0.0000,0.6421,0.1544,0.0079,-0.0000,700,0,0,
13.0524,19209,384225,2558,2201,270,0,0,0.6421,0.1545,0.0079,0.0000,0.6421,0.1542,0.0079,-0.0000,701,0,0,
13.0724,19210,384245,2558,2202,270,0,0,0.6421,0.1555,0.0079,0.0000,0.6421,0.1544,0.0079,-0.0000,702,0,0,
13.0924,19211,384265,2558,2203,270,0,0,0.6421,0.1565,0.0079,0.0000,0.6421,0.1549,0.0079,-0.0000,703,0,0,
13.1124,19212,384285,2558,2202,270,0,0,0.6421,0.1555,0.0079,0.0000,0.6421,0.1554,0.0079,-0.0000,704,0,0,
13.1435,19213,384305,2558,2202,270,0,0,0.6421,0.1555,0.0079,0.0000,0.6421,0.1555,0.0079,-0.0000,705,0,0,
13.1525,19214,384325,2558,2202,270,0,0,0.6421,0.1555,0.0079,0.0000,0.6421,0.1555,0.0079,-0.0000,706,0,0,
13.1725,19215,384345,2558,2201,270,0,0,0.6421,0.1545,0.0079,0.0000,0.6421,0.1554,0.0079,-0.0000,707,0,0,
13.1925,19216,384365,2559,2201,270,0,0,0.6434,0.1545,0.0079,0.0000,0.6423,0.1551,0.0079,-0.0000,708,0,0,
13.2123,19217,384385,2559,2201,270,0,0,0.6434,0.1545,0.0079,0.0000,0.6427,0.1548,0.0079,-0.0000,709,0,0,
13.2326,19218,384405,2559,2201,270,0,0,0.6434,0.1545,0.0079,0.0000,0.6430,0.1547,0.0079,-0.0000,710,0,0,
13.2524,19219,384425,2559,2201,270,0,0,0.6434,0.1545,0.0079,0.0000,0.6431,0.1546,0.0079,-0.0000,711,0,0,
13.2724,19220,384445,2559,2201,270,0,0,0.6434,0.1545,0.0079,0.0000,0.6432,0.1546,0.0079,-0.0000,712,0,0,
13.2924,19221,384465,2559,2201,270,0,0,0.6434,0.1545,0.0079,0.0000,0.6433,0.1545,0.0079,-0.0000,713,0,0,
13.3124,19222,384485,2559,2200,270,0,0,0.6434,0.1535,0.0079,0.0000,0.6433,0.1544,0.0079,-0.0000,714,0,0,
13.3324,19223,384505,2559,2200,270,0,0,0.6434,0.1535,0.0079,0.0000,0.6434,0.1541,0.0079,-0.0000,715,0,0,
13.3524,19224,384525,2558,2201,270,0,0,0.6421,0.1545,0.0079,0.0000,0.6432,0.1539,0.0079,-0.0000,716,0,0,
13.3867,19225,384545,2558,2201,270,0,0,0.6421,0.1545,0.0079,0.0000,0.6428,0.1542,0.0079,-0.0000,717,0,0,
13.3933,19226,384565,2558,2202,270,0,0,0.6421,0.1555,0.0079,0.0000,0.6427,0.1543,0.0079,-0.0000,718,0,0,6.58
13.4124,19227,384585,2558,2202,270,0,0,0.6421,0.1555,0.0079,0.0000,0.6425,0.1547,0.0079,-0.0000,719,0,0,
13.4324,19228,384605,2558,2201,270,0,0,0.6421,0.1545,0.0079,0.0000,0.6424,0.1549,0.0079,-0.0000,720,0,0,
13.4524,19229,384625,2558,2201,270,0,0,0.6421,0.1545,0.0079,0.0000,0.6423,0.1548,0.0079,-0.0000,721,0,0,
13.4724,19230,384645,2558,2201,269,0,0,0.6421,0.1545,0.0079,0.0000,0.6422,0.1547,0.0079,-0.0000,722,0,0,
13.4924,19231,384665,2558,2201,269,0,0,0.6421,0.1545,0.0079,0.0000,0.6422,0.1546,0.0079,-0.0000,723,0,0,
13.5124,19232,384685,2558,2201,269,0,0,0.6421,0.1545,0.0079,0.0000,0.6422,0.1546,0.0079,-0.0000,724,0,0,
13.5323,19233,384705,2558,2201,269,0,0,0.6421,0.1545,0.0079,0.0000,0.6422,0.1545,0.0079,-0.0000,725,0,0,
13.5524,19234,384725,2558,2201,269,0,0,0.6421,0.1545,0.0079,0.0000,0.6422,0.1545,0.0079,-0.0000,726,0,0,
13.5724,19235,384745,2558,2201,270,0,0,0.6421,0.1545,0.0079,0.0000,0.6421,0.1545,0.0079,-0.0000,727,0,0,
13.5924,19236,384765,2558,2201,270,0,0,0.6421,0.1545,0.0079,0.0000,0.6421,0.1545,0.0079,-0.0000,728,0,0,
13.6124,19237,384785,2558,2201,270,0,0,0.6421,0.1545,0.0079,0.0000,0.6421,0.1545,0.0079,-0.0000,729,0,0,
13.6436,19238,384805,2558,2201,269,0,0,0.6421,0.1545,0.0079,0.0000,0.6421,0.1545,0.0079,-0.0000,730,0,0,
13.6525,19239,384825,2558,2201,269,0,0,0.6421,0.1545,0.0079,0.0000,0.6421,0.1545,0.0079,-0.0000,731,0,0,
13.6724,19240,384845,2558,2200,269,0,0,0.6421,0.1535,0.0079,0.0000,0.6421,0.1544,0.0079,-0.0000,732,0,0,
13.6924,19241,384865,2558,2201,269,0,0,0.6421,0.1545,0.0079,0.0000,0.6421,0.1542,0.0079,-0.0000,733,0,0,
13.7124,19242,384885,2558,2201,270,0,0,0.6421,0.1545,0.0079,0.0000,0.6421,0.1543,0.0079,-0.0000,734,0,0,
13.7324,19243,384905,2558,2201,270,0,0,0.6421,0.1545,0.0079,0.0000,0.6421,0.1544,0.0079,-0.0000,735,0,0,
13.7524,19244,384925,2558,2200,270,0,0,0.6421,0.1535,0.0079,0.0000,0.6421,0.1543,0.0079,-0.0000,736,0,0,
13.7724,19245,384945,2558,2200,270,0,0,0.6421,0.1535,0.0079,0.0000,0.6421,0.1540,0.0079,-0.0000,737,0,0,
13.7924,19246,384965,2559,2201,270,0,0,0.6434,0.1545,0.0079,0.0000,0.6423,0.1539,0.0079,-0.0000,738,0,0,
13.8124,19247,384985,2559,2201,269,0,0,0.6434,0.1545,0.0079,0.0000,0.6427,0.1542,0.0079,-0.0000,739,0,0,
13.8324,19248,385005,2558,2201,269,0,0,0.6421,0.1545,0.0079,0.0000,0.6428,0.1543,0.0079,-0.0000,740,0,0,
13.8524,19249,385025,2558,2201,269,0,0,0.6421,0.1545,0.0079,0.0000,0.6425,0.1544,0.0079,-0.0000,741,0,0,
13.8724,19250,385045,2558,2201,270,0,0,0.6421,0.1545,0.0079,0.0000,0.6424,0.1544,0.0079,-0.0000,742,0,0,
13.9004,19251,385065,2558,2201,270,0,0,0.6421,0.1545,0.0079,0.0000,0.6424,0.1544,0.0079,-0.0000,743,0,0,
13.9124,19252,385085,2558,2201,270,0,0,0.6421,0.1545,0.0079,0.0000,0.6423,0.1544,0.0079,-0.0000,744,0,0,
13.9324,19253,385105,2558,2201,269,0,0,0.6421,0.1545,0.0079,0.0000,0.6422,0.1545,0.0079,0.0000,745,0,0,
13.9524,19254,385125,2558,2201,270,0,0,0.6421,0.1545,0.0079,0.0000,0.6422,0.1545,0.0079,-0.0000,746,0,0,
13.9724,19255,385145,2558,2201,270,0,0,0.6421,0.1545,0.0079,0.0000,0.6422,0.1545,0.0079,-0.0000,747,0,0,
13.9924,19256,385165,2558,2201,270,0,0,0.6421,0.1545,0.0079,0.0000,0.6422,0.1545,0.0079,-0.0000,748,0,0,
14.0124,19257,385185,2558,2201,270,0,0,0.6421,0.1545,0.0079,0.0000,0.6422,0.1545,0.0079,-0.0000,749,0,0,
14.0324,19258,385205,2558,2201,270,0,0,0.6421,0.1545,0.0079,0.0000,0.6421,0.1545,0.0079,-0.0000,750,0,0,
14.0524,19259,385225,2559,2201,270,0,0,0.6434,0.1545,0.0079,0.0000,0.6423,0.1545,0.0079,-0.0000,751,0,0,
14.0724,19260,385245,2559,2200,269,0,0,0.6434,0.1535,0.0079,0.0000,0.6427,0.1544,0.0079,-0.0000,752,0,0,
14.0924,19261,385265,2559,2200,270,0,0,0.6434,0.1535,0.0079,0.0000,0.6430,0.1541,0.0079,-0.0000,753,0,0,
14.1124,19262,385285,2559,2200,270,0,0,0.6434,0.1535,0.0079,0.0000,0.6431,0.1538,0.0079,-0.0000,754,0,0,
14.1435,19263,385305,2558,2200,270,0,0,0.6421,0.1535,0.0079,0.0000,0.6431,0.1537,0.0079,-0.0000,755,0,0,
14.1524,19264,385325,2558,2200,270,0,0,0.6421,0.1535,0.0079,0.0000,0.6430,0.1537,0.0079,-0.0000,756,0,0,
14.1724,19265,385345,2558,2201,270,0,0,0.6421,0.1545,0.0079,0.0000,0.6427,0.1537,0.0079,-0.0000,757,0,0,
14.1924,19266,385365,2558,2201,270,0,0,0.6421,0.1545,0.0079,0.0000,0.6425,0.1540,0.0079,-0.0000,758,0,0,
14.2124,19267,385385,2558,2201,270,0,0,0.6421,0.1545,0.0079,0.0000,0.6423,0.1542,0.0079,-0.0000,759,0,0,
14.2324,19268,385405,2558,2201,270,0,0,0.6421,0.1545,0.0079,0.0000,0.6423,0.1543,0.0079,-0.0000,760,0,0,
14.2524,19269,385425,2558,2201,269,0,0,0.6421,0.1545,0.0079,0.0000,0.6422,0.1544,0.0079,-0.0000,761,0,0,
14.2724,19270,385445,2558,2201,267,0,0,0.6421,0.1545,0.0078,0.0000,0.6422,0.1544,0.0079,-0.0000,762,0,0,
14.2924,19271,385465,2558,2199,261,0,0,0.6421,0.1525,0.0076,0.0000,0.6422,0.1542,0.0078,-0.0000,763,0,0,
14.3124,19272,385485,2558,2200,256,0,0,0.6421,0.1535,0.0074,0.0000,0.6422,0.1536,0.0077,-0.0000,764,0,0,
14.3324,19273,385505,2558,2200,247,0,0,0.6421,0.1535,0.0071,0.0000,0.6422,0.1536,0.0076,-0.0000,765,0,0,
14.3524,19274,385525,2558,2199,236,0,0,0.6421,0.1525,0.0066,0.0000,0.6421,0.1534,0.0073,-0.0000,766,0,0,
14.3724,19275,385545,2558,2200,226,0,0,0.6421,0.1535,0.0063,0.0000,0.6421,0.1532,0.0070,-0.0000,767,0,0,
14.3936,19276,385565,2558,2200,209,0,0,0.6421,0.1535,0.0056,0.0000,0.6421,0.1533,0.0068,-0.0000,768,0,0,2.10
14.4124,19277,385585,2558,2200,190,0,0,0.6421,0.1535,0.0049,0.0000,0.6421,0.1533,0.0063,-0.0000,769,0,0,
14.4324,19278,385605,2558,2200,169,0,0,0.6421,0.1535,0.0041,0.0000,0.6421,0.1534,0.0057,-0.0000,770,0,0,
14.4524,19279,385625,2558,2200,144,0,0,0.6421,0.1535,0.0032,0.0000,0.6421,0.1534,0.0048,-0.0000,771,0,0,
14.4724,19280,385645,2559,2201,117,0,0,0.6434,0.1545,0.0022,0.0000,0.6423,0.1535,0.0041,-0.0000,772,0,0,
14.4924,19281,385665,2559,2201,88,0,0,0.6434,0.1545,0.0011,0.0000,0.6427,0.1539,0.0032,-0.0000,773,0,0,
14.5123,19282,385685,2559,2201,58,0,0,0.6434,0.1545,0.0000,0.0000,0.6430,0.1541,0.0021,-0.0000,774,0,0,
14.5323,19283,385705,2559,2201,37,0,0,0.6434,0.1545,0.0000,0.0000,0.6431,0.1542,0.0012,-0.0000,775,0,0,
14.5523,19284,385725,2559,2201,24,0,0,0.6434,0.1545,0.0000,0.0000,0.6432,0.1543,0.0002,-0.0000,776,0,0,
14.5723,19285,385745,2559,2202,15,0,0,0.6434,0.1555,0.0000,0.0000,0.6433,0.1545,-0.0001,0.0000,777,0,0,
14.5923,19286,385765,2559,2201,10,0,0,0.6434,0.1545,0.0000,0.0000,0.6433,0.1548,-0.0000,-0.0000,778,0,0,
14.6122,19287,385785,2559,2201,6,0,0,0.6434,0.1545,0.0000,0.0000,0.6434,0.1547,-0.0000,-0.0000,779,0,0,
14.6322,19288,385805,2559,2201,4,0,0,0.6434,0.1545,0.0000,0.0000,0.6434,0.1546,-0.0000,-0.0000,780,0,0,
14.6575,19289,385825,2559,2201,2,0,0,0.6434,0.1545,0.0000,0.0000,0.6434,0.1546,-0.0000,-0.0000,781,0,0,
14.6722,19290,385845,2559,2201,1,0,0,0.6434,0.1545,0.0000,0.0000,0.6434,0.1546,-0.0000,-0.0000,782,0,0,
14.6922,19291,385865,2559,2201,1,0,0,0.6434,0.1545,0.0000,0.0000,0.6434,0.1545,-0.0000,-0.0000,783,0,0,
14.7122,19292,385885,2559,2201,0,0,0,0.6434,0.1545,0.0000,0.0000,0.6434,0.1545,-0.0000,-0.0000,784,0,0,
14.7322,19293,385905,2559,2201,0,0,0,0.6434,0.1545,0.0000,0.0000,0.6434,0.1545,-0.0000,-0.0000,785,0,0,
14.7523,19294,385925,2559,2201,0,0,0,0.6434,0.1545,0.0000,0.0000,0.6434,0.1545,-0.0000,-0.0000,786,0,0,
14.7722,19295,385945,2559,2201,0,0,0,0.6434,0.1545,0.0000,0.0000,0.6434,0.1545,-0.0000,-0.0000,787,0,0,
14.7922,19296,385965,2559,2201,0,0,0,0.6434,0.1545,0.0000,0.0000,0.6434,0.1545,-0.0000,-0.0000,788,0,0,
14.8122,19297,385985,2559,2201,0,0,0,0.6434,0.1545,0.0000,0.0000,0.6434,0.1545,-0.0000,-0.0000,789,0,0,
14.8322,19298,386005,2558,2201,0,0,0,0.6421,0.1545,0.0000,0.0000,0.6433,0.1545,-0.0000,-0.0000,790,0,0,
14.8522,19299,386025,2558,2200,0,0,0,0.6421,0.1535,0.0000,0.0000,0.6428,0.1544,-0.0000,-0.0000,791,0,0,
14.8723,19300,386045,2558,2200,0,0,0,0.6421,0.1535,0.0000,0.0000,0.6426,0.1541,-0.0000,-0.0000,792,0,0,
14.9003,19301,386065,2558,2201,0,0,0,0.6421,0.1545,0.0000,0.0000,0.6424,0.1540,-0.0000,-0.0000,793,0,0,
14.9122,19302,386085,2558,2201,0,0,0,0.6421,0.1545,0.0000,0.0000,0.6424,0.1541,-0.0000,-0.0000,794,0,0,
14.9322,19303,386105,2558,2201,0,0,0,0.6421,0.1545,0.0000,0.0000,0.6423,0.1542,-0.0000,-0.0000,795,0,0,
14.9522,19304,386125,2558,2201,0,0,0,0.6421,0.1545,0.0000,0.0000,0.6422,0.1543,-0.0000,-0.0000,796,0,0,
14.9722,19305,386145,2558,2201,0,0,0,0.6421,0.1545,0.0000,0.0000,0.6422,0.1544,-0.0000,-0.0000,797,0,0,
14.9923,19306,386165,2558,2201,0,0,0,0.6421,0.1545,0.0000,0.0000,0.6422,0.1544,-0.0000,-0.0000,798,0,0,
15.0122,19307,386185,2558,2201,0,0,0,0.6421,0.1545,0.0000,0.0000,0.6422,0.1544,0.0000,-0.0000,799,0,0,
15.0322,19308,386205,2558,2201,0,0,0,0.6421,0.1545,0.0000,0.0000,0.6422,0.1545,-0.0000,-0.0000,800,0,0,
15.0522,19309,386225,2558,2201,0,0,0,0.6421,0.1545,0.0000,0.0000,0.6421,0.1545,-0.0000,-0.0000,801,0,0,
15.0722,19310,386245,2558,2201,0,0,0,0.6421,0.1545,0.0000,0.0000,0.6421,0.1545,-0.0000,-0.0000,802,0,0,
15.0923,19311,386265,2558,2200,0,0,0,0.6421,0.1535,0.0000,0.0000,0.6421,0.1544,0.0000,-0.0000,803,0,0,
15.1123,19312,386285,2558,2200,0,0,0,0.6421,0.1535,0.0000,0.0000,0.6421,0.1540,-0.0000,-0.0000,804,0,0,
15.1322,19313,386305,2558,2200,0,0,0,0.6421,0.1535,0.0000,0.0000,0.6421,0.1538,-0.0000,-0.0000,805,0,0,
15.1522,19314,386325,2558,2200,0,0,0,0.6421,0.1535,0.0000,0.0000,0.6421,0.1538,-0.0000,-0.0000,806,0,0,
15.1722,19315,386345,2558,2200,0,0,0,0.6421,0.1535,0.0000,0.0000,0.6421,0.1537,-0.0000,-0.0000,807,0,0,
15.1922,19316,386365,2558,2201,0,0,0,0.6421,0.1545,0.0000,0.0000,0.6421,0.1537,-0.0000,-0.0000,808,0,0,
15.2122,19317,386385,2558,2202,0,0,0,0.6421,0.1555,0.0000,0.0000,0.6421,0.1541,-0.0000,-0.0000,809,0,0,
15.2322,19318,386405,2558,2202,0,0,0,0.6421,0.1555,0.0000,0.0000,0.6421,0.1546,-0.0000,-0.0000,810,0,0,
15.2522,19319,386425,2558,2202,0,0,0,0.6421,0.1555,0.0000,0.0000,0.6421,0.1549,-0.0000,-0.0000,811,0,0,
15.2723,19320,386445,2558,2202,0,0,0,0.6421,0.1555,0.0000,0.0000,0.6421,0.1552,0.0000,-0.0000,812,0,0,
15.2922,19321,386465,2558,2202,0,0,0,0.6421,0.1555,0.0000,0.0000,0.6421,0.1553,-0.0000,-0.0000,813,0,0,
15.3123,19322,386485,2558,2201,0,0,0,0.6421,0.1545,0.0000,0.0000,0.6421,0.1553,-0.0000,-0.0000,814,0,0,
15.3323,19323,386505,2558,2201,3,0,0,0.6421,0.1545,0.0000,0.0000,0.6421,0.1549,0.0000,-0.0000,815,0,0,
15.3523,19324,386525,2558,2201,19,0,0,0.6421,0.1545,0.0000,0.0000,0.6421,0.1548,-0.0000,-0.0000,816,0,0,
15.3723,19325,386545,2558,2201,46,0,0,0.6421,0.1545,0.0000,0.0000,0.6421,0.1547,-0.0000,-0.0000,817,0,0,
15.4073,19326,386565,2558,2201,80,0,0,0.6421,0.1545,0.0008,0.0000,0.6421,0.1546,0.0000,-0.0000,818,0,0,7.17
15.4124,19327,386585,2559,2201,118,0,0,0.6434,0.1545,0.0022,0.0000,0.6423,0.1546,0.0000,-0.0000,819,0,0,
15.4324,19328,386605,2558,2201,157,0,0,0.6421,0.1545,0.0037,0.0000,0.6425,0.1546,0.0001,-0.0000,820,0,0,
15.4525,19329,386625,2558,2201,198,0,0,0.6421,0.1545,0.0052,0.0000,0.6424,0.1545,0.0004,-0.0000,821,0,0,
15.4724,19330,386645,2558,2201,241,0,0,0.6421,0.1545,0.0068,0.0000,0.6423,0.1545,0.0006,-0.0000,822,0,0,
15.4924,19331,386665,2558,2201,283,0,0,0.6421,0.1545,0.0084,0.0000,0.6422,0.1545,0.0010,-0.0000,823,0,0,
15.5124,19332,386685,2558,2201,323,0,0,0.6421,0.1545,0.0099,0.0000,0.6422,0.1545,0.0016,-0.0000,824,0,0,
15.5324,19333,386705,2558,2200,360,0,0,0.6421,0.1535,0.0113,0.0000,0.6422,0.1544,0.0022,-0.0000,825,0,0,
15.5524,19334,386725,2558,2201,393,0,0,0.6421,0.1545,0.0126,0.0000,0.6422,0.1541,0.0030,-0.0000,826,0,0,
15.5724,19335,386745,2558,2201,422,0,0,0.6421,0.1545,0.0137,0.0000,0.6422,0.1542,0.0037,-0.0000,827,0,0,
15.5924,19336,386765,2558,2201,446,0,0,0.6421,0.1545,0.0146,0.0000,0.6421,0.1543,0.0046,-0.0000,828,0,0,
15.6123,19337,386785,2558,2201,463,0,0,0.6421,0.1545,0.0152,0.0000,0.6421,0.1544,0.0057,-0.0000,829,0,0,
15.6324,19338,386805,2558,2201,475,0,0,0.6421,0.1545,0.0157,0.0000,0.6421,0.1544,0.0067,-0.0000,830,0,0,
15.6646,19339,386825,2558,2201,481,0,0,0.6421,0.1545,0.0159,0.0000,0.6421,0.1544,0.0076,-0.0000,831,0,0,
15.6724,19340,386845,2558,2201,486,0,0,0.6421,0.1545,0.0161,0.0000,0.6421,0.1544,0.0078,-0.0000,832,0,0,
15.6924,19341,386865,2558,2201,489,0,0,0.6421,0.1545,0.0162,0.0000,0.6421,0.1545,0.0093,-0.0000,833,0,0,
15.7124,19342,386885,2558,2201,490,0,0,0.6421,0.1545,0.0162,0.0000,0.6421,0.1545,0.0106,-0.0000,834,0,0,
15.7324,19343,386905,2558,2201,492,0,0,0.6421,0.1545,0.0163,0.0000,0.6421,0.1545,0.0124,-0.0000,835,0,0,
15.7525,19344,386925,2558,2201,492,0,0,0.6421,0.1545,0.0163,0.0000,0.6421,0.1545,0.0137,-0.0000,836,0,0,
15.7724,19345,386945,2558,2201,493,0,0,0.6421,0.1545,0.0163,0.0000,0.6421,0.1545,0.0148,-0.0000,837,0,0,
15.7924,19346,386965,2559,2201,493,0,0,0.6434,0.1545,0.0163,0.0000,0.6423,0.1545,0.0153,-0.0000,838,0,0,
15.8124,19347,386985,2559,2201,493,0,0,0.6434,0.1545,0.0163,0.0000,0.6427,0.1545,0.0157,-0.0000,839,0,0,
15.8324,19348,387005,2558,2201,493,0,0,0.6421,0.1545,0.0163,0.0000,0.6428,0.1545,0.0159,-0.0000,840,0,0,
15.8524,19349,387025,2558,2201,493,0,0,0.6421,0.1545,0.0163,0.0000,0.6426,0.1545,0.0161,-0.0000,841,0,0,
15.8724,19350,387045,2558,2201,494,0,0,0.6421,0.1545,0.0164,0.0000,0.6424,0.1545,0.0162,-0.0000,842,0,0,
15.9071,19351,387065,2558,2201,493,0,0,0.6421,0.1545,0.0163,0.0000,0.6423,0.1545,0.0162,-0.0000,843,0,0,
15.9125,19352,387085,2558,2201,493,0,0,0.6421,0.1545,0.0163,0.0000,0.6423,0.1545,0.0163,-0.0000,844,0,0,
15.9325,19353,387105,2558,2201,493,0,0,0.6421,0.1545,0.0163,0.0000,0.6422,0.1545,0.0163,-0.0000,845,0,0,
15.9525,19354,387125,2558,2201,494,0,0,0.6421,0.1545,0.0164,0.0000,0.6422,0.1545,0.0163,-0.0000,846,0,0,
15.9724,19355,387145,2558,2201,495,0,0,0.6421,0.1545,0.0164,0.0000,0.6422,0.1545,0.0163,-0.0000,847,0,0,
15.9924,19356,387165,2558,2201,500,0,0,0.6421,0.1545,0.0166,0.0000,0.6422,0.1545,0.0164,-0.0000,848,0,0,
16.0125,19357,387185,2558,2200,507,0,0,0.6421,0.1535,0.0169,0.0000,0.6422,0.1544,0.0165,-0.0000,849,0,0,
16.0324,19358,387205,2558,2200,517,0,0,0.6421,0.1535,0.0172,0.0000,0.6421,0.1541,0.0166,-0.0000,850,0,0,
16.0524,19359,387225,2558,2201,530,0,0,0.6421,0.1545,0.0177,0.0000,0.6421,0.1540,0.0168,-0.0000,851,0,0,
16.0725,19360,387245,2558,2201,545,0,0,0.6421,0.1545,0.0183,0.0000,0.6421,0.1542,0.0172,-0.0000,852,0,0,
16.0924,19361,387265,2558,2201,565,0,0,0.6421,0.1545,0.0191,0.0000,0.6421,0.1543,0.0175,-0.0000,853,0,0,
16.1124,19362,387285,2558,2201,586,0,0,0.6421,0.1545,0.0198,0.0000,0.6421,0.1544,0.0181,-0.0000,854,0,0,
16.1325,19363,387305,2559,2201,609,0,0,0.6434,0.1545,0.0207,0.0000,0.6423,0.1544,0.0186,-0.0000,855,0,0,
16.1641,19364,387325,2559,2201,637,0,0,0.6434,0.1545,0.0218,0.0000,0.6426,0.1544,0.0191,-0.0000,856,0,0,
16.1725,19365,387345,2559,2201,665,0,0,0.6434,0.1545,0.0228,0.0000,0.6427,0.1544,0.0193,-0.0000,857,0,0,
16.1924,19366,387365,2559,2201,699,0,0,0.6434,0.1545,0.0241,0.0000,0.6429,0.1545,0.0200,-0.0000,858,0,0,
16.2124,19367,387385,2559,2201,736,0,0,0.6434,0.1545,0.0255,0.0000,0.6431,0.1545,0.0210,0.0000,859,0,0,
16.2325,19368,387405,2558,2201,777,0,0,0.6421,0.1545,0.0271,0.0000,0.6431,0.1545,0.0219,-0.0000,860,0,0,
16.2526,19369,387425,2558,2201,822,0,0,0.6421,0.1545,0.0288,0.0000,0.6427,0.1545,0.0232,-0.0000,861,0,0,
16.2725,19370,387445,2558,2200,869,0,0,0.6421,0.1535,0.0305,0.0000,0.6425,0.1544,0.0243,-0.0000,862,0,0,
16.2924,19371,387465,2558,2200,917,0,0,0.6421,0.1535,0.0323,0.0000,0.6424,0.1541,0.0254,-0.0000,863,0,0,
16.3124,19372,387485,2559,2201,968,0,0,0.6434,0.1545,0.0343,0.0000,0.6424,0.1539,0.0270,-0.0000,864,0,0,
16.3325,19373,387505,2559,2201,1021,0,0,0.6434,0.1545,0.0363,0.0000,0.6427,0.1541,0.0284,-0.0000,865,0,0,
16.3526,19374,387525,2559,2201,1074,0,0,0.6434,0.1545,0.0383,0.0000,0.6430,0.1543,0.0302,-0.0000,866,0,0,
16.3726,19375,387545,2559,2201,1127,0,0,0.6434,0.1545,0.0403,0.0000,0.6431,0.1543,0.0317,-0.0000,867,0,0,
16.3926,19376,387565,2559,2201,1179,0,0,0.6434,0.1545,0.0422,0.0000,0.6432,0.1544,0.0334,-0.0000,868,0,0,
16.4212,19377,387585,2559,2201,1232,0,0,0.6434,0.1545,0.0442,0.0000,0.6433,0.1544,0.0347,-0.0000,869,0,0,2.10
16.4326,19378,387605,2559,2201,1283,0,0,0.6434,0.1545,0.0462,0.0000,0.6433,0.1544,0.0355,-0.0000,870,0,0,
16.4525,19379,387625,2558,2202,1334,0,0,0.6421,0.1555,0.0481,0.0000,0.6432,0.1545,0.0373,-0.0000,871,0,0,
16.4725,19380,387645,2558,2201,1382,0,0,0.6421,0.1545,0.0499,0.0000,0.6428,0.1548,0.0397,-0.0000,872,0,0,
16.4925,19381,387665,2559,2201,1424,0,0,0.6434,0.1545,0.0515,0.0000,0.6427,0.1547,0.0417,-0.0000,873,0,0,
16.5124,19382,387685,2559,2200,1462,0,0,0.6434,0.1535,0.0529,0.0000,0.6430,0.1545,0.0443,-0.0000,874,0,0,
16.5324,19383,387705,2559,2201,1495,0,0,0.6434,0.1545,0.0542,0.0000,0.6431,0.1543,0.0465,-0.0000,875,0,0,
16.5525,19384,387725,2559,2200,1522,0,0,0.6434,0.1535,0.0552,0.0000,0.6432,0.1542,0.0488,-0.0000,876,0,0,
16.5726,19385,387745,2559,2201,1540,0,0,0.6434,0.1545,0.0558,0.0000,0.6433,0.1541,0.0510,-0.0000,877,0,0,
16.5926,19386,387765,2559,2201,1554,0,0,0.6434,0.1545,0.0564,0.0000,0.6433,0.1542,0.0530,-0.0000,878,0,0,
16.6125,19387,387785,2558,2201,1563,0,0,0.6421,0.1545,0.0567,0.0000,0.6432,0.1543,0.0542,-0.0000,879,0,0,
16.6326,19388,387805,2558,2201,1568,0,0,0.6421,0.1545,0.0569,0.0000,0.6428,0.1544,0.0553,-0.0000,880,0,0,
16.6783,19390,387845,2557,2202,1573,0,0,0.6409,0.1555,0.0571,0.0000,0.6424,0.1545,0.0559,-0.0000,882,0,0,
16.6925,19391,387865,2558,2202,1575,0,0,0.6421,0.1555,0.0572,0.0000,0.6421,0.1548,0.0563,-0.0000,883,0,0,
16.7125,19392,387885,2558,2202,1576,0,0,0.6421,0.1555,0.0572,0.0000,0.6421,0.1550,0.0566,-0.0000,884,0,0,
16.7325,19393,387905,2558,2202,1577,0,0,0.6421,0.1555,0.0572,0.0000,0.6421,0.1552,0.0568,-0.0000,885,0,0,
16.7525,19394,387925,2558,2201,1577,0,0,0.6421,0.1545,0.0572,0.0000,0.6421,0.1552,0.0570,-0.0000,886,0,0,
16.7725,19395,387945,2558,2200,1577,0,0,0.6421,0.1535,0.0572,0.0000,0.6421,0.1549,0.0571,-0.0000,887,0,0,
16.7925,19396,387965,2558,2201,1578,0,0,0.6421,0.1545,0.0573,0.0000,0.6421,0.1544,0.0571,-0.0000,888,0,0,
16.8125,19397,387985,2558,2201,1577,0,0,0.6421,0.1545,0.0572,0.0000,0.6421,0.1544,0.0572,-0.0000,889,0,0,
16.8325,19398,388005,2558,2202,1577,0,0,0.6421,0.1555,0.0572,0.0000,0.6421,0.1545,0.0572,-0.0000,890,0,0,
16.8525,19399,388025,2558,2202,1578,0,0,0.6421,0.1555,0.0573,0.0000,0.6421,0.1549,0.0572,-0.0000,891,0,0,
16.8725,19400,388045,2558,2202,1578,0,0,0.6421,0.1555,0.0573,0.0000,0.6421,0.1551,0.0573,-0.0000,892,0,0,
16.8925,19401,388065,2558,2202,1579,0,0,0.6421,0.1555,0.0573,0.0000,0.6421,0.1553,0.0573,-0.0000,893,0,0,
16.9280,19402,388085,2558,2201,1583,0,0,0.6421,0.1545,0.0575,0.0000,0.6421,0.1552,0.0573,-0.0000,894,0,0,
16.9325,19403,388105,2558,2201,1590,0,0,0.6421,0.1545,0.0577,0.0000,0.6421,0.1552,0.0573,-0.0000,895,0,0,
16.9525,19404,388125,2558,2201,1600,0,0,0.6421,0.1545,0.0581,0.0000,0.6421,0.1549,0.0574,-0.0000,896,0,0,
16.9725,19405,388145,2560,2201,1612,0,0,0.6447,0.1545,0.0586,0.0000,0.6424,0.1548,0.0576,-0.0000,897,0,0,
16.9927,19406,388165,2559,2200,1629,0,0,0.6434,0.1535,0.0592,0.0000,0.6432,0.1546,0.0580,-0.0000,898,0,0,
17.0125,19407,388185,2559,2201,1651,0,0,0.6434,0.1545,0.0600,0.0000,0.6433,0.1543,0.0583,-0.0000,899,0,0,
17.0325,19408,388205,2559,2201,1674,0,0,0.6434,0.1545,0.0609,0.0000,0.6433,0.1544,0.0589,-0.0000,900,0,0,
17.0525,19409,388225,2559,2201,1703,0,0,0.6434,0.1545,0.0620,0.0000,0.6433,0.1544,0.0595,-0.0000,901,0,0,
17.0728,19410,388245,2559,2201,1731,0,0,0.6434,0.1545,0.0631,0.0000,0.6434,0.1544,0.0603,-0.0000,902,0,0,
17.0925,19411,388265,2559,2201,1760,0,0,0.6434,0.1545,0.0642,0.0000,0.6434,0.1545,0.0611,-0.0000,903,0,0,
17.1125,19412,388285,2559,2201,1792,0,0,0.6434,0.1545,0.0654,0.0000,0.6434,0.1545,0.0619,-0.0000,904,0,0,
17.1324,19413,388305,2559,2201,1823,0,0,0.6434,0.1545,0.0665,0.0000,0.6434,0.1545,0.0631,-0.0000,905,0,0,
17.1525,19414,388325,2559,2201,1853,0,0,0.6434,0.1545,0.0677,0.0000,0.6434,0.1545,0.0641,-0.0000,906,0,0,
17.1781,19415,388345,2559,2201,1886,0,0,0.6434,0.1545,0.0689,0.0000,0.6434,0.1545,0.0646,-0.0000,907,0,0,
17.1925,19416,388365,2559,2201,1918,0,0,0.6434,0.1545,0.0701,0.0000,0.6434,0.1545,0.0655,-0.0000,908,0,0,
17.2125,19417,388385,2559,2200,1953,0,0,0.6434,0.1535,0.0714,0.0000,0.6434,0.1544,0.0667,-0.0000,909,0,0,
17.2325,19418,388405,2559,2200,1991,0,0,0.6434,0.1535,0.0729,0.0000,0.6434,0.1540,0.0683,-0.0000,910,0,0,
17.2525,19419,388425,2559,2200,2029,0,0,0.6434,0.1535,0.0743,0.0000,0.6434,0.1538,0.0697,0.0000,911,0,0,
17.2725,19420,388445,2558,2201,2070,0,0,0.6421,0.1545,0.0758,0.0000,0.6433,0.1538,0.0712,-0.0000,912,0,0,
17.2925,19421,388465,2558,2201,2114,0,0,0.6421,0.1545,0.0775,0.0000,0.6428,0.1541,0.0730,-0.0000,913,0,0,
17.3125,19422,388485,2558,2201,2156,0,0,0.6421,0.1545,0.0791,0.0000,0.6426,0.1542,0.0745,-0.0000,914,0,0,
17.3325,19423,388505,2558,2202,2199,0,0,0.6421,0.1555,0.0807,0.0000,0.6424,0.1544,0.0764,-0.0000,915,0,0,
17.3525,19424,388525,2558,2202,2239,0,0,0.6421,0.1555,0.0822,0.0000,0.6423,0.1548,0.0778,-0.0000,916,0,0,
17.3726,19425,388545,2558,2202,2277,0,0,0.6421,0.1555,0.0837,0.0000,0.6422,0.1551,0.0796,-0.0000,917,0,0,
17.3925,19426,388565,2558,2202,2316,0,0,0.6421,0.1555,0.0851,0.0000,0.6422,0.1552,0.0810,-0.0000,918,0,0,
17.4279,19427,388585,2558,2202,2357,0,0,0.6421,0.1555,0.0867,0.0000,0.6422,0.1553,0.0824,-0.0000,919,0,0,
17.4335,19428,388605,2558,2202,2396,0,0,0.6421,0.1555,0.0882,0.0000,0.6422,0.1553,0.0827,-0.0000,920,0,0,5.53
17.4525,19429,388625,2559,2202,2431,0,0,0.6434,0.1555,0.0895,0.0000,0.6423,0.1554,0.0842,-0.0000,921,0,0,
17.4725,19430,388645,2559,2202,2457,0,0,0.6434,0.1555,0.0905,0.0000,0.6427,0.1554,0.0858,-0.0000,922,0,0,
17.4925,19431,388665,2559,2202,2476,0,0,0.6434,0.1555,0.0912,0.0000,0.6430,0.1555,0.0877,-0.0000,923,0,0,
17.5125,19432,388685,2559,2201,2489,0,0,0.6434,0.1545,0.0917,0.0000,0.6431,0.1554,0.0889,-0.0000,924,0,0,
17.5325,19433,388705,2559,2201,2497,0,0,0.6434,0.1545,0.0920,0.0000,0.6432,0.1550,0.0901,-0.0000,925,0,0,
17.5525,19434,388725,2559,2201,2501,0,0,0.6434,0.1545,0.0921,0.0000,0.6433,0.1548,0.0907,-0.0000,926,0,0,
17.5725,19435,388745,2559,2201,2505,0,0,0.6434,0.1545,0.0923,0.0000,0.6433,0.1547,0.0912,-0.0000,927,0,0,
17.5925,19436,388765,2558,2201,2508,0,0,0.6421,0.1545,0.0924,0.0000,0.6432,0.1546,0.0917,-0.0000,928,0,0,
17.6126,19437,388785,2558,2202,2509,0,0,0.6421,0.1555,0.0924,0.0000,0.6429,0.1547,0.0919,-0.0000,929,0,0,
17.6325,19438,388805,2558,2202,2510,0,0,0.6421,0.1555,0.0925,0.0000,0.6426,0.1550,0.0921,-0.0000,930,0,0,
17.6525,19439,388825,2558,2202,2511,0,0,0.6421,0.1555,0.0925,0.0000,0.6424,0.1552,0.0922,-0.0000,931,0,0,
17.6850,19440,388845,2558,2201,2511,0,0,0.6421,0.1545,0.0925,0.0000,0.6423,0.1552,0.0923,-0.0000,932,0,0,
17.6925,19441,388865,2558,2201,2512,0,0,0.6421,0.1545,0.0925,0.0000,0.6423,0.1551,0.0923,-0.0000,933,0,0,
17.7125,19442,388885,2558,2202,2512,0,0,0.6421,0.1555,0.0925,0.0000,0.6422,0.1549,0.0924,-0.0000,934,0,0,
17.7325,19443,388905,2559,2202,2512,0,0,0.6434,0.1555,0.0925,0.0000,0.6423,0.1551,0.0925,-0.0000,935,0,0,
17.7525,19444,388925,2559,2202,2512,0,0,0.6434,0.1555,0.0925,0.0000,0.6428,0.1553,0.0925,-0.0000,936,0,0,
17.7725,19445,388945,2558,2201,2512,0,0,0.6421,0.1545,0.0925,0.0000,0.6429,0.1552,0.0925,-0.0000,937,0,0,
17.7925,19446,388965,2558,2201,2512,0,0,0.6421,0.1545,0.0925,0.0000,0.6426,0.1550,0.0925,-0.0000,938,0,0,
17.8125,19447,388985,2558,2201,2512,0,0,0.6421,0.1545,0.0925,0.0000,0.6424,0.1548,0.0925,-0.0000,939,0,0,
17.8325,19448,389005,2559,2201,2514,0,0,0.6434,0.1545,0.0926,0.0000,0.6424,0.1547,0.0925,-0.0000,940,0,0,
17.8525,19449,389025,2559,2201,2520,0,0,0.6434,0.1545,0.0928,0.0000,0.6428,0.1546,0.0926,-0.0000,941,0,0,
17.8725,19450,389045,2559,2201,2529,0,0,0.6434,0.1545,0.0932,0.0000,0.6430,0.1546,0.0927,-0.0000,942,0,0,
17.8925,19451,389065,2559,2201,2539,0,0,0.6434,0.1545,0.0935,0.0000,0.6432,0.1545,0.0929,-0.0000,943,0,0,
17.9278,19452,389085,2559,2201,2557,0,0,0.6434,0.1545,0.0942,0.0000,0.6433,0.1545,0.0931,-0.0000,944,0,0,
17.9325,19453,389105,2558,2201,2577,0,0,0.6421,0.1545,0.0950,0.0000,0.6432,0.1545,0.0932,-0.0000,945,0,0,
17.9525,19454,389125,2558,2201,2605,0,0,0.6421,0.1545,0.0960,0.0000,0.6428,0.1545,0.0935,-0.0000,946,0,0,
17.9725,19455,389145,2558,2201,2639,0,0,0.6421,0.1545,0.0973,0.0000,0.6426,0.1545,0.0939,-0.0000,947,0,0,
17.9925,19456,389165,2559,2201,2675,0,0,0.6434,0.1545,0.0987,0.0000,0.6425,0.1545,0.0945,-0.0000,948,0,0,
18.0125,19457,389185,2559,2201,2716,0,0,0.6434,0.1545,0.1002,0.0000,0.6428,0.1545,0.0951,-0.0000,949,0,0,
18.0326,19458,389205,2559,2201,2758,0,0,0.6434,0.1545,0.1018,0.0000,0.6431,0.1545,0.0959,-0.0000,950,0,0,
18.0525,19459,389225,2559,2201,2802,0,0,0.6434,0.1545,0.1035,0.0000,0.6432,0.1545,0.0967,-0.0000,951,0,0,
18.0725,19460,389245,2559,2201,2847,0,0,0.6434,0.1545,0.1052,0.0000,0.6433,0.1545,0.0978,-0.0000,952,0,0,
18.0925,19461,389265,2559,2200,2891,0,0,0.6434,0.1535,0.1068,0.0000,0.6433,0.1544,0.0987,-0.0000,953,0,0,
18.1125,19462,389285,2558,2200,2935,0,0,0.6421,0.1535,0.1085,0.0000,0.6432,0.1541,0.0998,-0.0000,954,0,0,
18.1325,19463,389305,2558,2201,2980,0,0,0.6421,0.1545,0.1102,0.0000,0.6428,0.1539,0.1012,-0.0000,955,0,0,
18.1525,19464,389325,2558,2200,3029,0,0,0.6421,0.1535,0.1120,0.0000,0.6426,0.1540,0.1024,-0.0000,956,0,0,
18.1780,19465,389345,2558,2201,3072,0,0,0.6421,0.1545,0.1137,0.0000,0.6424,0.1539,0.1037,-0.0000,957,0,0,
18.1925,19466,389365,2558,2201,3117,0,0,0.6421,0.1545,0.1154,0.0000,0.6423,0.1541,0.1048,-0.0000,958,0,0,
18.2125,19467,389385,2558,2202,3160,0,0,0.6421,0.1555,0.1170,0.0000,0.6423,0.1543,0.1062,-0.0000,959,0,0,
18.2326,19468,389405,2558,2201,3203,0,0,0.6421,0.1545,0.1186,0.0000,0.6422,0.1547,0.1082,-0.0000,960,0,0,
18.2525,19469,389425,2558,2202,3250,0,0,0.6421,0.1555,0.1204,0.0000,0.6422,0.1547,0.1098,-0.0000,961,0,0,
18.2725,19470,389445,2558,2202,3296,0,0,0.6421,0.1555,0.1221,0.0000,0.6422,0.1550,0.1120,-0.0000,962,0,0,
18.2926,19471,389465,2558,2202,3341,0,0,0.6421,0.1555,0.1238,0.0000,0.6422,0.1552,0.1138,-0.0000,963,0,0,
18.3125,19472,389485,2558,2201,3385,0,0,0.6421,0.1545,0.1255,0.0000,0.6422,0.1552,0.1157,-0.0000,964,0,0,
18.3325,19473,389505,2558,2201,3420,0,0,0.6421,0.1545,0.1268,0.0000,0.6421,0.1549,0.1182,-0.0000,965,0,0,
18.3525,19474,389525,2558,2201,3450,0,0,0.6421,0.1545,0.1279,0.0000,0.6421,0.1548,0.1203,-0.0000,966,0,0,
18.3725,19475,389545,2558,2201,3479,0,0,0.6421,0.1545,0.1290,0.0000,0.6421,0.1546,0.1230,-0.0000,967,0,0,
18.3925,19476,389565,2558,2201,3508,0,0,0.6421,0.1545,0.1301,0.0000,0.6421,0.1546,0.1251,-0.0000,968,0,0,
18.4125,19477,389585,2559,2201,3531,0,0,0.6434,0.1545,0.1310,0.0000,0.6423,0.1546,0.1269,-0.0000,969,0,0,
18.4325,19478,389605,2559,2201,3554,0,0,0.6434,0.1545,0.1318,0.0000,0.6426,0.1545,0.1280,-0.0000,970,0,0,2.17
18.4526,19479,389625,2559,2202,3573,0,0,0.6434,0.1555,0.1326,0.0000,0.6429,0.1546,0.1294,-0.0000,971,0,0,
18.4725,19480,389645,2559,2203,3584,0,0,0.6434,0.1565,0.1330,0.0000,0.6430,0.1550,0.1305,-0.0000,972,0,0,
18.4925,19481,389665,2559,2202,3592,0,0,0.6434,0.1555,0.1333,0.0000,0.6432,0.1555,0.1315,-0.0000,973,0,0,
18.5125,19482,389685,2559,2202,3597,0,0,0.6434,0.1555,0.1335,0.0000,0.6433,0.1555,0.1322,-0.0000,974,0,0,
18.5328,19483,389705,2559,2202,3600,0,0,0.6434,0.1555,0.1336,0.0000,0.6433,0.1555,0.1327,-0.0000,975,0,0,
18.5525,19484,389725,2559,2202,3603,0,0,0.6434,0.1555,0.1337,0.0000,0.6433,0.1555,0.1330,-0.0000,976,0,0,
18.5725,19485,389745,2559,2202,3604,0,0,0.6434,0.1555,0.1337,0.0000,0.6434,0.1555,0.1333,-0.0000,977,0,0,
18.5926,19486,389765,2559,2202,3605,0,0,0.6434,0.1555,0.1338,0.0000,0.6434,0.1555,0.1335,-0.0000,978,0,0,
18.6126,19487,389785,2559,2203,3606,0,0,0.6434,0.1565,0.1338,0.0000,0.6434,0.1556,0.1336,-0.0000,979,0,0,
18.6325,19488,389805,2559,2202,3606,0,0,0.6434,0.1555,0.1338,0.0000,0.6434,0.1558,0.1337,-0.0000,980,0,0,
18.6526,19489,389825,2558,2202,3606,0,0,0.6421,0.1555,0.1338,0.0000,0.6433,0.1557,0.1337,-0.0000,981,0,0,
18.6926,19491,389865,2558,2202,3605,0,0,0.6421,0.1555,0.1338,0.0000,0.6428,0.1556,0.1338,-0.0000,983,0,0,
18.7126,19492,389885,2558,2202,3605,0,0,0.6421,0.1555,0.1338,0.0000,0.6426,0.1556,0.1338,-0.0000,984,0,0,
18.7326,19493,389905,2558,2202,3606,0,0,0.6421,0.1555,0.1338,0.0000,0.6424,0.1555,0.1338,-0.0000,985,0,0,
18.7525,19494,389925,2558,2202,3606,0,0,0.6421,0.1555,0.1338,0.0000,0.6423,0.1555,0.1338,-0.0000,986,0,0,
18.7726,19495,389945,2558,2201,3606,0,0,0.6421,0.1545,0.1338,0.0000,0.6422,0.1554,0.1338,-0.0000,987,0,0,
18.7926,19496,389965,2558,2201,3607,0,0,0.6421,0.1545,0.1338,0.0000,0.6422,0.1550,0.1338,-0.0000,988,0,0,
18.8126,19497,389985,2558,2202,3607,0,0,0.6421,0.1555,0.1338,0.0000,0.6422,0.1549,0.1338,-0.0000,989,0,0,
18.8325,19498,390005,2558,2201,3607,0,0,0.6421,0.1545,0.1338,0.0000,0.6422,0.1551,0.1338,-0.0000,990,0,0,
18.8526,19499,390025,2558,2201,3606,0,0,0.6421,0.1545,0.1338,0.0000,0.6422,0.1549,0.1338,-0.0000,991,0,0,
18.8726,19500,390045,2558,2201,3606,0,0,0.6421,0.1545,0.1338,0.0000,0.6421,0.1547,0.1338,-0.0000,992,0,0,
18.8925,19501,390065,2559,2202,3604,0,0,0.6434,0.1555,0.1337,0.0000,0.6423,0.1547,0.1338,-0.0000,993,0,0,
18.9126,19502,390085,2559,2202,3594,0,0,0.6434,0.1555,0.1334,0.0000,0.6427,0.1550,0.1337,-0.0000,994,0,0,
18.9419,19503,390105,2558,2202,3584,0,0,0.6421,0.1555,0.1330,0.0000,0.6427,0.1551,0.1336,-0.0000,995,0,0,
18.9525,19504,390125,2558,2202,3568,0,0,0.6421,0.1555,0.1324,0.0000,0.6426,0.1552,0.1334,-0.0000,996,0,0,
18.9725,19505,390145,2558,2202,3546,0,0,0.6421,0.1555,0.1315,0.0000,0.6425,0.1553,0.1330,-0.0000,997,0,0,
18.9925,19506,390165,2558,2201,3516,0,0,0.6421,0.1545,0.1304,0.0000,0.6423,0.1553,0.1322,-0.0000,998,0,0,
19.0125,19507,390185,2558,2201,3479,0,0,0.6421,0.1545,0.1290,0.0000,0.6423,0.1550,0.1314,-0.0000,999,0,0,
19.0326,19508,390205,2558,2201,3433,0,0,0.6421,0.1545,0.1273,0.0000,0.6422,0.1548,0.1301,-0.0000,1000,0,0,
19.0526,19509,390225,2558,2202,3380,0,0,0.6421,0.1555,0.1253,0.0000,0.6422,0.1548,0.1288,-0.0000,1001,0,0,
19.0725,19510,390245,2558,2202,3330,0,0,0.6421,0.1555,0.1234,0.0000,0.6422,0.1550,0.1272,-0.0000,1002,0,0,
19.0927,19511,390265,2559,2202,3273,0,0,0.6434,0.1555,0.1212,0.0000,0.6423,0.1552,0.1251,-0.0000,1003,0,0,
19.1125,19512,390285,2559,2202,3218,0,0,0.6434,0.1555,0.1192,0.0000,0.6427,0.1553,0.1234,-0.0000,1004,0,0,
19.1325,19513,390305,2559,2201,3159,0,0,0.6434,0.1545,0.1169,0.0000,0.6430,0.1553,0.1211,-0.0000,1005,0,0,
19.1525,19514,390325,2559,2201,3100,0,0,0.6434,0.1545,0.1147,0.0000,0.6431,0.1550,0.1193,-0.0000,1006,0,0,
19.1925,19516,390365,2559,2202,2977,0,0,0.6434,0.1555,0.1101,0.0000,0.6432,0.1549,0.1166,-0.0000,1008,0,0,
19.2125,19517,390385,2558,2202,2920,0,0,0.6421,0.1555,0.1079,0.0000,0.6432,0.1551,0.1137,-0.0000,1009,0,0,
19.2326,19518,390405,2558,2202,2867,0,0,0.6421,0.1555,0.1059,0.0000,0.6427,0.1553,0.1103,-0.0000,1010,0,0,
19.2526,19519,390425,2558,2202,2820,0,0,0.6421,0.1555,0.1042,0.0000,0.6425,0.1553,0.1077,-0.0000,1011,0,0,
19.2726,19520,390445,2558,2201,2773,0,0,0.6421,0.1545,0.1024,0.0000,0.6424,0.1553,0.1045,-0.0000,1012,0,0,
19.2925,19521,390465,2558,2201,2725,0,0,0.6421,0.1545,0.1006,0.0000,0.6423,0.1550,0.1021,-0.0000,1013,0,0,
19.3125,19522,390485,2558,2201,2679,0,0,0.6421,0.1545,0.0988,0.0000,0.6422,0.1548,0.0998,-0.0000,1014,0,0,
19.3326,19523,390505,2558,2202,2633,0,0,0.6421,0.1555,0.0971,0.0000,0.6422,0.1548,0.0970,-0.0000,1015,0,0,
19.3525,19524,390525,2559,2201,2587,0,0,0.6434,0.1545,0.0954,0.0000,0.6423,0.1549,0.0949,-0.0000,1016,0,0,
19.3725,19525,390545,2559,2201,2542,0,0,0.6434,0.1545,0.0937,0.0000,0.6427,0.1548,0.0928,-0.0000,1017,0,0,
19.3926,19526,390565,2559,2201,2497,0,0,0.6434,0.1545,0.0920,0.0000,0.6430,0.1547,0.0904,-0.0000,1018,0,0,
19.4125,19527,390585,2558,2201,2455,0,0,0.6421,0.1545,0.0904,0.0000,0.6430,0.1546,0.0886,-0.0000,1019,0,0,
19.4556,19529,390625,2558,2201,2383,0,0,0.6421,0.1545,0.0877,0.0000,0.6427,0.1546,0.0868,-0.0000,1021,0,0,14.01
19.4725,19530,390645,2558,2202,2362,0,0,0.6421,0.1555,0.0869,0.0000,0.6425,0.1546,0.0855,-0.0000,1022,0,0,
19.4926,19531,390665,2558,2202,2348,0,0,0.6421,0.1555,0.0863,0.0000,0.6424,0.1550,0.0836,-0.0000,1023,0,0,
19.5125,19532,390685,2558,2201,2338,0,0,0.6421,0.1545,0.0860,0.0000,0.6423,0.1551,0.0821,-0.0000,1024,0,0,
19.5325,19533,390705,2558,2201,2332,0,0,0.6421,0.1545,0.0857,0.0000,0.6422,0.1548,0.0803,-0.0000,1025,0,0,
19.5526,19534,390725,2558,2202,2329,0,0,0.6421,0.1555,0.0856,0.0000,0.6422,0.1548,0.0790,-0.0000,1026,0,0,
19.5725,19535,390745,2558,2202,2326,0,0,0.6421,0.1555,0.0855,0.0000,0.6422,0.1550,0.0778,-0.0000,1027,0,0,
19.5925,19536,390765,2558,2202,2324,0,0,0.6421,0.1555,0.0854,0.0000,0.6422,0.1552,0.0765,-0.0000,1028,0,0,
19.6126,19537,390785,2558,2201,2323,0,0,0.6421,0.1545,0.0854,0.0000,0.6422,0.1552,0.0755,-0.0000,1029,0,0,
19.6325,19538,390805,2558,2201,2321,0,0,0.6421,0.1545,0.0853,0.0000,0.6421,0.1549,0.0743,-0.0000,1030,0,0,
19.6525,19539,390825,2559,2201,2321,0,0,0.6434,0.1545,0.0853,0.0000,0.6423,0.1548,0.0735,-0.0000,1031,0,0,
19.6727,19540,390845,2559,2200,2321,0,0,0.6434,0.1535,0.0853,0.0000,0.6427,0.1546,0.0726,-0.0000,1032,0,0,
19.6925,19541,390865,2558,2201,2321,0,0,0.6421,0.1545,0.0853,0.0000,0.6427,0.1544,0.0723,-0.0000,1033,0,0,
19.7126,19542,390885,2558,2201,2321,0,0,0.6421,0.1545,0.0853,0.0000,0.6425,0.1545,0.0717,-0.0000,1034,0,0,
19.7326,19543,390905,2558,2201,2321,0,0,0.6421,0.1545,0.0853,0.0000,0.6424,0.1545,0.0711,-0.0000,1035,0,0,
19.7525,19544,390925,2558,2201,2321,0,0,0.6421,0.1545,0.0853,0.0000,0.6423,0.1545,0.0708,-0.0000,1036,0,0,
19.7726,19545,390945,2558,2201,2319,0,0,0.6421,0.1545,0.0852,0.0000,0.6422,0.1545,0.0705,-0.0000,1037,0,0,
19.7925,19546,390965,2558,2201,2317,0,0,0.6421,0.1545,0.0852,0.0000,0.6422,0.1545,0.0702,-0.0000,1038,0,0,
19.8126,19547,390985,2558,2201,2311,0,0,0.6421,0.1545,0.0849,0.0000,0.6422,0.1545,0.0701,-0.0000,1039,0,0,
19.8326,19548,391005,2558,2201,2299,0,0,0.6421,0.1545,0.0845,0.0000,0.6422,0.1545,0.0701,-0.0000,1040,0,0,
19.8526,19549,391025,2558,2201,2279,0,0,0.6421,0.1545,0.0837,0.0000,0.6422,0.1545,0.0702,-0.0000,1041,0,0,
19.8725,19550,391045,2558,2201,2249,0,0,0.6421,0.1545,0.0826,0.0000,0.6421,0.1545,0.0705,-0.0000,1042,0,0,
19.8925,19551,391065,2558,2201,2213,0,0,0.6421,0.1545,0.0812,0.0000,0.6421,0.1545,0.0707,-0.0000,1043,0,0,
19.9125,19552,391085,2558,2201,2173,0,0,0.6421,0.1545,0.0797,0.0000,0.6421,0.1545,0.0711,-0.0000,1044,0,0,
19.9553,19553,391105,2558,2201,2132,0,0,0.6421,0.1545,0.0782,0.0000,0.6421,0.1545,0.0717,-0.0000,1045,0,0,
19.9556,19554,391125,2558,2201,2087,0,0,0.6421,0.1545,0.0765,0.0000,0.6421,0.1545,0.0718,-0.0000,1046,0,0,
19.9725,19555,391145,2558,2201,2038,0,0,0.6421,0.1545,0.0746,0.0000,0.6421,0.1545,0.0722,-0.0000,1047,0,0,
19.9926,19556,391165,2558,2201,1990,0,0,0.6421,0.1545,0.0728,0.0000,0.6421,0.1545,0.0729,-0.0000,1048,0,0,
20.0125,19557,391185,2558,2201,1941,0,0,0.6421,0.1545,0.0710,0.0000,0.6421,0.1545,0.0727,-0.0000,1049,0,0,
20.0325,19558,391205,2558,2201,1891,0,0,0.6421,0.1545,0.0691,0.0000,0.6421,0.1545,0.0717,-0.0000,1050,0,0,
20.0525,19559,391225,2558,2201,1847,0,0,0.6421,0.1545,0.0674,0.0000,0.6421,0.1545,0.0705,-0.0000,1051,0,0,
20.0725,19560,391245,2559,2201,1798,0,0,0.6434,0.1545,0.0656,0.0000,0.6423,0.1545,0.0688,-0.0000,1052,0,0,
20.0925,19561,391265,2559,2201,1750,0,0,0.6434,0.1545,0.0638,0.0000,0.6427,0.1545,0.0674,-0.0000,1053,0,0,
20.1127,19562,391285,2559,2201,1703,0,0,0.6434,0.1545,0.0620,0.0000,0.6430,0.1545,0.0655,-0.0000,1054,0,0,
20.1327,19563,391305,2560,2201,1658,0,0,0.6447,0.1545,0.0603,0.0000,0.6432,0.1545,0.0639,-0.0000,1055,0,0,
20.1525,19564,391325,2559,2201,1614,0,0,0.6434,0.1545,0.0586,0.0000,0.6436,0.1545,0.0623,-0.0000,1056,0,0,
20.1725,19565,391345,2559,2201,1580,0,0,0.6434,0.1545,0.0574,0.0000,0.6435,0.1545,0.0604,-0.0000,1057,0,0,
20.2123,19566,391365,2559,2201,1553,0,0,0.6434,0.1545,0.0563,0.0000,0.6435,0.1545,0.0593,-0.0000,1058,0,0,
20.2126,19567,391385,2559,2201,1533,0,0,0.6434,0.1545,0.0556,0.0000,0.6435,0.1545,0.0589,-0.0000,1059,0,0,
20.2326,19568,391405,2559,2202,1521,0,0,0.6434,0.1555,0.0551,0.0000,0.6434,0.1546,0.0575,-0.0000,1060,0,0,
20.2525,19569,391425,2559,2202,1511,0,0,0.6434,0.1555,0.0548,0.0000,0.6434,0.1549,0.0561,-0.0000,1061,0,0,
20.2725,19570,391445,2559,2202,1506,0,0,0.6434,0.1555,0.0546,0.0000,0.6434,0.1551,0.0546,-0.0000,1062,0,0,
20.2926,19571,391465,2559,2202,1503,0,0,0.6434,0.1555,0.0545,0.0000,0.6434,0.1553,0.0535,-0.0000,1063,0,0,
20.3126,19572,391485,2559,2201,1500,0,0,0.6434,0.1545,0.0543,0.0000,0.6434,0.1553,0.0522,-0.0000,1064,0,0,
20.3326,19573,391505,2559,2201,1500,0,0,0.6434,0.1545,0.0543,0.0000,0.6434,0.1550,0.0513,-0.0000,1065,0,0,
20.3526,19574,391525,2559,2201,1499,0,0,0.6434,0.1545,0.0543,0.0000,0.6434,0.1548,0.0502,-0.0000,1066,0,0,
20.3725,19575,391545,2559,2201,1498,0,0,0.6434,0.1545,0.0543,0.0000,0.6434,0.1547,0.0495,-0.0000,1067,0,0,
20.3925,19576,391565,2558,2202,1498,0,0,0.6421,0.1555,0.0543,0.0000,0.6433,0.1547,0.0489,-0.0000,1068,0,0,
20.4125,19577,391585,2558,2202,1498,0,0,0.6421,0.1555,0.0543,0.0000,0.6428,0.1550,0.0482,-0.0000,1069,0,0,
20.4325,19578,391605,2558,2201,1498,0,0,0.6421,0.1545,0.0543,0.0000,0.6426,0.1551,0.0477,-0.0000,1070,0,0,
20.4627,19579,391625,2558,2201,1498,0,0,0.6421,0.1545,0.0543,0.0000,0.6425,0.1549,0.0474,-0.0000,1071,0,0,2.18
20.4726,19580,391645,2558,2201,1497,0,0,0.6421,0.1545,0.0542,0.0000,0.6424,0.1548,0.0473,-0.0000,1072,0,0,
20.4925,19581,391665,2558,2202,1498,0,0,0.6421,0.1555,0.0543,0.0000,0.6423,0.1548,0.0470,-0.0000,1073,0,0,
20.5126,19582,391685,2558,2201,1494,0,0,0.6421,0.1545,0.0541,0.0000,0.6422,0.1550,0.0468,-0.0000,1074,0,0,
20.5325,19583,391705,2558,2201,1490,0,0,0.6421,0.1545,0.0540,0.0000,0.6422,0.1548,0.0467,-0.0000,1075,0,0,
20.5525,19584,391725,2558,2201,1483,0,0,0.6421,0.1545,0.0537,0.0000,0.6422,0.1547,0.0468,-0.0000,1076,0,0,
20.5725,19585,391745,2558,2201,1472,0,0,0.6421,0.1545,0.0533,0.0000,0.6422,0.1546,0.0469,-0.0000,1077,0,0,
20.5925,19586,391765,2558,2201,1453,0,0,0.6421,0.1545,0.0526,0.0000,0.6422,0.1546,0.0471,-0.0000,1078,0,0,
20.6126,19587,391785,2558,2201,1429,0,0,0.6421,0.1545,0.0517,0.0000,0.6421,0.1545,0.0475,-0.0000,1079,0,0,
20.6325,19588,391805,2558,2202,1403,0,0,0.6421,0.1555,0.0507,0.0000,0.6421,0.1546,0.0479,-0.0000,1080,0,0,
20.6525,19589,391825,2558,2202,1375,0,0,0.6421,0.1555,0.0496,0.0000,0.6421,0.1550,0.0485,-0.0000,1081,0,0,
20.6726,19590,391845,2558,2202,1339,0,0,0.6421,0.1555,0.0483,0.0000,0.6421,0.1552,0.0488,-0.0000,1082,0,0,
20.7193,19592,391885,2558,2201,1265,0,0,0.6421,0.1545,0.0455,0.0000,0.6421,0.1552,0.0483,-0.0000,1084,0,0,
20.7326,19593,391905,2558,2201,1219,0,0,0.6421,0.1545,0.0437,0.0000,0.6421,0.1549,0.0470,-0.0000,1085,0,0,
20.7525,19594,391925,2558,2201,1166,0,0,0.6421,0.1545,0.0417,0.0000,0.6421,0.1548,0.0455,-0.0000,1086,0,0,
20.7725,19595,391945,2558,2201,1108,0,0,0.6421,0.1545,0.0395,0.0000,0.6421,0.1547,0.0438,-0.0000,1087,0,0,
20.7925,19596,391965,2558,2201,1044,0,0,0.6421,0.1545,0.0371,0.0000,0.6421,0.1546,0.0415,-0.0000,1088,0,0,
20.8125,19597,391985,2558,2201,978,0,0,0.6421,0.1545,0.0346,0.0000,0.6421,0.1546,0.0395,-0.0000,1089,0,0,
20.8325,19598,392005,2558,2202,910,0,0,0.6421,0.1555,0.0321,0.0000,0.6421,0.1546,0.0369,-0.0000,1090,0,0,
20.8525,19599,392025,2559,2202,842,0,0,0.6434,0.1555,0.0295,0.0000,0.6423,0.1549,0.0347,-0.0000,1091,0,0,
20.8725,19600,392045,2559,2202,777,0,0,0.6434,0.1555,0.0271,0.0000,0.6427,0.1552,0.0319,-0.0000,1092,0,0,
20.8925,19601,392065,2558,2202,713,0,0,0.6421,0.1555,0.0246,0.0000,0.6428,0.1553,0.0297,-0.0000,1093,0,0,
20.9125,19602,392085,2557,2202,653,0,0,0.6409,0.1555,0.0224,0.0000,0.6425,0.1554,0.0275,-0.0000,1094,0,0,
20.9325,19603,392105,2558,2202,597,0,0,0.6421,0.1555,0.0203,0.0000,0.6419,0.1554,0.0247,-0.0000,1095,0,0,
20.9692,19604,392125,2558,2202,540,0,0,0.6421,0.1555,0.0181,0.0000,0.6420,0.1554,0.0231,-0.0000,1096,0,0,
20.9763,19605,392145,2558,2201,489,0,0,0.6421,0.1545,0.0162,0.0000,0.6420,0.1553,0.0224,-0.0000,1097,0,0,
20.9924,19606,392165,2558,2200,442,0,0,0.6421,0.1535,0.0144,0.0000,0.6420,0.1550,0.0204,-0.0000,1098,0,0,
21.0125,19607,392185,2558,2201,405,0,0,0.6421,0.1545,0.0130,0.0000,0.6421,0.1546,0.0177,-0.0000,1099,0,0,
21.0324,19608,392205,2559,2201,375,0,0,0.6434,0.1545,0.0119,0.0000,0.6422,0.1545,0.0146,-0.0000,1100,0,0,
21.0525,19609,392225,2559,2202,351,0,0,0.6434,0.1555,0.0110,0.0000,0.6426,0.1546,0.0121,-0.0000,1101,0,0,
21.0725,19610,392245,2559,2202,335,0,0,0.6434,0.1555,0.0104,0.0000,0.6429,0.1550,0.0092,-0.0000,1102,0,0,
21.0925,19611,392265,2559,2202,325,0,0,0.6434,0.1555,0.0100,0.0000,0.6431,0.1552,0.0069,-0.0000,1103,0,0,
21.1125,19612,392285,2559,2201,318,0,0,0.6434,0.1545,0.0097,0.0000,0.6432,0.1552,0.0048,-0.0000,1104,0,0,
21.1325,19613,392305,2558,2201,314,0,0,0.6421,0.1545,0.0096,0.0000,0.6432,0.1549,0.0022,-0.0000,1105,0,0,
21.1524,19614,392325,2558,2201,311,0,0,0.6421,0.1545,0.0095,0.0000,0.6428,0.1548,0.0003,-0.0000,1106,0,0,
21.1724,19615,392345,2558,2201,309,0,0,0.6421,0.1545,0.0094,0.0000,0.6425,0.1546,-0.0000,-0.0000,1107,0,0,
21.1924,19616,392365,2558,2201,308,0,0,0.6421,0.1545,0.0094,0.0000,0.6424,0.1546,0.0003,-0.0000,1108,0,0,
21.2192,19617,392385,2558,2201,307,0,0,0.6421,0.1545,0.0093,0.0000,0.6423,0.1546,0.0004,-0.0000,1109,0,0,
21.2326,19618,392405,2558,2201,307,0,0,0.6421,0.1545,0.0093,0.0000,0.6423,0.1546,0.0006,-0.0000,1110,0,0,
21.2525,19619,392425,2558,2201,307,0,0,0.6421,0.1545,0.0093,0.0000,0.6422,0.1545,0.0011,-0.0000,1111,0,0,
21.2725,19620,392445,2558,2200,306,0,0,0.6421,0.1535,0.0093,0.0000,0.6422,0.1544,0.0018,-0.0000,1112,0,0,
21.2925,19621,392465,2558,2201,306,0,0,0.6421,0.1545,0.0093,0.0000,0.6422,0.1542,0.0024,-0.0000,1113,0,0,
21.3125,19622,392485,2558,2201,306,0,0,0.6421,0.1545,0.0093,0.0000,0.6422,0.1543,0.0031,-0.0000,1114,0,0,
21.3325,19623,392505,2558,2201,305,0,0,0.6421,0.1545,0.0092,0.0000,0.6422,0.1544,0.0041,-0.0000,1115,0,0,
21.3526,19624,392525,2558,2201,305,0,0,0.6421,0.1545,0.0092,0.0000,0.6421,0.1544,0.0050,-0.0000,1116,0,0,
21.3725,19625,392545,2558,2201,303,0,0,0.6421,0.1545,0.0092,0.0000,0.6421,0.1544,0.0060,-0.0000,1117,0,0,
21.3925,19626,392565,2558,2200,294,0,0,0.6421,0.1535,0.0088,0.0000,0.6421,0.1544,0.0072,-0.0000,1118,0,0,
21.4125,19627,392585,2558,2200,280,0,0,0.6421,0.1535,0.0083,0.0000,0.6421,0.1541,0.0077,-0.0000,1119,0,0,
21.4324,19628,392605,2558,2200,259,0,0,0.6421,0.1535,0.0075,0.0000,0.6421,0.1538,0.0079,-0.0000,1120,0,0,
21.4692,19629,392625,2558,2200,232,0,0,0.6421,0.1535,0.0065,0.0000,0.6421,0.1537,0.0077,-0.0000,1121,0,0,
21.4763,19630,392645,2558,2201,201,0,0,0.6421,0.1545,0.0053,0.0000,0.6421,0.1538,0.0074,-0.0000,1122,0,0,7.08
21.4925,19631,392665,2558,2200,166,0,0,0.6421,0.1535,0.0040,0.0000,0.6421,0.1539,0.0067,-0.0000,1123,0,0,
21.5125,19632,392685,2558,2200,128,0,0,0.6421,0.1535,0.0026,0.0000,0.6421,0.1537,0.0052,-0.0000,1124,0,0,
21.5325,19633,392705,2558,2200,89,0,0,0.6421,0.1535,0.0011,0.0000,0.6421,0.1536,0.0041,-0.0000,1125,0,0,
21.5524,19634,392725,2558,2200,58,0,0,0.6421,0.1535,0.0000,0.0000,0.6421,0.1536,0.0028,-0.0000,1126,0,0,
21.5724,19635,392745,2558,2200,37,0,0,0.6421,0.1535,0.0000,0.0000,0.6421,0.1535,0.0013,-0.0000,1127,0,0,
21.5924,19636,392765,2558,2201,24,0,0,0.6421,0.1545,0.0000,0.0000,0.6421,0.1536,0.0002,-0.0000,1128,0,0,
21.6125,19637,392785,2558,2202,15,0,0,0.6421,0.1555,0.0000,0.0000,0.6421,0.1541,-0.0000,-0.0000,1129,0,0,
21.6324,19638,392805,2558,2201,10,0,0,0.6421,0.1545,0.0000,0.0000,0.6421,0.1545,-0.0000,-0.0000,1130,0,0,
21.6523,19639,392825,2558,2202,6,0,0,0.6421,0.1555,0.0000,0.0000,0.6421,0.1546,-0.0000,-0.0000,1131,0,0,
21.6723,19640,392845,2559,2202,4,0,0,0.6434,0.1555,0.0000,0.0000,0.6423,0.1549,-0.0000,-0.0000,1132,0,0,
21.6923,19641,392865,2559,2202,2,0,0,0.6434,0.1555,0.0000,0.0000,0.6427,0.1551,-0.0000,-0.0000,1133,0,0,
21.7193,19642,392885,2559,2202,1,0,0,0.6434,0.1555,0.0000,0.0000,0.6429,0.1553,-0.0000,-0.0000,1134,0,0,
21.7323,19643,392905,2558,2202,1,0,0,0.6421,0.1555,0.0000,0.0000,0.6429,0.1553,-0.0000,-0.0000,1135,0,0,
21.7522,19644,392925,2558,2201,0,0,0,0.6421,0.1545,0.0000,0.0000,0.6426,0.1553,-0.0000,-0.0000,1136,0,0,
21.7723,19645,392945,2558,2202,0,0,0,0.6421,0.1555,0.0000,0.0000,0.6424,0.1551,-0.0000,-0.0000,1137,0,0,
21.7923,19646,392965,2558,2202,0,0,0,0.6421,0.1555,0.0000,0.0000,0.6423,0.1553,-0.0000,-0.0000,1138,0,0,
21.8123,19647,392985,2558,2203,0,0,0,0.6421,0.1565,0.0000,0.0000,0.6422,0.1554,-0.0000,-0.0000,1139,0,0,
21.8323,19648,393005,2558,2202,0,0,0,0.6421,0.1555,0.0000,0.0000,0.6422,0.1558,-0.0000,-0.0000,1140,0,0,
21.8523,19649,393025,2558,2202,0,0,0,0.6421,0.1555,0.0000,0.0000,0.6422,0.1557,-0.0000,-0.0000,1141,0,0,
21.8723,19650,393045,2558,2202,0,0,0,0.6421,0.1555,0.0000,0.0000,0.6422,0.1556,-0.0000,-0.0000,1142,0,0,
21.8922,19651,393065,2558,2202,0,0,0,0.6421,0.1555,0.0000,0.0000,0.6422,0.1556,-0.0000,-0.0000,1143,0,0,
21.9123,19652,393085,2558,2202,0,0,0,0.6421,0.1555,0.0000,0.0000,0.6421,0.1555,-0.0000,-0.0000,1144,0,0,
21.9322,19653,393105,2558,2201,0,0,0,0.6421,0.1545,0.0000,0.0000,0.6421,0.1554,-0.0000,-0.0000,1145,0,0,
21.9522,19654,393125,2558,2201,0,0,0,0.6421,0.1545,0.0000,0.0000,0.6421,0.1551,-0.0000,-0.0000,1146,0,0,
21.9762,19655,393145,2558,2201,0,0,0,0.6421,0.1545,0.0000,0.0000,0.6421,0.1550,-0.0000,-0.0000,1147,0,0,
21.9923,19656,393165,2558,2201,0,0,0,0.6421,0.1545,0.0000,0.0000,0.6421,0.1548,-0.0000,-0.0000,1148,0,0,
22.0123,19657,393185,2558,2201,0,0,0,0.6421,0.1545,0.0000,0.0000,0.6421,0.1547,-0.0000,-0.0000,1149,0,0,
22.0323,19658,393205,2559,2201,0,0,0,0.6434,0.1545,0.0000,0.0000,0.6423,0.1546,-0.0000,-0.0000,1150,0,0,
22.0524,19659,393225,2559,2201,0,0,0,0.6434,0.1545,0.0000,0.0000,0.6427,0.1546,0.0000,-0.0000,1151,0,0,
22.0723,19660,393245,2558,2201,0,0,0,0.6421,0.1545,0.0000,0.0000,0.6428,0.1545,-0.0000,-0.0000,1152,0,0,
22.0923,19661,393265,2559,2201,0,0,0,0.6434,0.1545,0.0000,0.0000,0.6427,0.1545,-0.0000,0.0000,1153,0,0,
22.1122,19662,393285,2558,2201,0,0,0,0.6421,0.1545,0.0000,0.0000,0.6429,0.1545,-0.0000,-0.0000,1154,0,0,
22.1323,19663,393305,2558,2202,0,0,0,0.6421,0.1555,0.0000,0.0000,0.6426,0.1546,-0.0000,-0.0000,1155,0,0,
22.1523,19664,393325,2558,2202,0,0,0,0.6421,0.1555,0.0000,0.0000,0.6424,0.1550,-0.0000,-0.0000,1156,0,0,
22.1722,19665,393345,2558,2202,0,0,0,0.6421,0.1555,0.0000,0.0000,0.6423,0.1551,0.0000,-0.0000,1157,0,0,
22.1923,19666,393365,2558,2202,0,0,0,0.6421,0.1555,0.0000,0.0000,0.6423,0.1553,-0.0000,-0.0000,1158,0,0,
22.2261,19667,393385,2558,2202,0,0,0,0.6421,0.1555,0.0000,0.0000,0.6422,0.1553,-0.0000,-0.0000,1159,0,0,
22.2332,19668,393405,2558,2201,0,0,0,0.6421,0.1545,0.0000,0.0000,0.6422,0.1553,-0.0000,-0.0000,1160,0,0,
22.2523,19669,393425,2558,2201,0,0,0,0.6421,0.1545,0.0000,0.0000,0.6422,0.1550,-0.0000,-0.0000,1161,0,0,
22.2723,19670,393445,2558,2201,0,0,0,0.6421,0.1545,0.0000,0.0000,0.6422,0.1548,-0.0000,-0.0000,1162,0,0,
22.2922,19671,393465,2558,2201,0,0,0,0.6421,0.1545,0.0000,0.0000,0.6422,0.1547,-0.0000,-0.0000,1163,0,0,
22.3123,19672,393485,2558,2202,0,0,0,0.6421,0.1555,0.0000,0.0000,0.6422,0.1547,-0.0000,-0.0000,1164,0,0,
22.3325,19673,393505,2558,2201,0,0,0,0.6421,0.1545,0.0000,0.0000,0.6421,0.1549,-0.0000,-0.0000,1165,0,0,
22.3523,19674,393525,2558,2201,0,0,0,0.6421,0.1545,0.0000,0.0000,0.6421,0.1548,-0.0000,-0.0000,1166,0,0,
22.3724,19675,393545,2558,2201,0,0,0,0.6421,0.1545,0.0000,0.0000,0.6421,0.1547,-0.0000,-0.0000,1167,0,0,
22.3922,19676,393565,2558,2201,0,0,0,0.6421,0.1545,0.0000,0.0000,0.6421,0.1546,0.0000,-0.0000,1168,0,0,
22.4124,19677,393585,2558,2201,0,0,0,0.6421,0.1545,0.0000,0.0000,0.6421,0.1546,-0.0000,-0.0000,1169,0,0,
22.4323,19678,393605,2558,2201,0,0,0,0.6421,0.1545,0.0000,0.0000,0.6421,0.1545,-0.0000,-0.0000,1170,0,0,
22.4524,19679,393625,2558,2200,0,0,0,0.6421,0.1535,0.0000,0.0000,0.6421,0.1544,-0.0000,-0.0000,1171,0,0,
22.4833,19680,393645,2558,2201,0,0,0,0.6421,0.1545,0.0000,0.0000,0.6421,0.1543,-0.0000,-0.0000,1172,0,0,2.19
22.4924,19681,393665,2558,2200,0,0,0,0.6421,0.1535,0.0000,0.0000,0.6421,0.1542,-0.0000,-0.0000,1173,0,0,
22.5123,19682,393685,2558,2200,0,0,0,0.6421,0.1535,0.0000,0.0000,0.6421,0.1540,-0.0000,-0.0000,1174,0,0,
22.5322,19683,393705,2558,2201,0,0,0,0.6421,0.1545,0.0000,0.0000,0.6421,0.1539,0.0000,-0.0000,1175,0,0,
22.5523,19684,393725,2558,2201,0,0,0,0.6421,0.1545,0.0000,0.0000,0.6421,0.1541,-0.0000,-0.0000,1176,0,0,
22.5723,19685,393745,2558,2201,0,0,0,0.6421,0.1545,0.0000,0.0000,0.6421,0.1543,0.0000,-0.0000,1177,0,0,
22.5923,19686,393765,2558,2201,0,0,0,0.6421,0.1545,0.0000,0.0000,0.6421,0.1543,-0.0000,-0.0000,1178,0,0,
22.6123,19687,393785,2558,2201,0,0,0,0.6421,0.1545,0.0000,0.0000,0.6421,0.1544,-0.0000,-0.0000,1179,0,0,
22.6323,19688,393805,2558,2201,0,0,0,0.6421,0.1545,0.0000,0.0000,0.6421,0.1544,-0.0000,-0.0000,1180,0,0,
22.6522,19689,393825,2558,2201,0,0,0,0.6421,0.1545,0.0000,0.0000,0.6421,0.1545,0.0000,-0.0000,1181,0,0,
22.6723,19690,393845,2558,2201,0,0,0,0.6421,0.1545,0.0000,0.0000,0.6421,0.1545,-0.0000,-0.0000,1182,0,0,
22.6924,19691,393865,2558,2201,0,0,0,0.6421,0.1545,0.0000,0.0000,0.6421,0.1545,-0.0000,-0.0000,1183,0,0,
22.7332,19693,393905,2558,2201,0,0,0,0.6421,0.1545,0.0000,0.0000,0.6421,0.1545,-0.0000,-0.0000,1185,0,0,
22.7524,19694,393925,2558,2200,0,0,0,0.6421,0.1535,0.0000,0.0000,0.6421,0.1544,0.0000,-0.0000,1186,0,0,
22.7724,19695,393945,2558,2200,0,0,0,0.6421,0.1535,0.0000,0.0000,0.6421,0.1541,-0.0000,-0.0000,1187,0,0,
22.7923,19696,393965,2558,2201,0,0,0,0.6421,0.1545,0.0000,0.0000,0.6421,0.1539,-0.0000,-0.0000,1188,0,0,
22.8123,19697,393985,2558,2200,0,0,0,0.6421,0.1535,0.0000,0.0000,0.6421,0.1540,-0.0000,-0.0000,1189,0,0,
22.8324,19698,394005,2558,2201,0,0,0,0.6421,0.1545,0.0000,0.0000,0.6421,0.1539,-0.0000,-0.0000,1190,0,0,
22.8524,19699,394025,2558,2200,0,0,0,0.6421,0.1535,0.0000,0.0000,0.6421,0.1541,-0.0000,-0.0000,1191,0,0,
22.8724,19700,394045,2558,2201,0,0,0,0.6421,0.1545,0.0000,0.0000,0.6421,0.1540,-0.0000,-0.0000,1192,0,0,
22.8924,19701,394065,2558,2201,0,0,0,0.6421,0.1545,0.0000,0.0000,0.6421,0.1542,-0.0000,-0.0000,1193,0,0,
22.9124,19702,394085,2558,2201,0,0,0,0.6421,0.1545,0.0000,0.0000,0.6421,0.1543,-0.0000,-0.0000,1194,0,0,
22.9323,19703,394105,2558,2201,0,0,0,0.6421,0.1545,0.0000,0.0000,0.6421,0.1544,-0.0000,-0.0000,1195,0,0,
22.9523,19704,394125,2558,2201,0,0,0,0.6421,0.1545,0.0000,0.0000,0.6421,0.1544,-0.0000,-0.0000,1196,0,0,
22.9898,19705,394145,2558,2201,0,0,0,0.6421,0.1545,0.0000,0.0000,0.6421,0.1544,-0.0000,-0.0000,1197,0,0,
22.9923,19706,394165,2558,2201,0,0,0,0.6421,0.1545,0.0000,0.0000,0.6421,0.1544,-0.0000,-0.0000,1198,0,0,
23.0124,19707,394185,2558,2201,0,0,0,0.6421,0.1545,0.0000,0.0000,0.6421,0.1545,0.0000,-0.0000,1199,0,0,
23.0323,19708,394205,2558,2201,0,0,0,0.6421,0.1545,0.0000,0.0000,0.6421,0.1545,-0.0000,-0.0000,1200,0,0,
23.0523,19709,394225,2558,2201,0,0,0,0.6421,0.1545,0.0000,0.0000,0.6421,0.1545,-0.0000,-0.0000,1201,0,0,
23.0723,19710,394245,2558,2200,0,0,0,0.6421,0.1535,0.0000,0.0000,0.6421,0.1544,-0.0000,-0.0000,1202,0,0,
23.0923,19711,394265,2558,2200,0,0,0,0.6421,0.1535,0.0000,0.0000,0.6421,0.1541,-0.0000,-0.0000,1203,0,0,
23.1122,19712,394285,2558,2200,0,0,0,0.6421,0.1535,0.0000,0.0000,0.6421,0.1539,-0.0000,-0.0000,1204,0,0,
23.1324,19713,394305,2558,2200,0,0,0,0.6421,0.1535,0.0000,0.0000,0.6421,0.1537,-0.0000,-0.0000,1205,0,0,
23.1523,19714,394325,2558,2200,0,0,0,0.6421,0.1535,0.0000,0.0000,0.6421,0.1536,0.0000,-0.0000,1206,0,0,
23.1723,19715,394345,2558,2201,0,0,0,0.6421,0.1545,0.0000,0.0000,0.6421,0.1537,-0.0000,-0.0000,1207,0,0,
23.1923,19716,394365,2558,2201,0,0,0,0.6421,0.1545,0.0000,0.0000,0.6421,0.1539,-0.0000,-0.0000,1208,0,0,
23.2123,19717,394385,2558,2201,0,0,0,0.6421,0.1545,0.0000,0.0000,0.6421,0.1542,0.0000,-0.0000,1209,0,0,
23.2400,19718,394405,2558,2201,0,0,0,0.6421,0.1545,0.0000,0.0000,0.6421,0.1542,-0.0000,-0.0000,1210,0,0,
23.2524,19719,394425,2557,2201,0,0,0,0.6409,0.1545,0.0000,0.0000,0.6420,0.1543,-0.0000,-0.0000,1211,0,0,
23.2722,19720,394445,2557,2201,0,0,0,0.6409,0.1545,0.0000,0.0000,0.6415,0.1544,-0.0000,-0.0000,1212,0,0,
23.2924,19721,394465,2558,2201,0,0,0,0.6421,0.1545,0.0000,0.0000,0.6414,0.1544,-0.0000,-0.0000,1213,0,0,
23.3123,19722,394485,2558,2201,0,0,0,0.6421,0.1545,0.0000,0.0000,0.6417,0.1544,0.0000,-0.0000,1214,0,0,
23.3323,19723,394505,2558,2201,0,0,0,0.6421,0.1545,0.0000,0.0000,0.6419,0.1545,-0.0000,-0.0000,1215,0,0,
23.3522,19724,394525,2557,2201,0,0,0,0.6409,0.1545,0.0000,0.0000,0.6418,0.1545,-0.0000,-0.0000,1216,0,0,
23.3722,19725,394545,2557,2201,0,0,0,0.6409,0.1545,0.0000,0.0000,0.6414,0.1545,-0.0000,-0.0000,1217,0,0,
23.3923,19726,394565,2558,2201,0,0,0,0.6421,0.1545,0.0000,0.0000,0.6414,0.1545,-0.0000,-0.0000,1218,0,0,
23.4123,19727,394585,2558,2201,0,0,0,0.6421,0.1545,0.0000,0.0000,0.6417,0.1545,-0.0000,-0.0000,1219,0,0,
23.4323,19728,394605,2558,2201,0,0,0,0.6421,0.1545,0.0000,0.0000,0.6418,0.1545,-0.0000,-0.0000,1220,0,0,
23.4523,19729,394625,2558,2201,0,0,0,0.6421,0.1545,0.0000,0.0000,0.6420,0.1545,-0.0000,-0.0000,1221,0,0,
23.4971,19731,394665,2558,2201,0,0,0,0.6421,0.1545,0.0000,0.0000,0.6420,0.1545,0.0000,-0.0000,1223,0,0,2.08
23.5124,19732,394685,2558,2201,0,0,0,0.6421,0.1545,0.0000,0.0000,0.6421,0.1545,-0.0000,-0.0000,1224,0,0,
23.5323,19733,394705,2558,2201,0,0,0,0.6421,0.1545,0.0000,0.0000,0.6421,0.1545,-0.0000,-0.0000,1225,0,0,
23.5523,19734,394725,2558,2202,0,0,0,0.6421,0.1555,0.0000,0.0000,0.6421,0.1546,-0.0000,-0.0000,1226,0,0,
23.5723,19735,394745,2558,2202,0,0,0,0.6421,0.1555,0.0000,0.0000,0.6421,0.1549,-0.0000,-0.0000,1227,0,0,
23.5923,19736,394765,2558,2202,0,0,0,0.6421,0.1555,0.0000,0.0000,0.6421,0.1551,-0.0000,-0.0000,1228,0,0,
23.6123,19737,394785,2559,2202,0,0,0,0.6434,0.1555,0.0000,0.0000,0.6423,0.1553,-0.0000,-0.0000,1229,0,0,
23.6322,19738,394805,2559,2202,0,0,0,0.6434,0.1555,0.0000,0.0000,0.6426,0.1553,-0.0000,-0.0000,1230,0,0,
23.6523,19739,394825,2558,2202,0,0,0,0.6421,0.1555,0.0000,0.0000,0.6428,0.1554,-0.0000,-0.0000,1231,0,0,
23.6723,19740,394845,2558,2201,0,0,0,0.6421,0.1545,0.0000,0.0000,0.6426,0.1553,0.0000,-0.0000,1232,0,0,
23.6922,19741,394865,2558,2201,0,0,0,0.6421,0.1545,0.0000,0.0000,0.6424,0.1550,-0.0000,-0.0000,1233,0,0,
23.7123,19742,394885,2558,2202,0,0,0,0.6421,0.1555,0.0000,0.0000,0.6423,0.1549,-0.0000,-0.0000,1234,0,0,
23.7468,19743,394905,2558,2201,0,0,0,0.6421,0.1545,0.0000,0.0000,0.6423,0.1550,-0.0000,-0.0000,1235,0,0,
23.7524,19744,394925,2558,2201,0,0,0,0.6421,0.1545,0.0000,0.0000,0.6422,0.1549,-0.0000,-0.0000,1236,0,0,
23.7723,19745,394945,2558,2201,0,0,0,0.6421,0.1545,0.0000,0.0000,0.6422,0.1547,-0.0000,-0.0000,1237,0,0,
23.7923,19746,394965,2558,2201,0,0,0,0.6421,0.1545,0.0000,0.0000,0.6422,0.1546,-0.0000,-0.0000,1238,0,0,
23.8123,19747,394985,2558,2201,0,0,0,0.6421,0.1545,0.0000,0.0000,0.6422,0.1546,-0.0000,-0.0000,1239,0,0,
23.8323,19748,395005,2558,2201,0,0,0,0.6421,0.1545,0.0000,0.0000,0.6422,0.1546,-0.0000,-0.0000,1240,0,0,
23.8523,19749,395025,2558,2201,0,0,0,0.6421,0.1545,0.0000,0.0000,0.6421,0.1545,-0.0000,-0.0000,1241,0,0,
23.8723,19750,395045,2558,2201,0,0,0,0.6421,0.1545,0.0000,0.0000,0.6421,0.1545,-0.0000,-0.0000,1242,0,0,
23.8923,19751,395065,2558,2202,0,0,0,0.6421,0.1555,0.0000,0.0000,0.6421,0.1546,0.0000,-0.0000,1243,0,0,
23.9123,19752,395085,2559,2202,0,0,0,0.6434,0.1555,0.0000,0.0000,0.6423,0.1549,-0.0000,-0.0000,1244,0,0,
23.9323,19753,395105,2558,2202,0,0,0,0.6421,0.1555,0.0000,0.0000,0.6425,0.1551,-0.0000,-0.0000,1245,0,0,
23.9523,19754,395125,2558,2202,0,0,0,0.6421,0.1555,0.0000,0.0000,0.6424,0.1553,-0.0000,-0.0000,1246,0,0,
23.9723,19755,395145,2558,2201,0,0,0,0.6421,0.1545,0.0000,0.0000,0.6423,0.1552,-0.0000,-0.0000,1247,0,0,
23.9923,19756,395165,2558,2201,0,0,0,0.6421,0.1545,0.0000,0.0000,0.6423,0.1551,-0.0000,-0.0000,1248,0,0,
24.0123,19757,395185,2558,2201,0,0,0,0.6421,0.1545,0.0000,0.0000,0.6422,0.1549,-0.0000,-0.0000,1249,0,0,
24.0323,19758,395205,2558,2201,0,0,0,0.6421,0.1545,0.0000,0.0000,0.6422,0.1547,0.0000,-0.0000,1250,0,0,
24.0523,19759,395225,2558,2201,0,0,0,0.6421,0.1545,0.0000,0.0000,0.6422,0.1546,-0.0000,-0.0000,1251,0,0,
24.0723,19760,395245,2558,2201,0,0,0,0.6421,0.1545,0.0000,0.0000,0.6422,0.1546,-0.0000,-0.0000,1252,0,0,
24.0923,19761,395265,2558,2201,0,0,0,0.6421,0.1545,0.0000,0.0000,0.6422,0.1545,-0.0000,-0.0000,1253,0,0,
24.1123,19762,395285,2558,2201,0,0,0,0.6421,0.1545,0.0000,0.0000,0.6421,0.1545,-0.0000,-0.0000,1254,0,0,
24.1323,19763,395305,2558,2201,0,0,0,0.6421,0.1545,0.0000,0.0000,0.6421,0.1545,-0.0000,-0.0000,1255,0,0,
24.1524,19764,395325,2558,2201,0,0,0,0.6421,0.1545,0.0000,0.0000,0.6421,0.1545,-0.0000,-0.0000,1256,0,0,
24.1723,19765,395345,2558,2201,0,0,0,0.6421,0.1545,0.0000,0.0000,0.6421,0.1545,-0.0000,-0.0000,1257,0,0,
24.1923,19766,395365,2558,2202,0,0,0,0.6421,0.1555,0.0000,0.0000,0.6421,0.1546,-0.0000,-0.0000,1258,0,0,
24.2123,19767,395385,2558,2201,0,0,0,0.6421,0.1545,0.0000,0.0000,0.6421,0.1549,-0.0000,-0.0000,1259,0,0,
24.2539,19769,395425,2558,2201,0,0,0,0.6421,0.1545,0.0000,0.0000,0.6421,0.1547,0.0000,-0.0000,1261,0,0,
24.2723,19770,395445,2558,2201,0,0,0,0.6421,0.1545,0.0000,0.0000,0.6421,0.1546,-0.0000,-0.0000,1262,0,0,
24.2924,19771,395465,2558,2201,0,0,0,0.6421,0.1545,0.0000,0.0000,0.6421,0.1546,-0.0000,-0.0000,1263,0,0,
24.3123,19772,395485,2558,2201,0,0,0,0.6421,0.1545,0.0000,0.0000,0.6421,0.1546,0.0000,-0.0000,1264,0,0,
24.3323,19773,395505,2558,2201,0,0,0,0.6421,0.1545,0.0000,0.0000,0.6421,0.1545,-0.0000,-0.0000,1265,0,0,
24.3523,19774,395525,2558,2201,0,0,0,0.6421,0.1545,0.0000,0.0000,0.6421,0.1545,-0.0000,-0.0000,1266,0,0,
24.3723,19775,395545,2558,2201,0,0,0,0.6421,0.1545,0.0000,0.0000,0.6421,0.1545,-0.0000,-0.0000,1267,0,0,
24.3923,19776,395565,2558,2201,0,0,0,0.6421,0.1545,0.0000,0.0000,0.6421,0.1545,0.0000,-0.0000,1268,0,0,
24.4123,19777,395585,2558,2202,0,0,0,0.6421,0.1555,0.0000,0.0000,0.6421,0.1546,-0.0000,-0.0000,1269,0,0,
24.4323,19778,395605,2558,2201,0,0,0,0.6421,0.1545,0.0000,0.0000,0.6421,0.1549,-0.0000,-0.0000,1270,0,0,
24.4523,19779,395625,2558,2202,0,0,0,0.6421,0.1555,0.0000,0.0000,0.6421,0.1548,-0.0000,-0.0000,1271,0,0,
24.4723,19780,395645,2558,2202,0,0,0,0.6421,0.1555,0.0000,0.0000,0.6421,0.1551,-0.0000,-0.0000,1272,0,0,
24.5040,19781,395665,2558,2201,0,0,0,0.6421,0.1545,0.0000,0.0000,0.6421,0.1551,-0.0000,-0.0000,1273,0,0,2.18
24.5124,19782,395685,2558,2201,0,0,0,0.6421,0.1545,0.0000,0.0000,0.6421,0.1550,0.0000,-0.0000,1274,0,0,
24.5323,19783,395705,2558,2200,0,0,0,0.6421,0.1535,0.0000,0.0000,0.6421,0.1547,-0.0000,-0.0000,1275,0,0,
24.5523,19784,395725,2558,2201,0,0,0,0.6421,0.1545,0.0000,0.0000,0.6421,0.1544,-0.0000,-0.0000,1276,0,0,
24.5723,19785,395745,2558,2201,0,0,0,0.6421,0.1545,0.0000,0.0000,0.6421,0.1544,-0.0000,-0.0000,1277,0,0,
24.5924,19786,395765,2558,2201,0,0,0,0.6421,0.1545,0.0000,0.0000,0.6421,0.1544,-0.0000,-0.0000,1278,0,0,
24.6123,19787,395785,2558,2201,0,0,0,0.6421,0.1545,0.0000,0.0000,0.6421,0.1545,-0.0000,-0.0000,1279,0,0,
24.6323,19788,395805,2558,2201,0,0,0,0.6421,0.1545,0.0000,0.0000,0.6421,0.1545,-0.0000,-0.0000,1280,0,0,
24.6523,19789,395825,2558,2201,0,0,0,0.6421,0.1545,0.0000,0.0000,0.6421,0.1545,0.0000,-0.0000,1281,0,0,
24.6723,19790,395845,2558,2201,0,0,0,0.6421,0.1545,0.0000,0.0000,0.6421,0.1545,-0.0000,-0.0000,1282,0,0,
24.6924,19791,395865,2558,2201,0,0,0,0.6421,0.1545,0.0000,0.0000,0.6421,0.1545,-0.0000,-0.0000,1283,0,0,
24.7124,19792,395885,2558,2201,0,0,0,0.6421,0.1545,0.0000,0.0000,0.6421,0.1545,-0.0000,-0.0000,1284,0,0,
24.7469,19793,395905,2558,2200,0,0,0,0.6421,0.1535,0.0000,0.0000,0.6421,0.1544,-0.0000,-0.0000,1285,0,0,
24.7523,19794,395925,2558,2201,0,0,0,0.6421,0.1545,0.0000,0.0000,0.6421,0.1544,-0.0000,-0.0000,1286,0,0,
24.7723,19795,395945,2558,2201,0,0,0,0.6421,0.1545,0.0000,0.0000,0.6421,0.1544,-0.0000,-0.0000,1287,0,0,
24.7923,19796,395965,2558,2202,0,0,0,0.6421,0.1555,0.0000,0.0000,0.6421,0.1545,-0.0000,-0.0000,1288,0,0,
24.8123,19797,395985,2558,2202,0,0,0,0.6421,0.1555,0.0000,0.0000,0.6421,0.1549,0.0000,-0.0000,1289,0,0,
24.8323,19798,396005,2558,2203,0,0,0,0.6421,0.1565,0.0000,0.0000,0.6421,0.1552,-0.0000,-0.0000,1290,0,0,
24.8523,19799,396025,2558,2203,0,0,0,0.6421,0.1565,0.0000,0.0000,0.6421,0.1557,-0.0000,-0.0000,1291,0,0,
24.8723,19800,396045,2558,2202,0,0,0,0.6421,0.1555,0.0000,0.0000,0.6421,0.1559,0.0000,-0.0000,1292,0,0,
24.8923,19801,396065,2558,2202,0,0,0,0.6421,0.1555,0.0000,0.0000,0.6421,0.1557,-0.0000,-0.0000,1293,0,0,
24.9123,19802,396085,2558,2202,0,0,0,0.6421,0.1555,0.0000,0.0000,0.6421,0.1556,-0.0000,-0.0000,1294,0,0,
24.9323,19803,396105,2558,2201,0,0,0,0.6421,0.1545,0.0000,0.0000,0.6421,0.1555,-0.0000,-0.0000,1295,0,0,
24.9523,19804,396125,2558,2201,0,0,0,0.6421,0.1545,0.0000,0.0000,0.6421,0.1551,-0.0000,-0.0000,1296,0,0,
24.9723,19805,396145,2558,2200,0,0,0,0.6421,0.1535,0.0000,0.0000,0.6421,0.1548,0.0000,-0.0000,1297,0,0,
25.0038,19806,396165,2558,2198,0,0,0,0.6421,0.1514,0.0000,0.0000,0.6421,0.1542,-0.0000,-0.0000,1298,0,0,
25.0123,19807,396185,2558,2194,0,0,0,0.6421,0.1474,0.0000,0.0000,0.6421,0.1535,-0.0000,-0.0000,1299,0,0,
25.0323,19808,396205,2558,2192,0,0,0,0.6421,0.1454,0.0000,0.0000,0.6421,0.1508,-0.0000,-0.0000,1300,0,0,
25.0523,19809,396225,2558,2186,0,0,0,0.6421,0.1394,0.0000,0.0000,0.6421,0.1484,-0.0000,-0.0000,1301,0,0,
25.0723,19810,396245,2558,2181,0,0,0,0.6421,0.1343,0.0000,0.0000,0.6421,0.1442,-0.0000,-0.0000,1302,0,0,
25.0923,19811,396265,2558,2174,0,0,0,0.6421,0.1273,0.0000,0.0000,0.6421,0.1401,-0.0000,-0.0000,1303,0,0,
25.1123,19812,396285,2558,2166,0,0,0,0.6421,0.1192,0.0000,0.0000,0.6421,0.1349,-0.0000,-0.0000,1304,0,0,
25.1323,19813,396305,2558,2154,0,0,0,0.6421,0.1072,0.0000,0.0000,0.6421,0.1273,0.0000,-0.0000,1305,0,0,
25.1522,19814,396325,2558,2145,0,0,0,0.6421,0.0981,0.0000,0.0000,0.6421,0.1194,-0.0000,-0.0000,1306,0,0,
25.1724,19815,396345,2558,2133,0,0,0,0.6421,0.0860,0.0000,0.0000,0.6421,0.1095,-0.0000,-0.0000,1307,0,0,
25.1923,19816,396365,2558,2117,0,0,0,0.6421,0.0699,0.0000,0.0000,0.6421,0.0998,0.0000,-0.0000,1308,0,0,
25.2123,19817,396385,2558,2099,0,0,0,0.6421,0.0518,0.0000,0.0000,0.6421,0.0858,-0.0000,-0.0000,1309,0,0,
25.2323,19818,396405,2559,2076,0,0,0,0.6434,0.0287,0.0000,0.0000,0.6423,0.0718,-0.0000,-0.0003,1310,0,0,
25.2608,19819,396425,2559,2051,0,0,0,0.6434,0.0035,0.0000,0.0000,0.6425,0.0625,0.0000,-0.0002,1311,0,0,
25.2745,19820,396445,2559,2022,0,0,0,0.6434,-0.0257,0.0000,0.0000,0.6427,0.0476,0.0000,-0.0001,1312,0,0,
25.2924,19821,396465,2558,1990,0,0,0,0.6421,-0.0579,0.0000,0.0000,0.6428,0.0276,0.0000,-0.0000,1313,0,0,
25.3124,19822,396485,2558,1957,0,0,0,0.6421,-0.0911,0.0000,0.0000,0.6426,0.0077,0.0000,-0.0000,1314,0,0,
25.3323,19823,396505,2558,1918,0,0,0,0.6421,-0.1303,0.0000,0.0000,0.6424,-0.0123,0.0000,-0.0000,1315,0,0,
25.3523,19824,396525,2558,1878,0,0,0,0.6421,-0.1706,0.0000,0.0000,0.6423,-0.0323,0.0000,-0.0000,1316,0,0,
25.3723,19825,396545,2558,1839,0,0,0,0.6421,-0.2098,0.0000,0.0000,0.6423,-0.0573,0.0000,-0.0000,1317,0,0,
25.3923,19826,396565,2558,1795,0,0,0,0.6421,-0.2541,0.0000,0.0000,0.6422,-0.0774,0.0000,-0.0000,1318,0,0,
25.4123,19827,396585,2558,1752,0,0,0,0.6421,-0.2974,0.0000,0.0000,0.6422,-0.1024,0.0000,-0.0000,1319,0,0,
25.4323,19828,396605,2558,1706,0,0,0,0.6421,-0.3436,0.0000,0.0000,0.6422,-0.1224,0.0000,-0.0000,1320,0,0,
25.4523,19829,396625,2558,1663,0,0,0,0.6421,-0.3869,0.0000,0.0000,0.6422,-0.1424,0.0000,-0.0000,1321,0,0,
25.4723,19830,396645,2558,1618,0,0,0,0.6421,-0.4322,0.0000,0.0000,0.6421,-0.1674,0.0000,-0.0000,1322,0,0,
25.5133,19832,396685,2558,1532,0,0,0,0.6421,-0.5187,0.0000,0.0000,0.6421,-0.1924,0.0000,-0.0000,1324,0,0,2.72
25.5324,19833,396705,2558,1486,0,0,0,0.6421,-0.5650,0.0000,0.0000,0.6421,-0.2124,0.0000,-0.0000,1325,0,0,
25.5523,19834,396725,2558,1437,0,0,0,0.6421,-0.6143,0.0000,0.0000,0.6421,-0.2374,0.0000,-0.0000,1326,0,0,
25.5723,19835,396745,2558,1388,0,0,0,0.6421,-0.6636,0.0000,0.0000,0.6421,-0.2575,-0.0000,-0.0000,1327,0,0,
25.5923,19836,396765,2558,1336,0,0,0,0.6421,-0.7160,0.0000,0.0000,0.6421,-0.2775,-0.0000,-0.0000,1328,0,0,
25.6123,19837,396785,2558,1283,0,0,0,0.6421,-0.7693,0.0000,0.0000,0.6421,-0.3025,-0.0000,-0.0000,1329,0,0,
25.6324,19838,396805,2558,1232,0,0,0,0.6421,-0.8206,0.0000,0.0000,0.6421,-0.3225,-0.0000,-0.0000,1330,0,0,
25.6523,19839,396825,2558,1184,0,0,0,0.6421,-0.8689,0.0000,0.0000,0.6421,-0.3475,-0.0000,-0.0000,1331,0,0,
25.6723,19840,396845,2558,1135,0,0,0,0.6421,-0.9182,0.0000,0.0000,0.6421,-0.3675,-0.0000,-0.0000,1332,0,0,
25.6980,19841,396865,2558,1089,0,0,0,0.6421,-0.9645,0.0000,0.0000,0.6421,-0.3925,-0.0000,-0.0000,1333,0,0,
25.7123,19842,396885,2558,1048,0,0,0,0.6421,-1.0058,0.0000,0.0000,0.6421,-0.4126,-0.0000,-0.0000,1334,0,0,
25.7323,19843,396905,2558,1011,0,0,0,0.6421,-1.0430,0.0000,0.0000,0.6421,-0.4326,-0.0000,-0.0000,1335,0,0,
25.7605,19844,396925,2558,982,0,0,0,0.6421,-1.0722,0.0000,0.0000,0.6421,-0.4426,-0.0000,-0.0000,1336,0,0,
25.7722,19845,396945,2558,961,0,0,0,0.6421,-1.0933,0.0000,0.0000,0.6421,-0.4576,-0.0000,-0.0000,1337,0,0,
25.7922,19846,396965,2558,947,0,0,0,0.6421,-1.1074,0.0000,0.0000,0.6421,-0.4776,-0.0000,-0.0000,1338,0,0,
25.8122,19847,396985,2558,939,0,0,0,0.6421,-1.1155,0.0000,0.0000,0.6421,-0.4976,-0.0000,-0.0000,1339,0,0,
25.8322,19848,397005,2558,933,0,0,0,0.6421,-1.1215,0.0000,0.0000,0.6421,-0.5226,-0.0000,-0.0000,1340,0,0,
25.8522,19849,397025,2558,930,0,0,0,0.6421,-1.1245,0.0000,0.0000,0.6421,-0.5426,-0.0000,-0.0000,1341,0,0,
25.8722,19850,397045,2558,928,0,0,0,0.6421,-1.1265,0.0000,0.0000,0.6421,-0.5677,-0.0000,0.0000,1342,0,0,
25.8922,19851,397065,2558,926,0,0,0,0.6421,-1.1286,0.0000,0.0000,0.6421,-0.5877,-0.0000,0.0000,1343,0,0,
25.9122,19852,397085,2558,925,0,0,0,0.6421,-1.1296,0.0000,0.0000,0.6421,-0.6077,-0.0000,0.0000,1344,0,0,
25.9322,19853,397105,2558,925,0,0,0,0.6421,-1.1296,0.0000,0.0000,0.6421,-0.6327,-0.0000,0.0000,1345,0,0,
25.9521,19854,397125,2558,924,0,0,0,0.6421,-1.1306,0.0000,0.0000,0.6421,-0.6527,-0.0000,0.0000,1346,0,0,
25.9722,19855,397145,2558,924,0,0,0,0.6421,-1.1306,0.0000,0.0000,0.6421,-0.6777,-0.0000,0.0000,1347,0,0,
26.0174,19856,397165,2558,923,0,0,0,0.6421,-1.1316,0.0000,0.0000,0.6421,-0.6977,-0.0000,0.0000,1348,0,0,
26.0243,19857,397185,2558,923,0,0,0,0.6421,-1.1316,0.0000,0.0000,0.6421,-0.7027,-0.0000,0.0000,1349,0,0,
26.0322,19858,397205,2558,923,0,0,0,0.6421,-1.1316,0.0000,0.0000,0.6421,-0.7127,-0.0000,0.0000,1350,0,0,
26.0522,19859,397225,2558,923,0,0,0,0.6421,-1.1316,0.0000,0.0000,0.6421,-0.7377,-0.0000,0.0000,1351,0,0,
26.0731,19860,397245,2558,923,0,0,0,0.6421,-1.1316,0.0000,0.0000,0.6421,-0.7578,-0.0000,0.0000,1352,0,0,
26.0922,19861,397265,2558,924,0,0,0,0.6421,-1.1306,0.0000,0.0000,0.6421,-0.7778,-0.0000,0.0000,1353,0,0,
26.1122,19862,397285,2558,923,0,0,0,0.6421,-1.1316,0.0000,0.0000,0.6421,-0.8028,-0.0000,0.0000,1354,0,0,
26.1322,19863,397305,2558,924,0,0,0,0.6421,-1.1306,0.0000,0.0000,0.6421,-0.8228,-0.0000,0.0000,1355,0,0,
26.1523,19864,397325,2558,924,0,0,0,0.6421,-1.1306,0.0000,0.0000,0.6421,-0.8478,-0.0000,0.0000,1356,0,0,
26.1772,19865,397345,2557,923,0,0,0,0.6409,-1.1316,0.0000,0.0000,0.6420,-0.8728,-0.0000,0.0000,1357,0,0,
26.1922,19866,397365,2558,918,0,0,0,0.6421,-1.1366,0.0000,0.0000,0.6418,-0.8878,0.0000,0.0000,1358,0,0,
26.2123,19867,397385,2558,910,0,0,0,0.6421,-1.1447,0.0000,0.0000,0.6419,-0.9079,-0.0000,0.0000,1359,0,0,
26.2322,19868,397405,2558,902,0,0,0,0.6421,-1.1527,0.0000,0.0000,0.6420,-0.9329,-0.0000,0.0000,1360,0,0,
26.2673,19869,397425,2558,893,0,0,0,0.6421,-1.1618,0.0000,0.0000,0.6420,-0.9429,-0.0000,0.0000,1361,0,0,
26.2722,19870,397445,2558,882,0,0,0,0.6421,-1.1728,0.0000,0.0000,0.6421,-0.9529,-0.0000,0.0000,1362,0,0,
26.2922,19871,397465,2558,869,0,0,0,0.6421,-1.1859,0.0000,0.0000,0.6421,-0.9729,-0.0000,0.0000,1363,0,0,
26.3123,19872,397485,2558,854,0,0,0,0.6421,-1.2010,0.0000,0.0000,0.6421,-0.9929,-0.0000,0.0000,1364,0,0,
26.3369,19873,397505,2558,841,0,0,0,0.6421,-1.2141,0.0000,0.0000,0.6421,-1.0229,-0.0000,0.0000,1365,0,0,
26.3522,19874,397525,2558,827,0,0,0,0.6421,-1.2282,0.0000,0.0000,0.6421,-1.0379,-0.0000,0.0000,1366,0,0,
26.3722,19875,397545,2558,812,0,0,0,0.6421,-1.2433,0.0000,0.0000,0.6421,-1.0579,-0.0000,0.0000,1367,0,0,
26.3922,19876,397565,2558,800,0,0,0,0.6421,-1.2553,0.0000,0.0000,0.6421,-1.0830,-0.0000,0.0000,1368,0,0,
26.4123,19877,397585,2558,783,0,0,0,0.6421,-1.2725,0.0000,0.0000,0.6421,-1.1030,-0.0000,0.0000,1369,0,0,
26.4322,19878,397605,2558,768,0,0,0,0.6421,-1.2875,0.0000,0.0000,0.6421,-1.1280,-0.0000,0.0000,1370,0,0,
26.4522,19879,397625,2558,754,0,0,0,0.6421,-1.3016,0.0000,0.0000,0.6421,-1.1480,-0.0000,0.0000,1371,0,0,
26.4722,19880,397645,2558,739,0,0,0,0.6421,-1.3167,0.0000,0.0000,0.6421,-1.1680,-0.0000,0.0000,1372,0,0,
26.5104,19881,397665,2558,724,0,0,0,0.6421,-1.3318,0.0000,0.0000,0.6421,-1.1930,-0.0000,0.0000,1373,0,0,
26.5245,19882,397685,2558,711,0,0,0,0.6421,-1.3449,0.0000,0.0000,0.6421,-1.1980,-0.0000,0.0000,1374,0,0,7.24
26.5323,19883,397705,2558,695,0,0,0,0.6421,-1.3610,0.0000,0.0000,0.6421,-1.2030,-0.0000,0.0000,1375,0,0,
26.5523,19884,397725,2558,681,0,0,0,0.6421,-1.3751,0.0000,0.0000,0.6421,-1.2280,-0.0000,0.0000,1376,0,0,
26.5722,19885,397745,2558,670,0,0,0,0.6421,-1.3862,0.0000,0.0000,0.6421,-1.2481,-0.0000,0.0000,1377,0,0,
26.5923,19886,397765,2558,661,0,0,0,0.6421,-1.3952,0.0000,0.0000,0.6421,-1.2681,-0.0000,0.0000,1378,0,0,
26.6122,19887,397785,2558,656,0,0,0,0.6421,-1.4003,0.0000,0.0000,0.6421,-1.2931,-0.0000,0.0000,1379,0,0,
26.6322,19888,397805,2558,652,0,0,0,0.6421,-1.4043,0.0000,0.0000,0.6421,-1.3131,-0.0000,0.0000,1380,0,0,
26.6522,19889,397825,2559,650,0,0,0,0.6434,-1.4063,0.0000,0.0000,0.6423,-1.3331,-0.0000,0.0000,1381,0,0,
26.6723,19890,397845,2558,648,0,0,0,0.6421,-1.4083,0.0000,0.0000,0.6426,-1.3581,-0.0000,0.0000,1382,0,0,
26.6922,19891,397865,2558,647,0,0,0,0.6421,-1.4093,0.0000,0.0000,0.6424,-1.3755,-0.0000,0.0000,1383,0,0,
26.7123,19892,397885,2558,646,0,0,0,0.6421,-1.4103,0.0000,0.0000,0.6423,-1.3872,-0.0000,0.0000,1384,0,0,
26.7322,19893,397905,2558,645,0,0,0,0.6421,-1.4113,0.0000,0.0000,0.6423,-1.3968,-0.0000,0.0000,1385,0,0,
26.7743,19895,397945,2558,642,0,0,0,0.6421,-1.4143,0.0000,0.0000,0.6422,-1.4010,-0.0000,0.0000,1387,0,0,
26.7922,19896,397965,2558,639,0,0,0,0.6421,-1.4174,0.0000,0.0000,0.6422,-1.4059,-0.0000,0.0000,1388,0,0,
26.8122,19897,397985,2558,636,0,0,0,0.6421,-1.4204,0.0000,0.0000,0.6422,-1.4109,-0.0000,0.0000,1389,0,0,
26.8322,19898,398005,2558,634,0,0,0,0.6421,-1.4224,0.0000,0.0000,0.6422,-1.4144,-0.0000,0.0000,1390,0,0,
26.8523,19899,398025,2558,633,0,0,0,0.6421,-1.4234,0.0000,0.0000,0.6422,-1.4173,-0.0000,0.0000,1391,0,0,
26.8722,19900,398045,2558,632,0,0,0,0.6421,-1.4244,0.0000,0.0000,0.6421,-1.4199,-0.0000,0.0000,1392,0,0,
26.8922,19901,398065,2559,631,0,0,0,0.6434,-1.4254,0.0000,0.0000,0.6423,-1.4215,-0.0000,0.0000,1393,0,0,
26.9122,19902,398085,2559,630,0,0,0,0.6434,-1.4264,0.0000,0.0000,0.6427,-1.4232,-0.0000,0.0000,1394,0,0,
26.9321,19903,398105,2558,630,0,0,0,0.6421,-1.4264,0.0000,0.0000,0.6428,-1.4243,-0.0000,0.0000,1395,0,0,
26.9522,19904,398125,2558,630,0,0,0,0.6421,-1.4264,0.0000,0.0000,0.6426,-1.4251,-0.0000,0.0000,1396,0,0,
26.9722,19905,398145,2558,630,0,0,0,0.6421,-1.4264,0.0000,0.0000,0.6424,-1.4256,-0.0000,0.0000,1397,0,0,
26.9923,19906,398165,2558,630,0,0,0,0.6421,-1.4264,0.0000,0.0000,0.6423,-1.4259,-0.0000,0.0000,1398,0,0,
27.0244,19907,398185,2558,630,0,0,0,0.6421,-1.4264,0.0000,0.0000,0.6423,-1.4261,-0.0000,0.0000,1399,0,0,
27.0322,19908,398205,2558,630,0,0,0,0.6421,-1.4264,0.0000,0.0000,0.6423,-1.4261,-0.0000,0.0000,1400,0,0,
27.0524,19909,398225,2558,630,0,0,0,0.6421,-1.4264,0.0000,0.0000,0.6422,-1.4262,-0.0000,0.0000,1401,0,0,
27.0723,19910,398245,2558,630,0,0,0,0.6421,-1.4264,0.0000,0.0000,0.6422,-1.4263,-0.0000,0.0000,1402,0,0,
27.0922,19911,398265,2558,631,0,0,0,0.6421,-1.4254,0.0000,0.0000,0.6422,-1.4263,-0.0000,0.0000,1403,0,0,
27.1122,19912,398285,2558,631,0,0,0,0.6421,-1.4254,0.0000,0.0000,0.6422,-1.4259,-0.0000,0.0000,1404,0,0,
27.1323,19913,398305,2558,631,0,0,0,0.6421,-1.4254,0.0000,0.0000,0.6421,-1.4258,-0.0000,0.0000,1405,0,0,
27.1522,19914,398325,2558,631,0,0,0,0.6421,-1.4254,0.0000,0.0000,0.6421,-1.4256,-0.0000,0.0000,1406,0,0,
27.1722,19915,398345,2558,631,0,0,0,0.6421,-1.4254,0.0000,0.0000,0.6421,-1.4256,-0.0000,0.0000,1407,0,0,
27.1922,19916,398365,2558,631,0,0,0,0.6421,-1.4254,0.0000,0.0000,0.6421,-1.4255,-0.0000,0.0000,1408,0,0,
27.2122,19917,398385,2558,632,0,0,0,0.6421,-1.4244,0.0000,0.0000,0.6421,-1.4254,-0.0000,0.0000,1409,0,0,
27.2322,19918,398405,2558,631,0,0,0,0.6421,-1.4254,0.0000,0.0000,0.6421,-1.4252,-0.0000,0.0000,1410,0,0,
27.2742,19919,398425,2559,631,0,0,0,0.6434,-1.4254,0.0000,0.0000,0.6423,-1.4253,-0.0000,0.0000,1411,0,0,
27.2745,19920,398445,2558,631,0,0,0,0.6421,-1.4254,0.0000,0.0000,0.6423,-1.4253,-0.0000,0.0000,1412,0,0,
27.2922,19921,398465,2558,631,0,0,0,0.6421,-1.4254,0.0000,0.0000,0.6422,-1.4253,-0.0000,0.0000,1413,0,0,
27.3122,19922,398485,2558,631,0,0,0,0.6421,-1.4254,0.0000,0.0000,0.6422,-1.4254,-0.0000,0.0000,1414,0,0,
27.3322,19923,398505,2558,631,0,0,0,0.6421,-1.4254,0.0000,0.0000,0.6422,-1.4254,-0.0000,0.0000,1415,0,0,
27.3522,19924,398525,2558,630,0,0,0,0.6421,-1.4264,0.0000,0.0000,0.6422,-1.4255,-0.0000,0.0000,1416,0,0,
27.3722,19925,398545,2558,632,0,0,0,0.6421,-1.4244,0.0000,0.0000,0.6422,-1.4256,-0.0000,0.0000,1417,0,0,
27.3922,19926,398565,2558,638,0,0,0,0.6421,-1.4184,0.0000,0.0000,0.6421,-1.4245,-0.0000,0.0000,1418,0,0,
27.4122,19927,398585,2558,644,0,0,0,0.6421,-1.4123,0.0000,0.0000,0.6421,-1.4218,-0.0000,0.0000,1419,0,0,
27.4322,19928,398605,2558,651,0,0,0,0.6421,-1.4053,0.0000,0.0000,0.6421,-1.4179,-0.0000,0.0000,1420,0,0,
27.4523,19929,398625,2558,662,0,0,0,0.6421,-1.3942,0.0000,0.0000,0.6421,-1.4116,0.0000,0.0001,1421,0,0,
27.4722,19930,398645,2558,673,0,0,0,0.6421,-1.3831,0.0000,0.0000,0.6421,-1.4045,0.0000,0.0002,1422,0,0,
27.4922,19931,398665,2558,686,0,0,0,0.6421,-1.3701,0.0000,0.0000,0.6421,-1.3945,0.0000,0.0003,1423,0,0,
27.5312,19932,398685,2558,701,0,0,0,0.6421,-1.3550,0.0000,0.0000,0.6421,-1.3884,0.0000,0.0004,1424,0,0,
27.5331,19933,398705,2558,718,0,0,0,0.6421,-1.3379,0.0000,0.0000,0.6421,-1.3834,0.0000,0.0008,1425,0,0,9.09
27.5523,19934,398725,2558,738,0,0,0,0.6421,-1.3177,0.0000,0.0000,0.6421,-1.3661,0.0000,0.0008,1426,0,0,
27.5722,19935,398745,2558,760,0,0,0,0.6421,-1.2956,0.0000,0.0000,0.6421,-1.3480,0.0000,0.0007,1427,0,0,
27.5922,19936,398765,2558,782,0,0,0,0.6421,-1.2735,0.0000,0.0000,0.6421,-1.3252,0.0000,0.0006,1428,0,0,
27.6122,19937,398785,2558,807,0,0,0,0.6421,-1.2483,0.0000,0.0000,0.6421,-1.3063,0.0000,0.0004,1429,0,0,
27.6322,19938,398805,2558,832,0,0,0,0.6421,-1.2231,0.0000,0.0000,0.6421,-1.2822,0.0000,0.0003,1430,0,0,
27.6564,19939,398825,2558,852,0,0,0,0.6421,-1.2030,0.0000,0.0000,0.6421,-1.2579,0.0000,0.0002,1431,0,0,
27.6722,19940,398845,2558,866,0,0,0,0.6421,-1.1889,0.0000,0.0000,0.6421,-1.2429,0.0000,0.0001,1432,0,0,
27.6922,19941,398865,2558,875,0,0,0,0.6421,-1.1799,0.0000,0.0000,0.6421,-1.2237,0.0000,0.0001,1433,0,0,
27.7122,19942,398885,2558,883,0,0,0,0.6421,-1.1718,0.0000,0.0000,0.6421,-1.2050,0.0000,0.0000,1434,0,0,
27.7322,19943,398905,2558,886,0,0,0,0.6421,-1.1688,0.0000,0.0000,0.6421,-1.1933,0.0000,0.0000,1435,0,0,
27.7522,19944,398925,2558,889,0,0,0,0.6421,-1.1658,0.0000,0.0000,0.6421,-1.1830,0.0000,0.0000,1436,0,0,
27.7880,19945,398945,2558,891,0,0,0,0.6421,-1.1638,0.0000,0.0000,0.6421,-1.1811,0.0000,0.0000,1437,0,0,
27.7923,19946,398965,2558,892,0,0,0,0.6421,-1.1628,0.0000,0.0000,0.6421,-1.1792,0.0000,0.0000,1438,0,0,
27.8122,19947,398985,2558,893,0,0,0,0.6421,-1.1618,0.0000,0.0000,0.6421,-1.1724,0.0000,0.0000,1439,0,0,
27.8322,19948,399005,2558,893,0,0,0,0.6421,-1.1618,0.0000,0.0000,0.6421,-1.1688,0.0000,0.0000,1440,0,0,
27.8522,19949,399025,2558,893,0,0,0,0.6421,-1.1618,0.0000,0.0000,0.6421,-1.1659,0.0000,0.0000,1441,0,0,
27.8722,19950,399045,2558,894,0,0,0,0.6421,-1.1608,0.0000,0.0000,0.6421,-1.1644,0.0000,0.0000,1442,0,0,
27.8922,19951,399065,2558,894,0,0,0,0.6421,-1.1608,0.0000,0.0000,0.6421,-1.1629,0.0000,0.0000,1443,0,0,
27.9122,19952,399085,2558,895,0,0,0,0.6421,-1.1597,0.0000,0.0000,0.6421,-1.1621,0.0000,0.0000,1444,0,0,
27.9322,19953,399105,2558,894,0,0,0,0.6421,-1.1608,0.0000,0.0000,0.6421,-1.1612,0.0000,0.0000,1445,0,0,
27.9522,19954,399125,2558,894,0,0,0,0.6421,-1.1608,0.0000,0.0000,0.6421,-1.1611,-0.0000,0.0000,1446,0,0,
27.9722,19955,399145,2558,894,0,0,0,0.6421,-1.1608,0.0000,0.0000,0.6421,-1.1610,-0.0000,0.0000,1447,0,0,
27.9922,19956,399165,2558,894,0,0,0,0.6421,-1.1608,0.0000,0.0000,0.6421,-1.1609,-0.0000,0.0000,1448,0,0,
28.0243,19957,399185,2559,895,0,0,0,0.6434,-1.1597,0.0000,0.0000,0.6423,-1.1608,-0.0000,0.0000,1449,0,0,
28.0323,19958,399205,2559,897,0,0,0,0.6434,-1.1577,0.0000,0.0000,0.6424,-1.1605,-0.0000,0.0000,1450,0,0,
28.0522,19959,399225,2559,902,0,0,0,0.6434,-1.1527,0.0000,0.0000,0.6428,-1.1588,-0.0000,0.0000,1451,0,0,
28.0722,19960,399245,2559,912,0,0,0,0.6434,-1.1426,0.0000,0.0000,0.6430,-1.1557,-0.0000,0.0001,1452,0,0,
28.0923,19961,399265,2559,929,0,0,0,0.6434,-1.1255,0.0000,0.0000,0.6431,-1.1496,0.0000,0.0003,1453,0,0,
28.1122,19962,399285,2559,948,0,0,0,0.6434,-1.1064,0.0000,0.0000,0.6432,-1.1378,0.0000,0.0006,1454,0,0,
28.1354,19963,399305,2559,973,0,0,0,0.6434,-1.0813,0.0000,0.0000,0.6433,-1.1225,0.0000,0.0009,1455,0,0,
28.1524,19964,399325,2559,1004,0,0,0,0.6434,-1.0501,0.0000,0.0000,0.6433,-1.1096,0.0000,0.0010,1456,0,0,
28.1723,19965,399345,2559,1041,0,0,0,0.6434,-1.0128,0.0000,0.0000,0.6434,-1.0852,0.0000,0.0006,1457,0,0,
28.1923,19966,399365,2559,1082,0,0,0,0.6434,-0.9716,0.0000,0.0000,0.6434,-1.0652,0.0000,0.0004,1458,0,0,
28.2123,19967,399385,2559,1125,0,0,0,0.6434,-0.9283,0.0000,0.0000,0.6434,-1.0452,0.0000,0.0002,1459,0,0,
28.2325,19968,399405,2559,1173,0,0,0,0.6434,-0.8800,0.0000,0.0000,0.6434,-1.0203,0.0000,0.0001,1460,0,0,
28.2524,19969,399425,2559,1223,0,0,0,0.6434,-0.8297,0.0000,0.0000,0.6434,-1.0003,0.0000,0.0001,1461,0,0,
28.2812,19970,399445,2558,1274,0,0,0,0.6421,-0.7784,0.0000,0.0000,0.6433,-0.9853,0.0000,0.0001,1462,0,0,
28.2951,19971,399465,2558,1326,0,0,0,0.6421,-0.7260,0.0000,0.0000,0.6431,-0.9753,0.0000,0.0001,1463,0,0,
28.3123,19972,399485,2558,1381,0,0,0,0.6421,-0.6707,0.0000,0.0000,0.6428,-0.9603,0.0000,0.0000,1464,0,0,
28.3323,19973,399505,2558,1434,0,0,0,0.6421,-0.6174,0.0000,0.0000,0.6425,-0.9353,0.0000,0.0000,1465,0,0,
28.3523,19974,399525,2558,1487,0,0,0,0.6421,-0.5640,0.0000,0.0000,0.6424,-0.9153,0.0000,0.0000,1466,0,0,
28.3724,19975,399545,2558,1538,0,0,0,0.6421,-0.5127,0.0000,0.0000,0.6423,-0.8903,0.0000,0.0000,1467,0,0,
28.3923,19976,399565,2558,1588,0,0,0,0.6421,-0.4624,0.0000,0.0000,0.6422,-0.8703,0.0000,0.0000,1468,0,0,
28.4124,19977,399585,2558,1634,0,0,0,0.6421,-0.4161,0.0000,0.0000,0.6422,-0.8504,0.0000,0.0000,1469,0,0,
28.4323,19978,399605,2558,1679,0,0,0,0.6421,-0.3708,0.0000,0.0000,0.6422,-0.8254,0.0000,0.0000,1470,0,0,
28.4547,19979,399625,2558,1719,0,0,0,0.6421,-0.3306,0.0000,0.0000,0.6422,-0.8004,0.0000,0.0000,1471,0,0,
28.4724,19980,399645,2558,1757,0,0,0,0.6421,-0.2923,0.0000,0.0000,0.6422,-0.7854,0.0000,0.0000,1472,0,0,
28.4923,19981,399665,2558,1792,0,0,0,0.6421,-0.2571,0.0000,0.0000,0.6421,-0.7604,0.0000,0.0000,1473,0,0,
28.5124,19982,399685,2558,1820,0,0,0,0.6421,-0.2289,0.0000,0.0000,0.6421,-0.7404,-0.0000,0.0000,1474,0,0,
28.5382,19983,399705,2558,1840,0,0,0,0.6421,-0.2088,0.0000,0.0000,0.6421,-0.7304,-0.0000,0.0000,1475,0,0,2.17
28.5590,19984,399725,2558,1854,0,0,0,0.6421,-0.1947,0.0000,0.0000,0.6421,-0.7105,-0.0000,0.0000,1476,0,0,
28.5724,19985,399745,2559,1862,0,0,0,0.6434,-0.1867,0.0000,0.0000,0.6423,-0.6955,-0.0000,0.0000,1477,0,0,
28.5924,19986,399765,2559,1868,0,0,0,0.6434,-0.1806,0.0000,0.0000,0.6427,-0.6755,-0.0000,0.0000,1478,0,0,
28.6124,19987,399785,2559,1872,0,0,0,0.6434,-0.1766,0.0000,0.0000,0.6429,-0.6555,-0.0000,0.0000,1479,0,0,
28.6324,19988,399805,2559,1874,0,0,0,0.6434,-0.1746,0.0000,0.0000,0.6431,-0.6305,-0.0000,0.0000,1480,0,0,
28.6523,19989,399825,2559,1875,0,0,0,0.6434,-0.1736,0.0000,0.0000,0.6432,-0.6105,-0.0000,0.0000,1481,0,0,
28.6724,19990,399845,2559,1876,0,0,0,0.6434,-0.1726,0.0000,0.0000,0.6433,-0.5905,-0.0000,0.0000,1482,0,0,
28.6924,19991,399865,2559,1877,0,0,0,0.6434,-0.1716,0.0000,0.0000,0.6433,-0.5655,-0.0000,0.0000,1483,0,0,
28.7123,19992,399885,2559,1877,0,0,0,0.6434,-0.1716,0.0000,0.0000,0.6433,-0.5455,-0.0000,0.0000,1484,0,0,
28.7324,19993,399905,2559,1877,0,0,0,0.6434,-0.1716,0.0000,0.0000,0.6434,-0.5206,-0.0000,0.0000,1485,0,0,
28.7524,19994,399925,2558,1877,0,0,0,0.6421,-0.1716,0.0000,0.0000,0.6433,-0.5006,-0.0000,0.0000,1486,0,0,
28.7880,19995,399945,2558,1877,0,0,0,0.6421,-0.1716,0.0000,0.0000,0.6429,-0.4806,-0.0000,0.0000,1487,0,0,
28.7951,19996,399965,2558,1877,0,0,0,0.6421,-0.1716,0.0000,0.0000,0.6428,-0.4756,-0.0000,0.0000,1488,0,0,
28.8124,19997,399985,2559,1878,0,0,0,0.6434,-0.1706,0.0000,0.0000,0.6427,-0.4606,-0.0000,0.0000,1489,0,0,
28.8324,19998,400005,2559,1877,0,0,0,0.6434,-0.1716,0.0000,0.0000,0.6430,-0.4356,-0.0000,0.0000,1490,0,0,
28.8524,19999,400025,2559,1876,0,0,0,0.6434,-0.1726,0.0000,0.0000,0.6431,-0.4156,-0.0000,0.0000,1491,0,0,
28.8724,20000,400045,2559,1874,0,0,0,0.6434,-0.1746,0.0000,0.0000,0.6432,-0.3906,-0.0000,0.0000,1492,0,0,
28.8924,20001,400065,2559,1872,0,0,0,0.6434,-0.1766,0.0000,0.0000,0.6433,-0.3707,-0.0000,0.0000,1493,0,0,
28.9123,20002,400085,2559,1870,0,0,0,0.6434,-0.1786,0.0000,0.0000,0.6433,-0.3507,-0.0000,0.0000,1494,0,0,
28.9324,20003,400105,2559,1868,0,0,0,0.6434,-0.1806,0.0000,0.0000,0.6434,-0.3257,-0.0000,0.0000,1495,0,0,
28.9524,20004,400125,2558,1867,0,0,0,0.6421,-0.1816,0.0000,0.0000,0.6432,-0.3057,-0.0000,0.0000,1496,0,0,
28.9723,20005,400145,2558,1868,0,0,0,0.6421,-0.1806,0.0000,0.0000,0.6429,-0.2857,-0.0000,0.0000,1497,0,0,
28.9923,20006,400165,2558,1869,0,0,0,0.6421,-0.1796,0.0000,0.0000,0.6426,-0.2607,-0.0000,0.0000,1498,0,0,
29.0124,20007,400185,2558,1873,0,0,0,0.6421,-0.1756,0.0000,0.0000,0.6424,-0.2407,-0.0000,0.0000,1499,0,0,
29.0523,20009,400225,2558,1887,0,0,0,0.6421,-0.1615,0.0000,0.0000,0.6423,-0.2207,-0.0000,0.0000,1501,0,0,
29.0724,20010,400245,2558,1897,0,0,0,0.6421,-0.1514,0.0000,0.0000,0.6423,-0.2008,-0.0000,0.0000,1502,0,0,
29.0924,20011,400265,2558,1910,0,0,0,0.6421,-0.1384,0.0000,0.0000,0.6422,-0.1825,-0.0000,0.0000,1503,0,0,
29.1124,20012,400285,2558,1924,0,0,0,0.6421,-0.1243,0.0000,0.0000,0.6422,-0.1630,-0.0000,0.0000,1504,0,0,
29.1325,20013,400305,2558,1942,0,0,0,0.6421,-0.1062,0.0000,0.0000,0.6422,-0.1479,0.0000,0.0001,1505,0,0,
29.1524,20014,400325,2558,1961,0,0,0,0.6421,-0.0870,0.0000,0.0000,0.6422,-0.1289,0.0000,0.0002,1506,0,0,
29.1724,20015,400345,2558,1982,0,0,0,0.6421,-0.0659,0.0000,0.0000,0.6422,-0.1125,0.0000,0.0003,1507,0,0,
29.1924,20016,400365,2558,2007,0,0,0,0.6421,-0.0408,0.0000,0.0000,0.6421,-0.0949,0.0000,0.0002,1508,0,0,
29.2124,20017,400385,2558,2033,0,0,0,0.6421,-0.0146,0.0000,0.0000,0.6421,-0.0716,-0.0000,0.0001,1509,0,0,
29.2323,20018,400405,2558,2061,0,0,0,0.6421,0.0136,0.0000,0.0000,0.6421,-0.0519,-0.0000,0.0001,1510,0,0,
29.2529,20019,400425,2558,2085,0,0,0,0.6421,0.0377,0.0000,0.0000,0.6421,-0.0269,-0.0000,0.0001,1511,0,0,
29.2811,20020,400445,2558,2111,0,0,0,0.6421,0.0639,0.0000,0.0000,0.6421,-0.0069,-0.0000,0.0000,1512,0,0,
29.2951,20021,400465,2557,2139,0,0,0,0.6409,0.0921,0.0000,0.0000,0.6420,-0.0019,-0.0000,0.0000,1513,0,0,
29.3123,20022,400485,2557,2166,0,0,0,0.6409,0.1192,0.0000,0.0000,0.6417,0.0131,-0.0000,0.0000,1514,0,0,
29.3324,20023,400505,2557,2194,0,0,0,0.6409,0.1474,0.0000,0.0000,0.6414,0.0381,-0.0000,0.0000,1515,0,0,
29.3524,20024,400525,2557,2225,0,0,0,0.6409,0.1786,0.0000,0.0000,0.6412,0.0581,0.0000,0.0000,1516,0,0,
29.3723,20025,400545,2557,2255,0,0,0,0.6409,0.2088,0.0000,0.0000,0.6411,0.0831,-0.0000,0.0000,1517,0,0,
29.3923,20026,400565,2558,2288,0,0,0,0.6421,0.2420,0.0000,0.0000,0.6411,0.1031,-0.0000,0.0000,1518,0,0,
29.4124,20027,400585,2558,2316,0,0,0,0.6421,0.2702,0.0000,0.0000,0.6415,0.1231,-0.0000,0.0000,1519,0,0,
29.4323,20028,400605,2558,2339,0,0,0,0.6421,0.2933,0.0000,0.0000,0.6417,0.1431,-0.0000,0.0000,1520,0,0,
29.4524,20029,400625,2558,2358,0,0,0,0.6421,0.3125,0.0000,0.0000,0.6419,0.1681,-0.0000,-0.0000,1521,0,0,
29.4724,20030,400645,2558,2377,0,0,0,0.6421,0.3316,0.0000,0.0000,0.6420,0.1881,-0.0000,-0.0000,1522,0,0,
29.4923,20031,400665,2558,2390,0,0,0,0.6421,0.3447,0.0000,0.0000,0.6420,0.2132,-0.0000,-0.0000,1523,0,0,
29.5123,20032,400685,2558,2403,0,0,0,0.6421,0.3577,0.0000,0.0000,0.6421,0.2332,-0.0000,-0.0000,1524,0,0,
29.5518,20033,400705,2559,2412,0,0,0,0.6434,0.3668,0.0000,0.0000,0.6422,0.2482,-0.0000,-0.0000,1525,0,0,
29.5524,20034,400725,2559,2417,0,0,0,0.6434,0.3718,0.0000,0.0000,0.6423,0.2532,-0.0000,-0.0000,1526,0,0,2.13
29.5728,20035,400745,2558,2421,0,0,0,0.6421,0.3758,0.0000,0.0000,0.6426,0.2732,-0.0000,-0.0000,1527,0,0,
29.5923,20036,400765,2558,2423,0,0,0,0.6421,0.3779,0.0000,0.0000,0.6424,0.2932,-0.0000,-0.0000,1528,0,0,
29.6124,20037,400785,2558,2424,0,0,0,0.6421,0.3789,0.0000,0.0000,0.6423,0.3182,-0.0000,-0.0000,1529,0,0,
29.6324,20038,400805,2558,2426,0,0,0,0.6421,0.3809,0.0000,0.0000,0.6422,0.3380,-0.0000,-0.0000,1530,0,0,
29.6524,20039,400825,2558,2428,0,0,0,0.6421,0.3829,0.0000,0.0000,0.6422,0.3558,-0.0000,-0.0000,1531,0,0,
29.6769,20040,400845,2558,2428,0,0,0,0.6421,0.3829,0.0000,0.0000,0.6422,0.3669,0.0000,-0.0000,1532,0,0,
29.6923,20041,400865,2558,2428,0,0,0,0.6421,0.3829,0.0000,0.0000,0.6422,0.3712,-0.0000,-0.0000,1533,0,0,
29.7124,20042,400885,2558,2428,0,0,0,0.6421,0.3829,0.0000,0.0000,0.6422,0.3752,-0.0000,-0.0000,1534,0,0,
29.7323,20043,400905,2558,2427,0,0,0,0.6421,0.3819,0.0000,0.0000,0.6421,0.3783,0.0000,-0.0000,1535,0,0,
29.7524,20044,400925,2558,2427,0,0,0,0.6421,0.3819,0.0000,0.0000,0.6421,0.3795,-0.0000,-0.0000,1536,0,0,
29.7724,20045,400945,2558,2427,0,0,0,0.6421,0.3819,0.0000,0.0000,0.6421,0.3805,-0.0000,-0.0000,1537,0,0,
29.8019,20046,400965,2558,2427,0,0,0,0.6421,0.3819,0.0000,0.0000,0.6421,0.3808,-0.0000,-0.0000,1538,0,0,
29.8124,20047,400985,2558,2427,0,0,0,0.6421,0.3819,0.0000,0.0000,0.6421,0.3810,-0.0000,-0.0000,1539,0,0,
29.8324,20048,401005,2558,2428,0,0,0,0.6421,0.3829,0.0000,0.0000,0.6421,0.3814,-0.0000,-0.0000,1540,0,0,
29.8524,20049,401025,2558,2428,0,0,0,0.6421,0.3829,0.0000,0.0000,0.6421,0.3820,-0.0000,-0.0000,1541,0,0,
29.8725,20050,401045,2558,2428,0,0,0,0.6421,0.3829,0.0000,0.0000,0.6421,0.3823,-0.0000,-0.0000,1542,0,0,
29.8923,20051,401065,2558,2429,0,0,0,0.6421,0.3839,0.0000,0.0000,0.6421,0.3826,0.0000,-0.0000,1543,0,0,
29.9124,20052,401085,2558,2430,0,0,0,0.6421,0.3849,0.0000,0.0000,0.6421,0.3833,-0.0000,-0.0000,1544,0,0,
29.9324,20053,401105,2558,2432,0,0,0,0.6421,0.3869,0.0000,0.0000,0.6421,0.3840,-0.0000,-0.0000,1545,0,0,
29.9524,20054,401125,2558,2436,0,0,0,0.6421,0.3909,0.0000,0.0000,0.6421,0.3856,-0.0000,-0.0000,1546,0,0,
29.9724,20055,401145,2558,2441,0,0,0,0.6421,0.3960,0.0000,0.0000,0.6421,0.3880,-0.0000,-0.0000,1547,0,0,
29.9925,20056,401165,2558,2450,0,0,0,0.6421,0.4050,0.0000,0.0000,0.6421,0.3922,-0.0000,-0.0000,1548,0,0,
30.0123,20057,401185,2558,2459,0,0,0,0.6421,0.4141,0.0000,0.0000,0.6421,0.3975,-0.0000,-0.0000,1549,0,0,
30.0524,20059,401225,2558,2477,0,0,0,0.6421,0.4322,0.0000,0.0000,0.6421,0.4061,-0.0000,0.0001,1551,0,0,
30.0724,20060,401245,2558,2488,0,0,0,0.6421,0.4433,0.0000,0.0000,0.6421,0.4162,-0.0000,0.0001,1552,0,0,
30.0924,20061,401265,2558,2500,0,0,0,0.6421,0.4553,0.0000,0.0000,0.6421,0.4267,0.0000,0.0000,1553,0,0,
30.1123,20062,401285,2558,2515,0,0,0,0.6421,0.4704,0.0000,0.0000,0.6421,0.4400,-0.0000,0.0000,1554,0,0,
30.1325,20063,401305,2558,2530,0,0,0,0.6421,0.4855,0.0000,0.0000,0.6421,0.4520,0.0000,0.0000,1555,0,0,
30.1524,20064,401325,2558,2552,0,0,0,0.6421,0.5077,0.0000,0.0000,0.6421,0.4679,-0.0000,0.0002,1556,0,0,
30.1724,20065,401345,2558,2574,0,0,0,0.6421,0.5298,0.0000,0.0000,0.6421,0.4837,0.0000,0.0002,1557,0,0,
30.1924,20066,401365,2558,2597,0,0,0,0.6421,0.5530,0.0000,0.0000,0.6421,0.5046,0.0000,0.0002,1558,0,0,
30.2124,20067,401385,2558,2624,0,0,0,0.6421,0.5801,0.0000,0.0000,0.6421,0.5227,-0.0000,0.0001,1559,0,0,
30.2323,20068,401405,2558,2651,0,0,0,0.6421,0.6073,0.0000,0.0000,0.6421,0.5424,-0.0000,0.0001,1560,0,0,
30.2524,20069,401425,2558,2677,0,0,0,0.6421,0.6335,0.0000,0.0000,0.6421,0.5674,-0.0000,0.0000,1561,0,0,
30.2741,20070,401445,2558,2706,0,0,0,0.6421,0.6626,0.0000,0.0000,0.6421,0.5924,-0.0000,0.0000,1562,0,0,
30.3020,20071,401465,2558,2734,0,0,0,0.6421,0.6908,0.0000,0.0000,0.6421,0.6024,-0.0000,0.0000,1563,0,0,
30.3124,20072,401485,2558,2761,0,0,0,0.6421,0.7180,0.0000,0.0000,0.6421,0.6124,-0.0000,0.0000,1564,0,0,
30.3324,20073,401505,2558,2791,0,0,0,0.6421,0.7482,0.0000,0.0000,0.6421,0.6325,0.0000,0.0000,1565,0,0,
30.3524,20074,401525,2558,2822,0,0,0,0.6421,0.7794,0.0000,0.0000,0.6421,0.6575,0.0000,0.0000,1566,0,0,
30.3724,20075,401545,2558,2852,0,0,0,0.6421,0.8096,0.0000,0.0000,0.6421,0.6775,-0.0000,0.0000,1567,0,0,
30.3924,20076,401565,2557,2883,0,0,0,0.6409,0.8408,0.0000,0.0000,0.6420,0.6975,-0.0000,0.0000,1568,0,0,
30.4124,20077,401585,2556,2916,0,0,0,0.6396,0.8740,0.0000,0.0000,0.6414,0.7225,-0.0000,0.0000,1569,0,0,
30.4324,20078,401605,2557,2953,0,0,0,0.6409,0.9112,0.0000,0.0000,0.6409,0.7425,-0.0000,-0.0000,1570,0,0,
30.4523,20079,401625,2558,2990,0,0,0,0.6421,0.9484,0.0000,0.0000,0.6410,0.7675,0.0000,-0.0000,1571,0,0,
30.4723,20080,401645,2558,3032,0,0,0,0.6421,0.9907,0.0000,0.0000,0.6414,0.7875,-0.0000,-0.0000,1572,0,0,
30.4924,20081,401665,2558,3072,0,0,0,0.6421,1.0309,0.0000,0.0000,0.6417,0.8075,-0.0000,-0.0000,1573,0,0,
30.5123,20082,401685,2558,3107,0,0,0,0.6421,1.0662,0.0000,0.0000,0.6419,0.8326,-0.0000,-0.0000,1574,0,0,
30.5448,20083,401705,2558,3130,0,0,0,0.6421,1.0893,0.0000,0.0000,0.6420,0.8526,-0.0000,-0.0000,1575,0,0,
30.5589,20084,401725,2558,3146,0,0,0,0.6421,1.1054,0.0000,0.0000,0.6420,0.8576,0.0000,-0.0000,1576,0,0,2.05
30.5725,20085,401745,2558,3157,0,0,0,0.6421,1.1165,0.0000,0.0000,0.6420,0.8726,-0.0000,-0.0000,1577,0,0,
30.5924,20086,401765,2559,3164,0,0,0,0.6434,1.1235,0.0000,0.0000,0.6422,0.8926,-0.0000,-0.0000,1578,0,0,
30.6124,20087,401785,2559,3168,0,0,0,0.6434,1.1275,0.0000,0.0000,0.6426,0.9126,-0.0000,-0.0000,1579,0,0,
30.6350,20088,401805,2558,3170,0,0,0,0.6421,1.1296,0.0000,0.0000,0.6428,0.9376,-0.0000,-0.0000,1580,0,0,
30.6524,20089,401825,2558,3172,0,0,0,0.6421,1.1316,0.0000,0.0000,0.6426,0.9576,-0.0000,-0.0000,1581,0,0,
30.6724,20090,401845,2558,3174,0,0,0,0.6421,1.1336,0.0000,0.0000,0.6424,0.9776,0.0000,-0.0000,1582,0,0,
30.6924,20091,401865,2557,3176,0,0,0,0.6409,1.1356,0.0000,0.0000,0.6422,1.0026,-0.0000,-0.0000,1583,0,0,
30.7123,20092,401885,2558,3177,0,0,0,0.6421,1.1366,0.0000,0.0000,0.6419,1.0226,-0.0000,-0.0000,1584,0,0,
30.7392,20093,401905,2558,3177,0,0,0,0.6421,1.1366,0.0000,0.0000,0.6420,1.0476,-0.0000,-0.0000,1585,0,0,
30.7525,20094,401925,2558,3177,0,0,0,0.6421,1.1366,0.0000,0.0000,0.6420,1.0627,-0.0000,-0.0000,1586,0,0,
30.7724,20095,401945,2558,3176,0,0,0,0.6421,1.1356,0.0000,0.0000,0.6421,1.0877,-0.0000,-0.0000,1587,0,0,
30.8019,20096,401965,2557,3176,0,0,0,0.6409,1.1356,0.0000,0.0000,0.6420,1.1042,-0.0000,-0.0000,1588,0,0,
30.8124,20097,401985,2557,3176,0,0,0,0.6409,1.1356,0.0000,0.0000,0.6418,1.1101,-0.0000,-0.0000,1589,0,0,
30.8324,20098,402005,2557,3176,0,0,0,0.6409,1.1356,0.0000,0.0000,0.6415,1.1189,0.0000,-0.0000,1590,0,0,
30.8524,20099,402025,2558,3175,0,0,0,0.6421,1.1346,0.0000,0.0000,0.6413,1.1256,-0.0000,-0.0000,1591,0,0,
30.8724,20100,402045,2558,3175,0,0,0,0.6421,1.1346,0.0000,0.0000,0.6416,1.1287,-0.0000,-0.0000,1592,0,0,
30.8924,20101,402065,2558,3175,0,0,0,0.6421,1.1346,0.0000,0.0000,0.6418,1.1308,-0.0000,-0.0000,1593,0,0,
30.9124,20102,402085,2558,3175,0,0,0,0.6421,1.1346,0.0000,0.0000,0.6419,1.1323,0.0000,-0.0000,1594,0,0,
30.9324,20103,402105,2558,3175,0,0,0,0.6421,1.1346,0.0000,0.0000,0.6420,1.1331,-0.0000,-0.0000,1595,0,0,
30.9523,20104,402125,2558,3175,0,0,0,0.6421,1.1346,0.0000,0.0000,0.6421,1.1337,-0.0000,-0.0000,1596,0,0,
30.9724,20105,402145,2558,3176,0,0,0,0.6421,1.1356,0.0000,0.0000,0.6421,1.1341,-0.0000,-0.0000,1597,0,0,
30.9923,20106,402165,2558,3176,0,0,0,0.6421,1.1356,0.0000,0.0000,0.6421,1.1346,-0.0000,-0.0000,1598,0,0,
31.0124,20107,402185,2558,3176,0,0,0,0.6421,1.1356,0.0000,0.0000,0.6421,1.1350,-0.0000,-0.0000,1599,0,0,
31.0324,20108,402205,2558,3175,0,0,0,0.6421,1.1346,0.0000,0.0000,0.6421,1.1351,-0.0000,-0.0000,1600,0,0,
31.0587,20109,402225,2558,3175,0,0,0,0.6421,1.1346,0.0000,0.0000,0.6421,1.1351,-0.0000,-0.0000,1601,0,0,
31.0724,20110,402245,2558,3176,0,0,0,0.6421,1.1356,0.0000,0.0000,0.6421,1.1351,0.0000,-0.0000,1602,0,0,
31.0924,20111,402265,2558,3177,0,0,0,0.6421,1.1366,0.0000,0.0000,0.6421,1.1354,-0.0000,-0.0000,1603,0,0,
31.1124,20112,402285,2558,3177,0,0,0,0.6421,1.1366,0.0000,0.0000,0.6421,1.1358,-0.0000,-0.0000,1604,0,0,
31.1323,20113,402305,2558,3176,0,0,0,0.6421,1.1356,0.0000,0.0000,0.6421,1.1360,-0.0000,-0.0000,1605,0,0,
31.1524,20114,402325,2558,3177,0,0,0,0.6421,1.1366,0.0000,0.0000,0.6421,1.1360,0.0000,-0.0000,1606,0,0,
31.1724,20115,402345,2558,3177,0,0,0,0.6421,1.1366,0.0000,0.0000,0.6421,1.1362,-0.0000,-0.0000,1607,0,0,
31.1925,20116,402365,2558,3178,0,0,0,0.6421,1.1376,0.0000,0.0000,0.6421,1.1365,-0.0000,-0.0000,1608,0,0,
31.2123,20117,402385,2558,3177,0,0,0,0.6421,1.1366,0.0000,0.0000,0.6421,1.1368,-0.0000,-0.0000,1609,0,0,
31.2323,20118,402405,2558,3176,0,0,0,0.6421,1.1356,0.0000,0.0000,0.6421,1.1366,-0.0000,-0.0000,1610,0,0,
31.2524,20119,402425,2558,3171,0,0,0,0.6421,1.1306,0.0000,0.0000,0.6421,1.1358,-0.0000,-0.0000,1611,0,0,
31.2724,20120,402445,2558,3159,0,0,0,0.6421,1.1185,0.0000,0.0000,0.6421,1.1328,-0.0000,-0.0000,1612,0,0,
31.3018,20121,402465,2558,3141,0,0,0,0.6421,1.1004,0.0000,0.0000,0.6421,1.1261,0.0000,-0.0000,1613,0,0,
31.3124,20122,402485,2558,3113,0,0,0,0.6421,1.0722,0.0000,0.0000,0.6421,1.1211,0.0000,-0.0000,1614,0,0,
31.3323,20123,402505,2558,3082,0,0,0,0.6421,1.0410,0.0000,0.0000,0.6421,1.0993,0.0000,-0.0000,1615,0,0,
31.3524,20124,402525,2558,3044,0,0,0,0.6421,1.0028,0.0000,0.0000,0.6421,1.0795,0.0000,-0.0000,1616,0,0,
31.3724,20125,402545,2558,2998,0,0,0,0.6421,0.9565,0.0000,0.0000,0.6421,1.0545,0.0000,-0.0000,1617,0,0,
31.3924,20126,402565,2558,2948,0,0,0,0.6421,0.9062,0.0000,0.0000,0.6421,1.0345,0.0000,-0.0000,1618,0,0,
31.4124,20127,402585,2558,2897,0,0,0,0.6421,0.8548,0.0000,0.0000,0.6421,1.0145,0.0000,-0.0000,1619,0,0,
31.4324,20128,402605,2558,2844,0,0,0,0.6421,0.8015,0.0000,0.0000,0.6421,0.9895,0.0000,-0.0000,1620,0,0,
31.4524,20129,402625,2558,2788,0,0,0,0.6421,0.7452,0.0000,0.0000,0.6421,0.9695,0.0000,-0.0000,1621,0,0,
31.4724,20130,402645,2558,2728,0,0,0,0.6421,0.6848,0.0000,0.0000,0.6421,0.9495,0.0000,-0.0000,1622,0,0,
31.4925,20131,402665,2558,2662,0,0,0,0.6421,0.6184,0.0000,0.0000,0.6421,0.9245,0.0000,-0.0000,1623,0,0,
31.5124,20132,402685,2558,2594,0,0,0,0.6421,0.5499,0.0000,0.0000,0.6421,0.9045,0.0000,-0.0000,1624,0,0,
31.5324,20133,402705,2558,2526,0,0,0,0.6421,0.4815,0.0000,0.0000,0.6421,0.8796,0.0000,-0.0000,1625,0,0,
31.5588,20134,402725,2558,2459,0,0,0,0.6421,0.4141,0.0000,0.0000,0.6421,0.8696,0.0000,-0.0000,1626,0,0,2.07
31.5724,20135,402745,2558,2396,0,0,0,0.6421,0.3507,0.0000,0.0000,0.6421,0.8546,0.0000,-0.0000,1627,0,0,
31.5924,20136,402765,2558,2334,0,0,0,0.6421,0.2883,0.0000,0.0000,0.6421,0.8346,0.0000,-0.0000,1628,0,0,
31.6124,20137,402785,2558,2278,0,0,0,0.6421,0.2319,0.0000,0.0000,0.6421,0.8146,0.0000,-0.0000,1629,0,0,
31.6351,20138,402805,2558,2226,0,0,0,0.6421,0.1796,0.0000,0.0000,0.6421,0.7846,0.0000,-0.0000,1630,0,0,
31.6524,20139,402825,2559,2185,0,0,0,0.6434,0.1384,0.0000,0.0000,0.6423,0.7696,0.0000,-0.0000,1631,0,0,
31.6724,20140,402845,2558,2154,0,0,0,0.6421,0.1072,0.0000,0.0000,0.6426,0.7446,0.0000,-0.0000,1632,0,0,
31.6924,20141,402865,2558,2130,0,0,0,0.6421,0.0830,0.0000,0.0000,0.6424,0.7247,0.0000,-0.0000,1633,0,0,
31.7123,20142,402885,2558,2112,0,0,0,0.6421,0.0649,0.0000,0.0000,0.6423,0.7047,0.0000,-0.0000,1634,0,0,
31.7324,20143,402905,2558,2100,0,0,0,0.6421,0.0528,0.0000,0.0000,0.6423,0.6797,0.0000,-0.0000,1635,0,0,
31.7524,20144,402925,2558,2092,0,0,0,0.6421,0.0448,0.0000,0.0000,0.6422,0.6597,0.0000,-0.0000,1636,0,0,
31.7724,20145,402945,2558,2087,0,0,0,0.6421,0.0397,0.0000,0.0000,0.6422,0.6397,0.0000,-0.0000,1637,0,0,
31.8156,20147,402985,2558,2083,0,0,0,0.6421,0.0357,0.0000,0.0000,0.6422,0.6197,0.0000,-0.0000,1639,0,0,
31.8325,20148,403005,2558,2082,0,0,0,0.6421,0.0347,0.0000,0.0000,0.6422,0.5997,-0.0000,-0.0000,1640,0,0,
31.8524,20149,403025,2558,2080,0,0,0,0.6421,0.0327,0.0000,0.0000,0.6422,0.5747,-0.0000,-0.0000,1641,0,0,
31.8724,20150,403045,2559,2080,0,0,0,0.6434,0.0327,0.0000,0.0000,0.6423,0.5547,0.0000,-0.0000,1642,0,0,
31.8925,20151,403065,2559,2079,0,0,0,0.6434,0.0317,0.0000,0.0000,0.6427,0.5347,-0.0000,-0.0000,1643,0,0,
31.9123,20152,403085,2558,2079,0,0,0,0.6421,0.0317,0.0000,0.0000,0.6428,0.5098,-0.0000,-0.0000,1644,0,0,
31.9323,20153,403105,2558,2078,0,0,0,0.6421,0.0307,0.0000,0.0000,0.6426,0.4898,-0.0000,-0.0000,1645,0,0,
31.9524,20154,403125,2558,2079,0,0,0,0.6421,0.0317,0.0000,0.0000,0.6424,0.4698,-0.0000,-0.0000,1646,0,0,
31.9723,20155,403145,2558,2079,0,0,0,0.6421,0.0317,0.0000,0.0000,0.6423,0.4448,-0.0000,-0.0000,1647,0,0,
31.9924,20156,403165,2558,2079,0,0,0,0.6421,0.0317,0.0000,0.0000,0.6423,0.4248,-0.0000,-0.0000,1648,0,0,
32.0124,20157,403185,2558,2079,0,0,0,0.6421,0.0317,0.0000,0.0000,0.6422,0.3998,-0.0000,-0.0000,1649,0,0,
32.0323,20158,403205,2558,2079,0,0,0,0.6421,0.0317,0.0000,0.0000,0.6422,0.3798,0.0000,-0.0000,1650,0,0,
32.0654,20159,403225,2558,2079,0,0,0,0.6421,0.0317,0.0000,0.0000,0.6422,0.3698,-0.0000,-0.0000,1651,0,0,
32.0728,20160,403245,2558,2079,0,0,0,0.6421,0.0317,0.0000,0.0000,0.6422,0.3598,-0.0000,-0.0000,1652,0,0,
32.0923,20161,403265,2558,2079,0,0,0,0.6421,0.0317,0.0000,0.0000,0.6422,0.3398,-0.0000,-0.0000,1653,0,0,
32.1123,20162,403285,2558,2078,0,0,0,0.6421,0.0307,0.0000,0.0000,0.6422,0.3198,0.0000,-0.0000,1654,0,0,
32.1324,20163,403305,2558,2078,0,0,0,0.6421,0.0307,0.0000,0.0000,0.6421,0.2949,-0.0000,-0.0000,1655,0,0,
32.1524,20164,403325,2558,2076,0,0,0,0.6421,0.0287,0.0000,0.0000,0.6421,0.2749,-0.0000,-0.0000,1656,0,0,
32.1723,20165,403345,2558,2074,0,0,0,0.6421,0.0267,0.0000,0.0000,0.6421,0.2549,-0.0000,-0.0000,1657,0,0,
32.1924,20166,403365,2558,2070,0,0,0,0.6421,0.0226,0.0000,0.0000,0.6421,0.2299,0.0000,-0.0000,1658,0,0,
32.2123,20167,403385,2558,2059,0,0,0,0.6421,0.0116,0.0000,0.0000,0.6421,0.2099,-0.0000,-0.0000,1659,0,0,
32.2324,20168,403405,2559,2047,0,0,0,0.6434,-0.0005,0.0000,0.0000,0.6423,0.1849,-0.0000,-0.0000,1660,0,0,
32.2524,20169,403425,2559,2031,0,0,0,0.6434,-0.0166,0.0000,0.0000,0.6427,0.1649,0.0000,-0.0000,1661,0,0,
32.2724,20170,403445,2559,2016,0,0,0,0.6434,-0.0317,0.0000,0.0000,0.6429,0.1449,-0.0000,-0.0000,1662,0,0,
32.3085,20171,403465,2559,1999,0,0,0,0.6434,-0.0488,0.0000,0.0000,0.6431,0.1199,-0.0000,-0.0000,1663,0,0,
32.3124,20172,403485,2559,1981,0,0,0,0.6434,-0.0669,0.0000,0.0000,0.6431,0.1149,-0.0000,-0.0000,1664,0,0,
32.3365,20173,403505,2559,1963,0,0,0,0.6434,-0.0850,0.0000,0.0000,0.6433,0.0849,-0.0000,-0.0000,1665,0,0,
32.3524,20174,403525,2558,1947,0,0,0,0.6421,-0.1011,0.0000,0.0000,0.6432,0.0700,-0.0000,-0.0000,1666,0,0,
32.3724,20175,403545,2558,1931,0,0,0,0.6421,-0.1172,0.0000,0.0000,0.6428,0.0500,0.0000,-0.0000,1667,0,0,
32.3924,20176,403565,2558,1915,0,0,0,0.6421,-0.1333,0.0000,0.0000,0.6425,0.0250,-0.0000,-0.0000,1668,0,0,
32.4124,20177,403585,2558,1899,0,0,0,0.6421,-0.1494,0.0000,0.0000,0.6424,0.0050,-0.0000,-0.0000,1669,0,0,
32.4325,20178,403605,2558,1884,0,0,0,0.6421,-0.1645,0.0000,0.0000,0.6423,-0.0200,-0.0000,0.0000,1670,0,0,
32.4524,20179,403625,2558,1870,0,0,0,0.6421,-0.1786,0.0000,0.0000,0.6422,-0.0400,-0.0000,0.0000,1671,0,0,
32.4725,20180,403645,2558,1859,0,0,0,0.6421,-0.1897,0.0000,0.0000,0.6422,-0.0650,-0.0000,0.0000,1672,0,0,
32.4962,20181,403665,2558,1851,0,0,0,0.6421,-0.1977,0.0000,0.0000,0.6422,-0.0900,-0.0000,0.0000,1673,0,0,
32.5124,20182,403685,2558,1845,0,0,0,0.6421,-0.2038,0.0000,0.0000,0.6422,-0.1050,-0.0000,0.0000,1674,0,0,
32.5325,20183,403705,2558,1840,0,0,0,0.6421,-0.2088,0.0000,0.0000,0.6422,-0.1301,-0.0000,0.0000,1675,0,0,
32.5654,20184,403725,2558,1837,0,0,0,0.6421,-0.2118,0.0000,0.0000,0.6422,-0.1401,-0.0000,0.0000,1676,0,0,
32.5733,20185,403745,2558,1835,0,0,0,0.6421,-0.2138,0.0000,0.0000,0.6421,-0.1451,-0.0000,0.0000,1677,0,0,7.83
32.5925,20186,403765,2558,1833,0,0,0,0.6421,-0.2158,0.0000,0.0000,0.6421,-0.1651,-0.0000,0.0000,1678,0,0,
32.6124,20187,403785,2558,1832,0,0,0,0.6421,-0.2169,0.0000,0.0000,0.6421,-0.1826,-0.0000,0.0000,1679,0,0,
32.6325,20188,403805,2558,1832,0,0,0,0.6421,-0.2169,0.0000,0.0000,0.6421,-0.1966,-0.0000,0.0000,1680,0,0,
32.6524,20189,403825,2558,1831,0,0,0,0.6421,-0.2179,0.0000,0.0000,0.6421,-0.2037,-0.0000,0.0000,1681,0,0,
32.6724,20190,403845,2559,1831,0,0,0,0.6434,-0.2179,0.0000,0.0000,0.6423,-0.2086,-0.0000,0.0000,1682,0,0,
32.6924,20191,403865,2559,1831,0,0,0,0.6434,-0.2179,0.0000,0.0000,0.6427,-0.2124,-0.0000,0.0000,1683,0,0,
32.7124,20192,403885,2558,1831,0,0,0,0.6421,-0.2179,0.0000,0.0000,0.6428,-0.2143,-0.0000,0.0000,1684,0,0,
32.7324,20193,403905,2558,1831,0,0,0,0.6421,-0.2179,0.0000,0.0000,0.6426,-0.2155,-0.0000,0.0000,1685,0,0,
32.7524,20194,403925,2558,1830,0,0,0,0.6421,-0.2189,0.0000,0.0000,0.6424,-0.2166,-0.0000,0.0000,1686,0,0,
32.7724,20195,403945,2559,1830,0,0,0,0.6434,-0.2189,0.0000,0.0000,0.6424,-0.2174,-0.0000,0.0000,1687,0,0,
32.8017,20196,403965,2559,1830,0,0,0,0.6434,-0.2189,0.0000,0.0000,0.6428,-0.2180,-0.0000,0.0000,1688,0,0,
32.8156,20197,403985,2559,1830,0,0,0,0.6434,-0.2189,0.0000,0.0000,0.6429,-0.2181,-0.0000,0.0000,1689,0,0,
32.8324,20198,404005,2560,1830,0,0,0,0.6447,-0.2189,0.0000,0.0000,0.6432,-0.2183,-0.0000,0.0000,1690,0,0,
32.8523,20199,404025,2559,1830,0,0,0,0.6434,-0.2189,0.0000,0.0000,0.6436,-0.2186,-0.0000,0.0000,1691,0,0,
32.8723,20200,404045,2558,1829,0,0,0,0.6421,-0.2199,0.0000,0.0000,0.6434,-0.2188,-0.0000,0.0000,1692,0,0,
32.8925,20201,404065,2558,1830,0,0,0,0.6421,-0.2189,0.0000,0.0000,0.6429,-0.2191,-0.0000,0.0000,1693,0,0,
32.9124,20202,404085,2558,1830,0,0,0,0.6421,-0.2189,0.0000,0.0000,0.6426,-0.2191,-0.0000,0.0000,1694,0,0,
32.9324,20203,404105,2558,1830,0,0,0,0.6421,-0.2189,0.0000,0.0000,0.6425,-0.2190,-0.0000,0.0000,1695,0,0,
32.9524,20204,404125,2558,1831,0,0,0,0.6421,-0.2179,0.0000,0.0000,0.6423,-0.2189,-0.0000,0.0000,1696,0,0,
32.9724,20205,404145,2558,1831,0,0,0,0.6421,-0.2179,0.0000,0.0000,0.6423,-0.2185,-0.0000,0.0000,1697,0,0,
32.9924,20206,404165,2558,1831,0,0,0,0.6421,-0.2179,0.0000,0.0000,0.6422,-0.2183,-0.0000,0.0000,1698,0,0,
33.0123,20207,404185,2558,1831,0,0,0,0.6421,-0.2179,0.0000,0.0000,0.6422,-0.2181,-0.0000,0.0000,1699,0,0,
33.0324,20208,404205,2558,1831,0,0,0,0.6421,-0.2179,0.0000,0.0000,0.6422,-0.2181,-0.0000,0.0000,1700,0,0,
33.0654,20209,404225,2558,1830,0,0,0,0.6421,-0.2189,0.0000,0.0000,0.6422,-0.2181,-0.0000,0.0000,1701,0,0,
33.0724,20210,404245,2558,1830,0,0,0,0.6421,-0.2189,0.0000,0.0000,0.6422,-0.2183,-0.0000,0.0000,1702,0,0,
33.0924,20211,404265,2558,1830,0,0,0,0.6421,-0.2189,0.0000,0.0000,0.6422,-0.2185,-0.0000,0.0000,1703,0,0,
33.1124,20212,404285,2558,1830,0,0,0,0.6421,-0.2189,0.0000,0.0000,0.6421,-0.2187,-0.0000,0.0000,1704,0,0,
33.1324,20213,404305,2558,1830,0,0,0,0.6421,-0.2189,0.0000,0.0000,0.6421,-0.2187,-0.0000,0.0000,1705,0,0,
33.1524,20214,404325,2558,1830,0,0,0,0.6421,-0.2189,0.0000,0.0000,0.6421,-0.2188,-0.0000,0.0000,1706,0,0,
33.1724,20215,404345,2558,1830,0,0,0,0.6421,-0.2189,0.0000,0.0000,0.6421,-0.2188,-0.0000,0.0000,1707,0,0,
33.1925,20216,404365,2558,1830,0,0,0,0.6421,-0.2189,0.0000,0.0000,0.6421,-0.2189,-0.0000,0.0000,1708,0,0,
33.2125,20217,404385,2558,1830,0,0,0,0.6421,-0.2189,0.0000,0.0000,0.6421,-0.2189,-0.0000,0.0000,1709,0,0,
33.2324,20218,404405,2558,1830,0,0,0,0.6421,-0.2189,0.0000,0.0000,0.6421,-0.2189,-0.0000,0.0000,1710,0,0,
33.2524,20219,404425,2558,1830,0,0,0,0.6421,-0.2189,0.0000,0.0000,0.6421,-0.2189,-0.0000,0.0000,1711,0,0,
33.2724,20220,404445,2558,1831,0,0,0,0.6421,-0.2179,0.0000,0.0000,0.6421,-0.2188,-0.0000,0.0000,1712,0,0,
33.2924,20221,404465,2558,1830,0,0,0,0.6421,-0.2189,0.0000,0.0000,0.6421,-0.2186,-0.0000,0.0000,1713,0,0,
33.3125,20222,404485,2558,1830,0,0,0,0.6421,-0.2189,0.0000,0.0000,0.6421,-0.2186,-0.0000,0.0000,1714,0,0,
33.3324,20223,404505,2558,1830,0,0,0,0.6421,-0.2189,0.0000,0.0000,0.6421,-0.2188,-0.0000,0.0000,1715,0,0,
33.3524,20224,404525,2558,1831,0,0,0,0.6421,-0.2179,0.0000,0.0000,0.6421,-0.2187,-0.0000,0.0000,1716,0,0,
33.3724,20225,404545,2558,1830,0,0,0,0.6421,-0.2189,0.0000,0.0000,0.6421,-0.2185,-0.0000,0.0000,1717,0,0,
33.3925,20226,404565,2558,1830,0,0,0,0.6421,-0.2189,0.0000,0.0000,0.6421,-0.2186,-0.0000,0.0000,1718,0,0,
33.4124,20227,404585,2558,1830,0,0,0,0.6421,-0.2189,0.0000,0.0000,0.6421,-0.2187,-0.0000,0.0000,1719,0,0,
33.4324,20228,404605,2558,1830,0,0,0,0.6421,-0.2189,0.0000,0.0000,0.6421,-0.2188,-0.0000,0.0000,1720,0,0,
33.4524,20229,404625,2558,1830,0,0,0,0.6421,-0.2189,0.0000,0.0000,0.6421,-0.2188,-0.0000,0.0000,1721,0,0,
33.4725,20230,404645,2558,1829,0,0,0,0.6421,-0.2199,0.0000,0.0000,0.6421,-0.2190,-0.0000,0.0000,1722,0,0,
33.4924,20231,404665,2558,1830,0,0,0,0.6421,-0.2189,0.0000,0.0000,0.6421,-0.2192,-0.0000,0.0000,1723,0,0,
33.5124,20232,404685,2558,1830,0,0,0,0.6421,-0.2189,0.0000,0.0000,0.6421,-0.2191,-0.0000,0.0000,1724,0,0,
33.5324,20233,404705,2558,1830,0,0,0,0.6421,-0.2189,0.0000,0.0000,0.6421,-0.2190,-0.0000,0.0000,1725,0,0,
33.5586,20234,404725,2558,1830,0,0,0,0.6421,-0.2189,0.0000,0.0000,0.6421,-0.2190,-0.0000,0.0000,1726,0,0,
33.5738,20235,404745,2558,1830,0,0,0,0.6421,-0.2189,0.0000,0.0000,0.6421,-0.2190,-0.0000,0.0000,1727,0,0,2.31
33.5925,20236,404765,2558,1830,0,0,0,0.6421,-0.2189,0.0000,0.0000,0.6421,-0.2189,-0.0000,0.0000,1728,0,0,
33.6124,20237,404785,2558,1830,0,0,0,0.6421,-0.2189,0.0000,0.0000,0.6421,-0.2189,-0.0000,0.0000,1729,0,0,
33.6324,20238,404805,2558,1830,0,0,0,0.6421,-0.2189,0.0000,0.0000,0.6421,-0.2189,-0.0000,0.0000,1730,0,0,
33.6525,20239,404825,2558,1831,0,0,0,0.6421,-0.2179,0.0000,0.0000,0.6421,-0.2188,-0.0000,0.0000,1731,0,0,
33.6724,20240,404845,2558,1830,0,0,0,0.6421,-0.2189,0.0000,0.0000,0.6421,-0.2185,-0.0000,0.0000,1732,0,0,
33.6923,20241,404865,2558,1830,0,0,0,0.6421,-0.2189,0.0000,0.0000,0.6421,-0.2187,-0.0000,0.0000,1733,0,0,
33.7125,20242,404885,2558,1831,0,0,0,0.6421,-0.2179,0.0000,0.0000,0.6421,-0.2186,-0.0000,0.0000,1734,0,0,
33.7325,20243,404905,2558,1830,0,0,0,0.6421,-0.2189,0.0000,0.0000,0.6421,-0.2184,-0.0000,0.0000,1735,0,0,
33.7524,20244,404925,2558,1831,0,0,0,0.6421,-0.2179,0.0000,0.0000,0.6421,-0.2185,-0.0000,0.0000,1736,0,0,
33.7724,20245,404945,2558,1831,0,0,0,0.6421,-0.2179,0.0000,0.0000,0.6421,-0.2182,-0.0000,0.0000,1737,0,0,
33.7925,20246,404965,2559,1830,0,0,0,0.6434,-0.2189,0.0000,0.0000,0.6423,-0.2182,-0.0000,0.0000,1738,0,0,
33.8225,20247,404985,2559,1831,0,0,0,0.6434,-0.2179,0.0000,0.0000,0.6426,-0.2183,-0.0000,0.0000,1739,0,0,
33.8324,20248,405005,2559,1831,0,0,0,0.6434,-0.2179,0.0000,0.0000,0.6427,-0.2182,-0.0000,0.0000,1740,0,0,
33.8524,20249,405025,2559,1831,0,0,0,0.6434,-0.2179,0.0000,0.0000,0.6430,-0.2181,-0.0000,0.0000,1741,0,0,
33.8724,20250,405045,2559,1831,0,0,0,0.6434,-0.2179,0.0000,0.0000,0.6431,-0.2180,-0.0000,0.0000,1742,0,0,
33.8924,20251,405065,2558,1831,0,0,0,0.6421,-0.2179,0.0000,0.0000,0.6431,-0.2180,-0.0000,0.0000,1743,0,0,
33.9124,20252,405085,2558,1831,0,0,0,0.6421,-0.2179,0.0000,0.0000,0.6428,-0.2180,-0.0000,0.0000,1744,0,0,
33.9325,20253,405105,2558,1831,0,0,0,0.6421,-0.2179,0.0000,0.0000,0.6425,-0.2179,-0.0000,0.0000,1745,0,0,
33.9524,20254,405125,2558,1831,0,0,0,0.6421,-0.2179,0.0000,0.0000,0.6424,-0.2179,-0.0000,0.0000,1746,0,0,
33.9724,20255,405145,2558,1831,0,0,0,0.6421,-0.2179,0.0000,0.0000,0.6423,-0.2179,-0.0000,0.0000,1747,0,0,
33.9924,20256,405165,2558,1830,0,0,0,0.6421,-0.2189,0.0000,0.0000,0.6422,-0.2180,-0.0000,0.0000,1748,0,0,
34.0125,20257,405185,2558,1830,0,0,0,0.6421,-0.2189,0.0000,0.0000,0.6422,-0.2183,-0.0000,0.0000,1749,0,0,
34.0325,20258,405205,2558,1831,0,0,0,0.6421,-0.2179,0.0000,0.0000,0.6422,-0.2185,-0.0000,0.0000,1750,0,0,
34.0655,20259,405225,2558,1831,0,0,0,0.6421,-0.2179,0.0000,0.0000,0.6422,-0.2182,-0.0000,0.0000,1751,0,0,
34.0725,20260,405245,2558,1831,0,0,0,0.6421,-0.2179,0.0000,0.0000,0.6422,-0.2182,-0.0000,0.0000,1752,0,0,
34.0924,20261,405265,2558,1831,0,0,0,0.6421,-0.2179,0.0000,0.0000,0.6421,-0.2181,-0.0000,0.0000,1753,0,0,
34.1126,20262,405285,2558,1831,0,0,0,0.6421,-0.2179,0.0000,0.0000,0.6421,-0.2180,-0.0000,0.0000,1754,0,0,
34.1325,20263,405305,2558,1830,0,0,0,0.6421,-0.2189,0.0000,0.0000,0.6421,-0.2181,-0.0000,0.0000,1755,0,0,
34.1524,20264,405325,2558,1831,0,0,0,0.6421,-0.2179,0.0000,0.0000,0.6421,-0.2183,-0.0000,0.0000,1756,0,0,
34.1724,20265,405345,2558,1831,0,0,0,0.6421,-0.2179,0.0000,0.0000,0.6421,-0.2182,-0.0000,0.0000,1757,0,0,
34.1925,20266,405365,2558,1831,0,0,0,0.6421,-0.2179,0.0000,0.0000,0.6421,-0.2181,-0.0000,0.0000,1758,0,0,
34.2124,20267,405385,2558,1831,0,0,0,0.6421,-0.2179,0.0000,0.0000,0.6421,-0.2180,-0.0000,0.0000,1759,0,0,
34.2324,20268,405405,2558,1831,0,0,0,0.6421,-0.2179,0.0000,0.0000,0.6421,-0.2180,-0.0000,0.0000,1760,0,0,
34.2542,20269,405425,2558,1831,0,0,0,0.6421,-0.2179,0.0000,0.0000,0.6421,-0.2179,-0.0000,0.0000,1761,0,0,
34.2724,20270,405445,2558,1831,0,0,0,0.6421,-0.2179,0.0000,0.0000,0.6421,-0.2179,-0.0000,0.0000,1762,0,0,
34.2926,20271,405465,2558,1831,0,0,0,0.6421,-0.2179,0.0000,0.0000,0.6421,-0.2179,-0.0000,0.0000,1763,0,0,
34.3223,20272,405485,2558,1831,0,0,0,0.6421,-0.2179,0.0000,0.0000,0.6421,-0.2179,-0.0000,0.0000,1764,0,0,
34.3325,20273,405505,2558,1831,0,0,0,0.6421,-0.2179,0.0000,0.0000,0.6421,-0.2179,-0.0000,0.0000,1765,0,0,
34.3523,20274,405525,2558,1831,0,0,0,0.6421,-0.2179,0.0000,0.0000,0.6421,-0.2179,-0.0000,0.0000,1766,0,0,
34.3724,20275,405545,2558,1831,0,0,0,0.6421,-0.2179,0.0000,0.0000,0.6421,-0.2179,-0.0000,0.0000,1767,0,0,
34.3924,20276,405565,2558,1831,0,0,0,0.6421,-0.2179,0.0000,0.0000,0.6421,-0.2179,-0.0000,0.0000,1768,0,0,
34.4124,20277,405585,2558,1830,0,0,0,0.6421,-0.2189,0.0000,0.0000,0.6421,-0.2180,-0.0000,0.0000,1769,0,0,
34.4324,20278,405605,2558,1830,0,0,0,0.6421,-0.2189,0.0000,0.0000,0.6421,-0.2183,-0.0000,0.0000,1770,0,0,
34.4524,20279,405625,2558,1830,0,0,0,0.6421,-0.2189,0.0000,0.0000,0.6421,-0.2186,-0.0000,0.0000,1771,0,0,
34.4723,20280,405645,2558,1830,0,0,0,0.6421,-0.2189,0.0000,0.0000,0.6421,-0.2187,-0.0000,0.0000,1772,0,0,
34.4924,20281,405665,2558,1830,0,0,0,0.6421,-0.2189,0.0000,0.0000,0.6421,-0.2188,-0.0000,0.0000,1773,0,0,
34.5125,20282,405685,2558,1830,0,0,0,0.6421,-0.2189,0.0000,0.0000,0.6421,-0.2188,-0.0000,0.0000,1774,0,0,
34.5324,20283,405705,2558,1830,0,0,0,0.6421,-0.2189,0.0000,0.0000,0.6421,-0.2188,-0.0000,0.0000,1775,0,0,
34.5724,20285,405745,2558,1831,0,0,0,0.6421,-0.2179,0.0000,0.0000,0.6421,-0.2188,-0.0000,0.0000,1777,0,0,
34.5924,20286,405765,2558,1832,0,0,0,0.6421,-0.2169,0.0000,0.0000,0.6421,-0.2184,-0.0000,0.0000,1778,0,0,
34.6125,20287,405785,2558,1832,0,0,0,0.6421,-0.2169,0.0000,0.0000,0.6421,-0.2178,-0.0000,0.0000,1779,0,0,2.12
34.6324,20288,405805,2558,1831,0,0,0,0.6421,-0.2179,0.0000,0.0000,0.6421,-0.2176,-0.0000,0.0000,1780,0,0,
34.6524,20289,405825,2558,1831,0,0,0,0.6421,-0.2179,0.0000,0.0000,0.6421,-0.2177,-0.0000,0.0000,1781,0,0,
34.6724,20290,405845,2558,1831,0,0,0,0.6421,-0.2179,0.0000,0.0000,0.6421,-0.2178,-0.0000,0.0000,1782,0,0,
34.6925,20291,405865,2557,1831,0,0,0,0.6409,-0.2179,0.0000,0.0000,0.6420,-0.2178,-0.0000,0.0000,1783,0,0,
34.7124,20292,405885,2558,1831,0,0,0,0.6421,-0.2179,0.0000,0.0000,0.6417,-0.2178,-0.0000,0.0000,1784,0,0,
34.7324,20293,405905,2558,1831,0,0,0,0.6421,-0.2179,0.0000,0.0000,0.6418,-0.2179,-0.0000,0.0000,1785,0,0,
34.7524,20294,405925,2560,1831,0,0,0,0.6447,-0.2179,0.0000,0.0000,0.6422,-0.2179,-0.0000,0.0000,1786,0,0,
34.7725,20295,405945,2559,1831,0,0,0,0.6434,-0.2179,0.0000,0.0000,0.6431,-0.2179,-0.0000,0.0000,1787,0,0,
34.7925,20296,405965,2559,1831,0,0,0,0.6434,-0.2179,0.0000,0.0000,0.6432,-0.2179,-0.0000,0.0000,1788,0,0,
34.8291,20297,405985,2558,1831,0,0,0,0.6421,-0.2179,0.0000,0.0000,0.6431,-0.2179,-0.0000,0.0000,1789,0,0,
34.8325,20298,406005,2558,1831,0,0,0,0.6421,-0.2179,0.0000,0.0000,0.6430,-0.2179,-0.0000,0.0000,1790,0,0,
34.8524,20299,406025,2558,1831,0,0,0,0.6421,-0.2179,0.0000,0.0000,0.6427,-0.2179,-0.0000,0.0000,1791,0,0,
34.8724,20300,406045,2558,1831,0,0,0,0.6421,-0.2179,0.0000,0.0000,0.6425,-0.2179,-0.0000,0.0000,1792,0,0,
34.8924,20301,406065,2557,1831,0,0,0,0.6409,-0.2179,0.0000,0.0000,0.6422,-0.2179,-0.0000,0.0000,1793,0,0,
34.9124,20302,406085,2558,1831,0,0,0,0.6421,-0.2179,0.0000,0.0000,0.6418,-0.2179,-0.0000,0.0000,1794,0,0,
34.9325,20303,406105,2558,1831,0,0,0,0.6421,-0.2179,0.0000,0.0000,0.6419,-0.2179,-0.0000,0.0000,1795,0,0,
34.9524,20304,406125,2558,1831,0,0,0,0.6421,-0.2179,0.0000,0.0000,0.6420,-0.2179,-0.0000,0.0000,1796,0,0,
34.9724,20305,406145,2558,1831,0,0,0,0.6421,-0.2179,0.0000,0.0000,0.6421,-0.2179,-0.0000,0.0000,1797,0,0,
34.9923,20306,406165,2558,1831,0,0,0,0.6421,-0.2179,0.0000,0.0000,0.6421,-0.2179,-0.0000,0.0000,1798,0,0,
35.0124,20307,406185,2558,1831,0,0,0,0.6421,-0.2179,0.0000,0.0000,0.6421,-0.2179,-0.0000,0.0000,1799,0,0,
35.0324,20308,406205,2558,1831,0,0,0,0.6421,-0.2179,0.0000,0.0000,0.6421,-0.2179,-0.0000,0.0000,1800,0,0,
35.0524,20309,406225,2558,1831,0,0,0,0.6421,-0.2179,0.0000,0.0000,0.6421,-0.2179,-0.0000,0.0000,1801,0,0,
35.0724,20310,406245,2558,1830,0,0,0,0.6421,-0.2189,0.0000,0.0000,0.6421,-0.2180,-0.0000,0.0000,1802,0,0,
35.0924,20311,406265,2558,1831,0,0,0,0.6421,-0.2179,0.0000,0.0000,0.6421,-0.2182,-0.0000,0.0000,1803,0,0,
35.1124,20312,406285,2558,1831,0,0,0,0.6421,-0.2179,0.0000,0.0000,0.6421,-0.2181,-0.0000,0.0000,1804,0,0,
35.1324,20313,406305,2558,1831,0,0,0,0.6421,-0.2179,0.0000,0.0000,0.6421,-0.2180,-0.0000,0.0000,1805,0,0,
35.1525,20314,406325,2557,1831,0,0,0,0.6409,-0.2179,0.0000,0.0000,0.6420,-0.2180,-0.0000,0.0000,1806,0,0,
35.1724,20315,406345,2557,1831,0,0,0,0.6409,-0.2179,0.0000,0.0000,0.6415,-0.2179,-0.0000,0.0000,1807,0,0,
35.1923,20316,406365,2558,1831,0,0,0,0.6421,-0.2179,0.0000,0.0000,0.6414,-0.2179,-0.0000,0.0000,1808,0,0,
35.2124,20317,406385,2558,1831,0,0,0,0.6421,-0.2179,0.0000,0.0000,0.6417,-0.2179,-0.0000,0.0000,1809,0,0,
35.2323,20318,406405,2558,1831,0,0,0,0.6421,-0.2179,0.0000,0.0000,0.6419,-0.2179,-0.0000,0.0000,1810,0,0,
35.2524,20319,406425,2558,1831,0,0,0,0.6421,-0.2179,0.0000,0.0000,0.6420,-0.2179,-0.0000,0.0000,1811,0,0,
35.2724,20320,406445,2558,1830,0,0,0,0.6421,-0.2189,0.0000,0.0000,0.6420,-0.2180,-0.0000,0.0000,1812,0,0,
35.2925,20321,406465,2558,1831,0,0,0,0.6421,-0.2179,0.0000,0.0000,0.6421,-0.2182,-0.0000,0.0000,1813,0,0,
35.3361,20323,406505,2558,1831,0,0,0,0.6421,-0.2179,0.0000,0.0000,0.6421,-0.2181,-0.0000,0.0000,1815,0,0,
35.3524,20324,406525,2558,1829,0,0,0,0.6421,-0.2199,0.0000,0.0000,0.6421,-0.2182,-0.0000,0.0000,1816,0,0,
35.3724,20325,406545,2558,1829,0,0,0,0.6421,-0.2199,0.0000,0.0000,0.6421,-0.2188,-0.0000,0.0000,1817,0,0,
35.3924,20326,406565,2558,1830,0,0,0,0.6421,-0.2189,0.0000,0.0000,0.6421,-0.2192,-0.0000,0.0000,1818,0,0,
35.4124,20327,406585,2558,1830,0,0,0,0.6421,-0.2189,0.0000,0.0000,0.6421,-0.2191,-0.0000,0.0000,1819,0,0,
35.4324,20328,406605,2559,1830,0,0,0,0.6434,-0.2189,0.0000,0.0000,0.6423,-0.2190,-0.0000,0.0000,1820,0,0,
35.4524,20329,406625,2558,1830,0,0,0,0.6421,-0.2189,0.0000,0.0000,0.6425,-0.2190,-0.0000,0.0000,1821,0,0,
35.4724,20330,406645,2558,1830,0,0,0,0.6421,-0.2189,0.0000,0.0000,0.6424,-0.2189,-0.0000,0.0000,1822,0,0,
35.4924,20331,406665,2558,1830,0,0,0,0.6421,-0.2189,0.0000,0.0000,0.6423,-0.2189,-0.0000,0.0000,1823,0,0,
35.5124,20332,406685,2558,1830,0,0,0,0.6421,-0.2189,0.0000,0.0000,0.6422,-0.2189,-0.0000,0.0000,1824,0,0,
35.5324,20333,406705,2558,1831,0,0,0,0.6421,-0.2179,0.0000,0.0000,0.6422,-0.2188,-0.0000,0.0000,1825,0,0,
35.5524,20334,406725,2558,1830,0,0,0,0.6421,-0.2189,0.0000,0.0000,0.6422,-0.2186,-0.0000,0.0000,1826,0,0,
35.5862,20335,406745,2558,1830,0,0,0,0.6421,-0.2189,0.0000,0.0000,0.6422,-0.2187,-0.0000,0.0000,1827,0,0,
35.5924,20336,406765,2558,1828,0,0,0,0.6421,-0.2209,0.0000,0.0000,0.6422,-0.2189,-0.0000,0.0000,1828,0,0,2.00
35.6125,20337,406785,2558,1829,0,0,0,0.6421,-0.2199,0.0000,0.0000,0.6422,-0.2195,-0.0000,0.0000,1829,0,0,
35.6323,20338,406805,2558,1830,0,0,0,0.6421,-0.2189,0.0000,0.0000,0.6421,-0.2196,-0.0000,0.0000,1830,0,0,
35.6524,20339,406825,2558,1830,0,0,0,0.6421,-0.2189,0.0000,0.0000,0.6421,-0.2193,-0.0000,0.0000,1831,0,0,
35.6724,20340,406845,2558,1830,0,0,0,0.6421,-0.2189,0.0000,0.0000,0.6421,-0.2192,-0.0000,0.0000,1832,0,0,
35.6925,20341,406865,2558,1830,0,0,0,0.6421,-0.2189,0.0000,0.0000,0.6421,-0.2191,-0.0000,0.0000,1833,0,0,
35.7125,20342,406885,2558,1830,0,0,0,0.6421,-0.2189,0.0000,0.0000,0.6421,-0.2190,-0.0000,0.0000,1834,0,0,
35.7324,20343,406905,2558,1830,0,0,0,0.6421,-0.2189,0.0000,0.0000,0.6421,-0.2190,-0.0000,0.0000,1835,0,0,
35.7524,20344,406925,2558,1830,0,0,0,0.6421,-0.2189,0.0000,0.0000,0.6421,-0.2189,-0.0000,0.0000,1836,0,0,
35.7724,20345,406945,2558,1831,0,0,0,0.6421,-0.2179,0.0000,0.0000,0.6421,-0.2188,-0.0000,0.0000,1837,0,0,
35.7924,20346,406965,2558,1831,0,0,0,0.6421,-0.2179,0.0000,0.0000,0.6421,-0.2185,-0.0000,0.0000,1838,0,0,
35.8124,20347,406985,2558,1830,0,0,0,0.6421,-0.2189,0.0000,0.0000,0.6421,-0.2184,-0.0000,0.0000,1839,0,0,
35.8361,20348,407005,2558,1830,0,0,0,0.6421,-0.2189,0.0000,0.0000,0.6421,-0.2185,-0.0000,0.0000,1840,0,0,
35.8525,20349,407025,2558,1830,0,0,0,0.6421,-0.2189,0.0000,0.0000,0.6421,-0.2186,-0.0000,0.0000,1841,0,0,
35.8725,20350,407045,2558,1830,0,0,0,0.6421,-0.2189,0.0000,0.0000,0.6421,-0.2187,-0.0000,0.0000,1842,0,0,
35.8924,20351,407065,2558,1830,0,0,0,0.6421,-0.2189,0.0000,0.0000,0.6421,-0.2188,-0.0000,0.0000,1843,0,0,
35.9124,20352,407085,2558,1830,0,0,0,0.6421,-0.2189,0.0000,0.0000,0.6421,-0.2188,-0.0000,0.0000,1844,0,0,
35.9324,20353,407105,2558,1830,0,0,0,0.6421,-0.2189,0.0000,0.0000,0.6421,-0.2189,-0.0000,0.0000,1845,0,0,
35.9525,20354,407125,2558,1830,0,0,0,0.6421,-0.2189,0.0000,0.0000,0.6421,-0.2189,-0.0000,0.0000,1846,0,0,
35.9724,20355,407145,2558,1831,0,0,0,0.6421,-0.2179,0.0000,0.0000,0.6421,-0.2188,-0.0000,0.0000,1847,0,0,
35.9925,20356,407165,2558,1831,0,0,0,0.6421,-0.2179,0.0000,0.0000,0.6421,-0.2184,-0.0000,0.0000,1848,0,0,
36.0124,20357,407185,2558,1831,0,0,0,0.6421,-0.2179,0.0000,0.0000,0.6421,-0.2182,-0.0000,0.0000,1849,0,0,
36.0325,20358,407205,2559,1831,0,0,0,0.6434,-0.2179,0.0000,0.0000,0.6423,-0.2181,-0.0000,0.0000,1850,0,0,
36.0524,20359,407225,2559,1831,0,0,0,0.6434,-0.2179,0.0000,0.0000,0.6427,-0.2180,-0.0000,0.0000,1851,0,0,
36.0861,20360,407245,2559,1831,0,0,0,0.6434,-0.2179,0.0000,0.0000,0.6429,-0.2180,-0.0000,0.0000,1852,0,0,
36.0924,20361,407265,2559,1830,0,0,0,0.6434,-0.2189,0.0000,0.0000,0.6430,-0.2181,-0.0000,0.0000,1853,0,0,
36.1124,20362,407285,2559,1830,0,0,0,0.6434,-0.2189,0.0000,0.0000,0.6431,-0.2184,-0.0000,0.0000,1854,0,0,
36.1325,20363,407305,2558,1831,0,0,0,0.6421,-0.2179,0.0000,0.0000,0.6431,-0.2185,-0.0000,0.0000,1855,0,0,
36.1525,20364,407325,2559,1831,0,0,0,0.6434,-0.2179,0.0000,0.0000,0.6429,-0.2183,-0.0000,0.0000,1856,0,0,
36.1724,20365,407345,2557,1831,0,0,0,0.6409,-0.2179,0.0000,0.0000,0.6428,-0.2181,-0.0000,0.0000,1857,0,0,
36.1924,20366,407365,2558,1831,0,0,0,0.6421,-0.2179,0.0000,0.0000,0.6423,-0.2180,-0.0000,0.0000,1858,0,0,
36.2125,20367,407385,2558,1830,0,0,0,0.6421,-0.2189,0.0000,0.0000,0.6422,-0.2181,-0.0000,0.0000,1859,0,0,
36.2324,20368,407405,2559,1830,0,0,0,0.6434,-0.2189,0.0000,0.0000,0.6423,-0.2184,-0.0000,0.0000,1860,0,0,
36.2525,20369,407425,2559,1830,0,0,0,0.6434,-0.2189,0.0000,0.0000,0.6427,-0.2186,-0.0000,0.0000,1861,0,0,
36.2724,20370,407445,2559,1830,0,0,0,0.6434,-0.2189,0.0000,0.0000,0.6430,-0.2187,-0.0000,0.0000,1862,0,0,
36.2925,20371,407465,2559,1830,0,0,0,0.6434,-0.2189,0.0000,0.0000,0.6431,-0.2188,-0.0000,0.0000,1863,0,0,
36.3125,20372,407485,2558,1830,0,0,0,0.6421,-0.2189,0.0000,0.0000,0.6431,-0.2188,-0.0000,0.0000,1864,0,0,
36.3431,20373,407505,2557,1831,0,0,0,0.6409,-0.2179,0.0000,0.0000,0.6428,-0.2187,-0.0000,0.0000,1865,0,0,
36.3524,20374,407525,2557,1831,0,0,0,0.6409,-0.2179,0.0000,0.0000,0.6423,-0.2185,-0.0000,0.0000,1866,0,0,
36.3724,20375,407545,2558,1831,0,0,0,0.6421,-0.2179,0.0000,0.0000,0.6419,-0.2183,-0.0000,0.0000,1867,0,0,
36.3924,20376,407565,2558,1831,0,0,0,0.6421,-0.2179,0.0000,0.0000,0.6420,-0.2181,-0.0000,0.0000,1868,0,0,
36.4124,20377,407585,2559,1831,0,0,0,0.6434,-0.2179,0.0000,0.0000,0.6422,-0.2181,-0.0000,0.0000,1869,0,0,
36.4324,20378,407605,2558,1831,0,0,0,0.6421,-0.2179,0.0000,0.0000,0.6425,-0.2180,-0.0000,0.0000,1870,0,0,
36.4525,20379,407625,2558,1831,0,0,0,0.6421,-0.2179,0.0000,0.0000,0.6423,-0.2180,-0.0000,0.0000,1871,0,0,
36.4724,20380,407645,2558,1831,0,0,0,0.6421,-0.2179,0.0000,0.0000,0.6423,-0.2179,-0.0000,0.0000,1872,0,0,
36.4924,20381,407665,2558,1831,0,0,0,0.6421,-0.2179,0.0000,0.0000,0.6422,-0.2179,-0.0000,0.0000,1873,0,0,
36.5124,20382,407685,2558,1831,0,0,0,0.6421,-0.2179,0.0000,0.0000,0.6422,-0.2179,-0.0000,0.0000,1874,0,0,
36.5325,20383,407705,2558,1831,0,0,0,0.6421,-0.2179,0.0000,0.0000,0.6422,-0.2179,-0.0000,0.0000,1875,0,0,
36.5524,20384,407725,2558,1830,0,0,0,0.6421,-0.2189,0.0000,0.0000,0.6422,-0.2180,-0.0000,0.0000,1876,0,0,
36.5860,20385,407745,2558,1830,0,0,0,0.6421,-0.2189,0.0000,0.0000,0.6422,-0.2183,-0.0000,0.0000,1877,0,0,
36.5933,20386,407765,2558,1830,0,0,0,0.6421,-0.2189,0.0000,0.0000,0.6421,-0.2184,-0.0000,0.0000,1878,0,0,2.16
36.6124,20387,407785,2558,1830,0,0,0,0.6421,-0.2189,0.0000,0.0000,0.6421,-0.2186,-0.0000,0.0000,1879,0,0,
36.6325,20388,407805,2558,1830,0,0,0,0.6421,-0.2189,0.0000,0.0000,0.6421,-0.2187,-0.0000,0.0000,1880,0,0,
36.6524,20389,407825,2559,1830,0,0,0,0.6434,-0.2189,0.0000,0.0000,0.6423,-0.2188,-0.0000,0.0000,1881,0,0,
36.6725,20390,407845,2559,1830,0,0,0,0.6434,-0.2189,0.0000,0.0000,0.6427,-0.2188,-0.0000,0.0000,1882,0,0,
36.6924,20391,407865,2559,1830,0,0,0,0.6434,-0.2189,0.0000,0.0000,0.6430,-0.2189,-0.0000,0.0000,1883,0,0,
36.7124,20392,407885,2559,1830,0,0,0,0.6434,-0.2189,0.0000,0.0000,0.6431,-0.2189,-0.0000,0.0000,1884,0,0,
36.7324,20393,407905,2558,1830,0,0,0,0.6421,-0.2189,0.0000,0.0000,0.6431,-0.2189,-0.0000,0.0000,1885,0,0,
36.7523,20394,407925,2558,1829,0,0,0,0.6421,-0.2199,0.0000,0.0000,0.6427,-0.2190,-0.0000,0.0000,1886,0,0,
36.7724,20395,407945,2558,1830,0,0,0,0.6421,-0.2189,0.0000,0.0000,0.6425,-0.2192,-0.0000,0.0000,1887,0,0,
36.7925,20396,407965,2559,1830,0,0,0,0.6434,-0.2189,0.0000,0.0000,0.6425,-0.2191,-0.0000,0.0000,1888,0,0,
36.8125,20397,407985,2558,1830,0,0,0,0.6421,-0.2189,0.0000,0.0000,0.6427,-0.2190,-0.0000,0.0000,1889,0,0,
36.8430,20398,408005,2558,1830,0,0,0,0.6421,-0.2189,0.0000,0.0000,0.6426,-0.2190,-0.0000,0.0000,1890,0,0,
36.8524,20399,408025,2558,1830,0,0,0,0.6421,-0.2189,0.0000,0.0000,0.6425,-0.2190,-0.0000,0.0000,1891,0,0,
36.8724,20400,408045,2556,1830,0,0,0,0.6396,-0.2189,0.0000,0.0000,0.6421,-0.2189,-0.0000,0.0000,1892,0,0,
36.8924,20401,408065,2557,1829,0,0,0,0.6409,-0.2199,0.0000,0.0000,0.6414,-0.2190,-0.0000,0.0000,1893,0,0,
36.9124,20402,408085,2557,1830,0,0,0,0.6409,-0.2189,0.0000,0.0000,0.6412,-0.2193,-0.0000,0.0000,1894,0,0,
36.9324,20403,408105,2557,1830,0,0,0,0.6409,-0.2189,0.0000,0.0000,0.6411,-0.2192,-0.0000,0.0000,1895,0,0,
36.9524,20404,408125,2558,1830,0,0,0,0.6421,-0.2189,0.0000,0.0000,0.6411,-0.2191,-0.0000,0.0000,1896,0,0,
36.9723,20405,408145,2558,1830,0,0,0,0.6421,-0.2189,0.0000,0.0000,0.6415,-0.2190,-0.0000,0.0000,1897,0,0,
36.9924,20406,408165,2558,1831,0,0,0,0.6421,-0.2179,0.0000,0.0000,0.6417,-0.2189,-0.0000,0.0000,1898,0,0,
37.0124,20407,408185,2560,1830,0,0,0,0.6447,-0.2189,0.0000,0.0000,0.6421,-0.2186,-0.0000,0.0000,1899,0,0,
37.0324,20408,408205,2560,1830,0,0,0,0.6447,-0.2189,0.0000,0.0000,0.6430,-0.2187,-0.0000,0.0000,1900,0,0,
37.0524,20409,408225,2559,1830,0,0,0,0.6434,-0.2189,0.0000,0.0000,0.6436,-0.2188,-0.0000,0.0000,1901,0,0,
37.0724,20410,408245,2558,1830,0,0,0,0.6421,-0.2189,0.0000,0.0000,0.6434,-0.2188,-0.0000,0.0000,1902,0,0,
37.1002,20411,408265,2558,1830,0,0,0,0.6421,-0.2189,0.0000,0.0000,0.6431,-0.2188,-0.0000,0.0000,1903,0,0,
37.1124,20412,408285,2558,1831,0,0,0,0.6421,-0.2179,0.0000,0.0000,0.6429,-0.2187,-0.0000,0.0000,1904,0,0,
37.1324,20413,408305,2557,1831,0,0,0,0.6409,-0.2179,0.0000,0.0000,0.6425,-0.2184,-0.0000,0.0000,1905,0,0,
37.1525,20414,408325,2558,1831,0,0,0,0.6421,-0.2179,0.0000,0.0000,0.6421,-0.2182,-0.0000,0.0000,1906,0,0,
37.1724,20415,408345,2558,1830,0,0,0,0.6421,-0.2189,0.0000,0.0000,0.6421,-0.2182,-0.0000,0.0000,1907,0,0,
37.1925,20416,408365,2558,1830,0,0,0,0.6421,-0.2189,0.0000,0.0000,0.6421,-0.2184,-0.0000,0.0000,1908,0,0,
37.2125,20417,408385,2557,1830,0,0,0,0.6409,-0.2189,0.0000,0.0000,0.6420,-0.2186,-0.0000,0.0000,1909,0,0,
37.2324,20418,408405,2557,1830,0,0,0,0.6409,-0.2189,0.0000,0.0000,0.6415,-0.2187,-0.0000,0.0000,1910,0,0,
37.2525,20419,408425,2557,1830,0,0,0,0.6409,-0.2189,0.0000,0.0000,0.6413,-0.2188,-0.0000,0.0000,1911,0,0,
37.2724,20420,408445,2558,1830,0,0,0,0.6421,-0.2189,0.0000,0.0000,0.6413,-0.2188,-0.0000,0.0000,1912,0,0,
37.2925,20421,408465,2558,1830,0,0,0,0.6421,-0.2189,0.0000,0.0000,0.6416,-0.2189,-0.0000,0.0000,1913,0,0,
37.3125,20422,408485,2558,1830,0,0,0,0.6421,-0.2189,0.0000,0.0000,0.6418,-0.2189,-0.0000,0.0000,1914,0,0,
37.3497,20423,408505,2557,1830,0,0,0,0.6409,-0.2189,0.0000,0.0000,0.6418,-0.2189,-0.0000,0.0000,1915,0,0,
37.3525,20424,408525,2559,1830,0,0,0,0.6434,-0.2189,0.0000,0.0000,0.6419,-0.2189,-0.0000,0.0000,1916,0,0,
37.3725,20425,408545,2564,1830,0,0,0,0.6497,-0.2189,0.0000,0.0000,0.6432,-0.2189,-0.0000,0.0000,1917,0,0,
37.3924,20426,408565,2565,1830,0,0,0,0.6509,-0.2189,0.0000,0.0000,0.6455,-0.2189,-0.0000,0.0000,1918,0,0,
37.4123,20427,408585,2569,1830,0,0,0,0.6560,-0.2189,0.0000,0.0000,0.6479,-0.2189,-0.0000,0.0000,1919,0,0,
37.4325,20428,408605,2572,1830,0,0,0,0.6597,-0.2189,0.0000,0.0000,0.6516,-0.2189,-0.0000,0.0000,1920,0,0,
37.4524,20429,408625,2576,1830,0,0,0,0.6648,-0.2189,0.0000,0.0000,0.6549,-0.2189,-0.0000,0.0000,1921,0,0,
37.4725,20430,408645,2580,1830,0,0,0,0.6698,-0.2189,0.0000,0.0000,0.6594,-0.2189,-0.0000,0.0000,1922,0,0,
37.4924,20431,408665,2582,1830,0,0,0,0.6723,-0.2189,0.0000,0.0000,0.6633,-0.2189,-0.0000,0.0000,1923,0,0,
37.5124,20432,408685,2585,1830,0,0,0,0.6761,-0.2189,0.0000,0.0000,0.6674,-0.2189,-0.0000,0.0000,1924,0,0,
37.5324,20433,408705,2591,1830,0,0,0,0.6836,-0.2189,0.0000,0.0000,0.6711,-0.2189,-0.0000,0.0000,1925,0,0,
37.5524,20434,408725,2597,1830,0,0,0,0.6912,-0.2189,0.0000,0.0000,0.6770,-0.2189,-0.0000,0.0000,1926,0,0,
37.5725,20435,408745,2604,1829,0,0,0,0.7000,-0.2199,0.0000,0.0000,0.6828,-0.2190,-0.0000,0.0000,1927,0,0,
37.6070,20436,408765,2613,1829,0,0,0,0.7113,-0.2199,0.0000,0.0000,0.6886,-0.2192,-0.0000,0.0000,1928,0,0,7.20
37.6124,20437,408785,2624,1829,0,0,0,0.7252,-0.2199,0.0000,0.0000,0.6922,-0.2193,-0.0000,0.0000,1929,0,0,
37.6325,20438,408805,2636,1829,0,0,0,0.7403,-0.2199,0.0000,0.0000,0.7051,-0.2195,-0.0000,0.0000,1930,0,0,
37.6524,20439,408825,2649,1830,0,0,0,0.7566,-0.2189,0.0000,0.0000,0.7211,-0.2196,-0.0000,0.0000,1931,0,0,
37.6724,20440,408845,2663,1830,0,0,0,0.7742,-0.2189,0.0000,0.0000,0.7351,-0.2193,-0.0000,0.0000,1932,0,0,
37.6924,20441,408865,2678,1830,0,0,0,0.7931,-0.2189,0.0000,0.0000,0.7504,-0.2192,-0.0000,0.0000,1933,0,0,
37.7125,20442,408885,2694,1830,0,0,0,0.8132,-0.2189,0.0000,0.0000,0.7699,-0.2191,-0.0000,0.0000,1934,0,0,
37.7325,20443,408905,2713,1831,0,0,0,0.8371,-0.2179,0.0000,0.0000,0.7872,-0.2189,-0.0000,0.0000,1935,0,0,
37.7525,20444,408925,2731,1831,0,0,0,0.8597,-0.2179,0.0000,0.0000,0.8099,-0.2185,-0.0000,0.0000,1936,0,0,
37.7724,20445,408945,2749,1831,0,0,0,0.8824,-0.2179,0.0000,0.0000,0.8293,-0.2183,-0.0000,0.0000,1937,0,0,
37.7924,20446,408965,2768,1830,0,0,0,0.9063,-0.2189,0.0000,0.0000,0.8499,-0.2183,-0.0000,0.0000,1938,0,0,
37.8123,20447,408985,2790,1830,0,0,0,0.9340,-0.2189,0.0000,0.0000,0.8756,-0.2185,-0.0000,0.0000,1939,0,0,
37.8498,20448,409005,2814,1830,0,0,0,0.9642,-0.2189,0.0000,0.0000,0.8976,-0.2187,-0.0000,0.0000,1940,0,0,
37.8568,20449,409025,2837,1830,0,0,0,0.9931,-0.2189,0.0000,0.0000,0.9039,-0.2187,-0.0000,0.0000,1941,0,0,
37.8725,20450,409045,2863,1830,0,0,0,1.0258,-0.2189,0.0000,0.0000,0.9226,-0.2187,-0.0000,0.0000,1942,0,0,
37.8924,20451,409065,2890,1831,0,0,0,1.0597,-0.2179,0.0000,0.0000,0.9476,-0.2187,-0.0000,0.0000,1943,0,0,
37.9124,20452,409085,2919,1830,0,0,0,1.0962,-0.2189,0.0000,0.0000,0.9789,-0.2185,-0.0000,0.0000,1944,0,0,
37.9325,20453,409105,2948,1830,0,0,0,1.1327,-0.2189,0.0000,0.0000,1.0039,-0.2186,-0.0000,0.0000,1945,0,0,
37.9525,20454,409125,2977,1830,0,0,0,1.1692,-0.2189,0.0000,0.0000,1.0351,-0.2187,-0.0000,0.0000,1946,0,0,
37.9725,20455,409145,3008,1830,0,0,0,1.2082,-0.2189,0.0000,0.0000,1.0601,-0.2188,-0.0000,0.0000,1947,0,0,
37.9925,20456,409165,3042,1830,0,0,0,1.2509,-0.2189,0.0000,0.0000,1.0851,-0.2188,-0.0000,0.0000,1948,0,0,
38.0124,20457,409185,3077,1830,0,0,0,1.2950,-0.2189,0.0000,0.0000,1.1164,-0.2189,-0.0000,0.0000,1949,0,0,
38.0325,20458,409205,3113,1830,0,0,0,1.3403,-0.2189,0.0000,0.0000,1.1414,-0.2189,-0.0000,0.0000,1950,0,0,
38.0524,20459,409225,3149,1830,0,0,0,1.3855,-0.2189,0.0000,0.0000,1.1726,-0.2189,-0.0000,0.0000,1951,0,0,
38.0725,20460,409245,3186,1830,0,0,0,1.4321,-0.2189,0.0000,0.0000,1.1976,-0.2189,-0.0000,0.0000,1952,0,0,
38.1071,20461,409265,3224,1830,0,0,0,1.4799,-0.2189,0.0000,0.0000,1.2226,-0.2189,-0.0000,0.0000,1953,0,0,
38.1124,20462,409285,3263,1830,0,0,0,1.5289,-0.2189,0.0000,0.0000,1.2289,-0.2189,-0.0000,0.0000,1954,0,0,
38.1325,20463,409305,3299,1830,0,0,0,1.5742,-0.2189,0.0000,0.0000,1.2539,-0.2189,-0.0000,0.0000,1955,0,0,
38.1525,20464,409325,3335,1830,0,0,0,1.6195,-0.2189,0.0000,0.0000,1.2851,-0.2189,-0.0000,0.0000,1956,0,0,
38.1724,20465,409345,3371,1830,0,0,0,1.6648,-0.2189,0.0000,0.0000,1.3101,-0.2189,-0.0000,0.0000,1957,0,0,
38.1924,20466,409365,3401,1830,0,0,0,1.7025,-0.2189,0.0000,0.0000,1.3351,-0.2189,-0.0000,0.0000,1958,0,0,
38.2125,20467,409385,3432,1830,0,0,0,1.7415,-0.2189,0.0000,0.0000,1.3664,-0.2189,-0.0000,0.0000,1959,0,0,
38.2325,20468,409405,3462,1831,0,0,0,1.7792,-0.2179,0.0000,0.0000,1.3914,-0.2188,-0.0000,0.0000,1960,0,0,
38.2525,20469,409425,3491,1830,0,0,0,1.8157,-0.2189,0.0000,0.0000,1.4226,-0.2185,-0.0000,0.0000,1961,0,0,
38.2724,20470,409445,3518,1830,0,0,0,1.8497,-0.2189,0.0000,0.0000,1.4476,-0.2187,-0.0000,0.0000,1962,0,0,
38.2924,20471,409465,3541,1830,0,0,0,1.8786,-0.2189,0.0000,0.0000,1.4726,-0.2187,-0.0000,0.0000,1963,0,0,
38.3125,20472,409485,3567,1831,0,0,0,1.9113,-0.2179,0.0000,0.0000,1.5039,-0.2187,-0.0000,0.0000,1964,0,0,
38.3325,20473,409505,3593,1831,0,0,0,1.9440,-0.2179,0.0000,0.0000,1.5289,-0.2184,-0.0000,0.0000,1965,0,0,
38.3568,20474,409525,3615,1830,0,0,0,1.9717,-0.2189,0.0000,0.0000,1.5414,-0.2184,-0.0000,0.0000,1966,0,0,
38.3724,20475,409545,3640,1830,0,0,0,2.0031,-0.2189,0.0000,0.0000,1.5601,-0.2186,-0.0000,0.0000,1967,0,0,
38.3924,20476,409565,3663,1830,0,0,0,2.0321,-0.2189,0.0000,0.0000,1.5851,-0.2187,-0.0000,0.0000,1968,0,0,
38.4124,20477,409585,3685,1830,0,0,0,2.0597,-0.2189,0.0000,0.0000,1.6164,-0.2188,-0.0000,0.0000,1969,0,0,
38.4324,20478,409605,3705,1830,0,0,0,2.0849,-0.2189,0.0000,0.0000,1.6414,-0.2188,-0.0000,0.0000,1970,0,0,
38.4525,20479,409625,3729,1831,0,0,0,2.1151,-0.2179,0.0000,0.0000,1.6726,-0.2187,-0.0000,0.0000,1971,0,0,
38.4724,20480,409645,3755,1830,0,0,0,2.1478,-0.2189,0.0000,0.0000,1.6976,-0.2186,-0.0000,0.0000,1972,0,0,
38.4925,20481,409665,3782,1830,0,0,0,2.1818,-0.2189,0.0000,0.0000,1.7226,-0.2187,-0.0000,0.0000,1973,0,0,
38.5124,20482,409685,3811,1830,0,0,0,2.2182,-0.2189,0.0000,0.0000,1.7539,-0.2188,-0.0000,0.0000,1974,0,0,
38.5325,20483,409705,3845,1830,0,0,0,2.2610,-0.2189,0.0000,0.0000,1.7789,-0.2188,-0.0000,0.0000,1975,0,0,
38.5525,20484,409725,3877,1830,0,0,0,2.3013,-0.2189,0.0000,0.0000,1.8101,-0.2189,-0.0000,0.0000,1976,0,0,
38.5724,20485,409745,3913,1830,0,0,0,2.3465,-0.2189,0.0000,0.0000,1.8351,-0.2189,-0.0000,0.0000,1977,0,0,
38.5998,20486,409765,3953,1830,0,0,0,2.3969,-0.2189,0.0000,0.0000,1.8601,-0.2189,-0.0000,0.0000,1978,0,0,13.80
38.6138,20487,409785,3995,1830,0,0,0,2.4497,-0.2189,0.0000,0.0000,1.8664,-0.2189,-0.0000,0.0000,1979,0,0,
38.6324,20488,409805,4030,1830,0,0,0,2.4937,-0.2189,0.0000,0.0000,1.8914,-0.2189,-0.0000,0.0000,1980,0,0,
38.6524,20489,409825,4052,1830,0,0,0,2.5000,-0.2189,0.0000,0.0000,1.9164,-0.2189,-0.0000,0.0000,1981,0,0,
38.6725,20490,409845,4067,1830,0,0,0,2.5000,-0.2189,0.0000,0.0000,1.9476,-0.2189,-0.0000,0.0000,1982,0,0,
38.6924,20491,409865,4077,1830,0,0,0,2.5000,-0.2189,0.0000,0.0000,1.9726,-0.2189,-0.0000,0.0000,1983,0,0,
38.7125,20492,409885,4083,1830,0,0,0,2.5000,-0.2189,0.0000,0.0000,1.9976,-0.2189,-0.0000,0.0000,1984,0,0,
38.7325,20493,409905,4087,1830,0,0,0,2.5000,-0.2189,0.0000,0.0000,2.0289,-0.2189,-0.0000,0.0000,1985,0,0,
38.7525,20494,409925,4090,1830,0,0,0,2.5000,-0.2189,0.0000,0.0000,2.0539,-0.2189,-0.0000,0.0000,1986,0,0,
38.7725,20495,409945,4091,1830,0,0,0,2.5000,-0.2189,0.0000,0.0000,2.0851,-0.2189,-0.0000,0.0000,1987,0,0,
38.7924,20496,409965,4092,1830,0,0,0,2.5000,-0.2189,0.0000,0.0000,2.1101,-0.2189,-0.0000,0.0000,1988,0,0,
38.8124,20497,409985,4093,1830,0,0,0,2.5000,-0.2189,0.0000,0.0000,2.1351,-0.2189,-0.0000,0.0000,1989,0,0,
38.8325,20498,410005,4094,1830,0,0,0,2.5000,-0.2189,0.0000,0.0000,2.1664,-0.2189,-0.0000,0.0000,1990,0,0,
38.8638,20499,410025,4094,1830,0,0,0,2.5000,-0.2189,0.0000,0.0000,2.1789,-0.2189,-0.0000,0.0000,1991,0,0,
38.8725,20500,410045,4094,1830,0,0,0,2.5000,-0.2189,0.0000,0.0000,2.1914,-0.2189,-0.0000,0.0000,1992,0,0,
38.8926,20501,410065,4094,1830,0,0,0,2.5000,-0.2189,0.0000,0.0000,2.2226,-0.2189,-0.0000,0.0000,1993,0,0,
38.9125,20502,410085,4094,1830,0,0,0,2.5000,-0.2189,0.0000,0.0000,2.2476,-0.2189,-0.0000,0.0000,1994,0,0,
38.9324,20503,410105,4094,1830,0,0,0,2.5000,-0.2189,0.0000,0.0000,2.2789,-0.2189,-0.0000,0.0000,1995,0,0,
38.9525,20504,410125,4094,1830,0,0,0,2.5000,-0.2189,0.0000,0.0000,2.3039,-0.2189,-0.0000,0.0000,1996,0,0,
38.9726,20505,410145,4094,1830,0,0,0,2.5000,-0.2189,0.0000,0.0000,2.3351,-0.2189,-0.0000,0.0000,1997,0,0,
38.9925,20506,410165,4094,1830,0,0,0,2.5000,-0.2189,0.0000,0.0000,2.3601,-0.2189,-0.0000,0.0000,1998,0,0,
39.0124,20507,410185,4094,1830,0,0,0,2.5000,-0.2189,0.0000,0.0000,2.3851,-0.2189,-0.0000,0.0000,1999,0,0,
39.0324,20508,410205,4094,1830,0,0,0,2.5000,-0.2189,0.0000,0.0000,2.4164,-0.2189,-0.0000,0.0000,2000,0,0,
39.0525,20509,410225,4094,1830,0,0,0,2.5000,-0.2189,0.0000,0.0000,2.4414,-0.2189,-0.0000,0.0000,2001,0,0,
39.0724,20510,410245,4094,1830,0,0,0,2.5000,-0.2189,0.0000,0.0000,2.4615,-0.2189,-0.0000,0.0000,2002,0,0,
39.1066,20511,410265,4094,1830,0,0,0,2.5000,-0.2189,0.0000,0.0000,2.4773,-0.2189,-0.0000,0.0000,2003,0,0,
39.1141,20512,410285,4094,1830,0,0,0,2.5000,-0.2189,0.0000,0.0000,2.4796,-0.2189,-0.0000,0.0000,2004,0,0,
39.1325,20513,410305,4094,1830,0,0,0,2.5000,-0.2189,0.0000,0.0000,2.4866,-0.2189,-0.0000,0.0000,2005,0,0,
39.1525,20514,410325,4094,1830,0,0,0,2.5000,-0.2189,0.0000,0.0000,2.4912,-0.2189,-0.0000,0.0000,2006,0,0,
39.1725,20515,410345,4094,1830,0,0,0,2.5000,-0.2189,0.0000,0.0000,2.4942,-0.2189,-0.0000,0.0000,2007,0,0,
39.1925,20516,410365,4094,1830,0,0,0,2.5000,-0.2189,0.0000,0.0000,2.4966,-0.2189,-0.0000,0.0000,2008,0,0,
39.2125,20517,410385,4094,1830,0,0,0,2.5000,-0.2189,0.0000,0.0000,2.4978,-0.2189,-0.0000,0.0000,2009,0,0,
39.2324,20518,410405,4094,1830,0,0,0,2.5000,-0.2189,0.0000,0.0000,2.4987,-0.2189,-0.0000,0.0000,2010,0,0,
39.2525,20519,410425,4094,1830,0,0,0,2.5000,-0.2189,0.0000,0.0000,2.4991,-0.2189,-0.0000,0.0000,2011,0,0,
39.2724,20520,410445,4094,1831,0,0,0,2.5000,-0.2179,0.0000,0.0000,2.4994,-0.2188,-0.0000,0.0000,2012,0,0,
39.2924,20521,410465,4094,1830,0,0,0,2.5000,-0.2189,0.0000,0.0000,2.4997,-0.2185,-0.0000,0.0000,2013,0,0,
39.3125,20522,410485,4094,1830,0,0,0,2.5000,-0.2189,0.0000,0.0000,2.4998,-0.2187,-0.0000,0.0000,2014,0,0,
39.3324,20523,410505,4094,1830,0,0,0,2.5000,-0.2189,0.0000,0.0000,2.4999,-0.2188,-0.0000,0.0000,2015,0,0,
39.3636,20524,410525,4094,1830,0,0,0,2.5000,-0.2189,0.0000,0.0000,2.4999,-0.2188,-0.0000,0.0000,2016,0,0,
39.3725,20525,410545,4094,1830,0,0,0,2.5000,-0.2189,0.0000,0.0000,2.4999,-0.2188,-0.0000,0.0000,2017,0,0,
39.3925,20526,410565,4094,1830,0,0,0,2.5000,-0.2189,0.0000,0.0000,2.4999,-0.2188,-0.0000,0.0000,2018,0,0,
39.4124,20527,410585,4094,1830,0,0,0,2.5000,-0.2189,0.0000,0.0000,2.5000,-0.2189,-0.0000,0.0000,2019,0,0,
39.4324,20528,410605,4094,1830,0,0,0,2.5000,-0.2189,0.0000,0.0000,2.5000,-0.2189,-0.0000,0.0000,2020,0,0,
39.4526,20529,410625,4094,1830,0,0,0,2.5000,-0.2189,0.0000,0.0000,2.5000,-0.2189,-0.0000,0.0000,2021,0,0,
39.4725,20530,410645,4094,1830,0,0,0,2.5000,-0.2189,0.0000,0.0000,2.5000,-0.2189,-0.0000,0.0000,2022,0,0,
39.4925,20531,410665,4094,1830,0,0,0,2.5000,-0.2189,0.0000,0.0000,2.5000,-0.2189,-0.0000,0.0000,2023,0,0,
39.5124,20532,410685,4094,1830,0,0,0,2.5000,-0.2189,0.0000,0.0000,2.5000,-0.2189,-0.0000,0.0000,2024,0,0,
39.5324,20533,410705,4094,1830,0,0,0,2.5000,-0.2189,0.0000,0.0000,2.5000,-0.2189,-0.0000,0.0000,2025,0,0,
39.5526,20534,410725,4094,1830,0,0,0,2.5000,-0.2189,0.0000,0.0000,2.5000,-0.2189,-0.0000,0.0000,2026,0,0,
39.5726,20535,410745,4094,1830,0,0,0,2.5000,-0.2189,0.0000,0.0000,2.5000,-0.2189,-0.0000,0.0000,2027,0,0,
39.5926,20536,410765,4094,1830,0,0,0,2.5000,-0.2189,0.0000,0.0000,2.5000,-0.2189,-0.0000,0.0000,2028,0,0,
39.6208,20537,410785,4094,1831,0,0,0,2.5000,-0.2179,0.0000,0.0000,2.5000,-0.2188,-0.0000,0.0000,2029,0,0,2.15
39.6324,20538,410805,4094,1831,0,0,0,2.5000,-0.2179,0.0000,0.0000,2.5000,-0.2186,-0.0000,0.0000,2030,0,0,
39.6526,20539,410825,4094,1831,0,0,0,2.5000,-0.2179,0.0000,0.0000,2.5000,-0.2184,-0.0000,0.0000,2031,0,0,
39.6724,20540,410845,4094,1831,0,0,0,2.5000,-0.2179,0.0000,0.0000,2.5000,-0.2182,-0.0000,0.0000,2032,0,0,
39.6924,20541,410865,4094,1831,0,0,0,2.5000,-0.2179,0.0000,0.0000,2.5000,-0.2181,-0.0000,0.0000,2033,0,0,
39.7124,20542,410885,4094,1831,0,0,0,2.5000,-0.2179,0.0000,0.0000,2.5000,-0.2180,-0.0000,0.0000,2034,0,0,
39.7324,20543,410905,4094,1831,0,0,0,2.5000,-0.2179,0.0000,0.0000,2.5000,-0.2180,-0.0000,0.0000,2035,0,0,
39.7524,20544,410925,4094,1831,0,0,0,2.5000,-0.2179,0.0000,0.0000,2.5000,-0.2179,-0.0000,0.0000,2036,0,0,
39.7725,20545,410945,4094,1831,0,0,0,2.5000,-0.2179,0.0000,0.0000,2.5000,-0.2179,-0.0000,0.0000,2037,0,0,
39.7925,20546,410965,4094,1832,0,0,0,2.5000,-0.2169,0.0000,0.0000,2.5000,-0.2178,-0.0000,0.0000,2038,0,0,
39.8124,20547,410985,4094,1832,0,0,0,2.5000,-0.2169,0.0000,0.0000,2.5000,-0.2174,-0.0000,0.0000,2039,0,0,
39.8324,20548,411005,4094,1831,0,0,0,2.5000,-0.2179,0.0000,0.0000,2.5000,-0.2173,-0.0000,0.0000,2040,0,0,
39.8636,20549,411025,4094,1831,0,0,0,2.5000,-0.2179,0.0000,0.0000,2.5000,-0.2175,-0.0000,0.0000,2041,0,0,
39.8725,20550,411045,4094,1831,0,0,0,2.5000,-0.2179,0.0000,0.0000,2.5000,-0.2176,-0.0000,0.0000,2042,0,0,
39.8924,20551,411065,4094,1831,0,0,0,2.5000,-0.2179,0.0000,0.0000,2.5000,-0.2177,-0.0000,0.0000,2043,0,0,
39.9124,20552,411085,4094,1831,0,0,0,2.5000,-0.2179,0.0000,0.0000,2.5000,-0.2178,-0.0000,0.0000,2044,0,0,
39.9325,20553,411105,4094,1830,0,0,0,2.5000,-0.2189,0.0000,0.0000,2.5000,-0.2179,-0.0000,0.0000,2045,0,0,
39.9525,20554,411125,4094,1830,0,0,0,2.5000,-0.2189,0.0000,0.0000,2.5000,-0.2183,-0.0000,0.0000,2046,0,0,
39.9725,20555,411145,4094,1830,0,0,0,2.5000,-0.2189,0.0000,0.0000,2.5000,-0.2185,-0.0000,0.0000,2047,0,0,
39.9924,20556,411165,4094,1830,0,0,0,2.5000,-0.2189,0.0000,0.0000,2.5000,-0.2187,-0.0000,0.0000,2048,0,0,
40.0124,20557,411185,4094,1830,0,0,0,2.5000,-0.2189,0.0000,0.0000,2.5000,-0.2188,-0.0000,0.0000,2049,0,0,
40.0325,20558,411205,4094,1830,0,0,0,2.5000,-0.2189,0.0000,0.0000,2.5000,-0.2188,-0.0000,0.0000,2050,0,0,
40.0525,20559,411225,4094,1830,0,0,0,2.5000,-0.2189,0.0000,0.0000,2.5000,-0.2188,-0.0000,0.0000,2051,0,0,
40.0725,20560,411245,4094,1831,0,0,0,2.5000,-0.2179,0.0000,0.0000,2.5000,-0.2188,-0.0000,0.0000,2052,0,0,
40.0925,20561,411265,4094,1831,0,0,0,2.5000,-0.2179,0.0000,0.0000,2.5000,-0.2185,-0.0000,0.0000,2053,0,0,
40.1209,20562,411285,4094,1831,0,0,0,2.5000,-0.2179,0.0000,0.0000,2.5000,-0.2183,-0.0000,0.0000,2054,0,0,
40.1325,20563,411305,4094,1831,0,0,0,2.5000,-0.2179,0.0000,0.0000,2.5000,-0.2182,-0.0000,0.0000,2055,0,0,
40.1525,20564,411325,4094,1830,0,0,0,2.5000,-0.2189,0.0000,0.0000,2.5000,-0.2182,-0.0000,0.0000,2056,0,0,
40.1725,20565,411345,4094,1830,0,0,0,2.5000,-0.2189,0.0000,0.0000,2.5000,-0.2184,-0.0000,0.0000,2057,0,0,
40.1924,20566,411365,4094,1830,0,0,0,2.5000,-0.2189,0.0000,0.0000,2.5000,-0.2186,-0.0000,0.0000,2058,0,0,
40.2125,20567,411385,4094,1830,0,0,0,2.5000,-0.2189,0.0000,0.0000,2.5000,-0.2187,-0.0000,0.0000,2059,0,0,
40.2325,20568,411405,4094,1830,0,0,0,2.5000,-0.2189,0.0000,0.0000,2.5000,-0.2188,-0.0000,0.0000,2060,0,0,
40.2525,20569,411425,4094,1830,0,0,0,2.5000,-0.2189,0.0000,0.0000,2.5000,-0.2188,-0.0000,0.0000,2061,0,0,
40.2725,20570,411445,4094,1830,0,0,0,2.5000,-0.2189,0.0000,0.0000,2.5000,-0.2189,-0.0000,0.0000,2062,0,0,
40.2927,20571,411465,4094,1830,0,0,0,2.5000,-0.2189,0.0000,0.0000,2.5000,-0.2189,-0.0000,0.0000,2063,0,0,
40.3125,20572,411485,4094,1830,0,0,0,2.5000,-0.2189,0.0000,0.0000,2.5000,-0.2189,-0.0000,0.0000,2064,0,0,
40.3324,20573,411505,4094,1830,0,0,0,2.5000,-0.2189,0.0000,0.0000,2.5000,-0.2189,-0.0000,0.0000,2065,0,0,
40.3705,20574,411525,4094,1830,0,0,0,2.5000,-0.2189,0.0000,0.0000,2.5000,-0.2189,-0.0000,0.0000,2066,0,0,
40.3775,20575,411545,4094,1829,0,0,0,2.5000,-0.2199,0.0000,0.0000,2.5000,-0.2190,-0.0000,0.0000,2067,0,0,
40.3925,20576,411565,4094,1830,0,0,0,2.5000,-0.2189,0.0000,0.0000,2.5000,-0.2191,-0.0000,0.0000,2068,0,0,
40.4125,20577,411585,4094,1830,0,0,0,2.5000,-0.2189,0.0000,0.0000,2.5000,-0.2191,-0.0000,0.0000,2069,0,0,
40.4325,20578,411605,4094,1830,0,0,0,2.5000,-0.2189,0.0000,0.0000,2.5000,-0.2190,-0.0000,0.0000,2070,0,0,
40.4524,20579,411625,4094,1830,0,0,0,2.5000,-0.2189,0.0000,0.0000,2.5000,-0.2190,-0.0000,0.0000,2071,0,0,
40.4725,20580,411645,4094,1831,0,0,0,2.5000,-0.2179,0.0000,0.0000,2.5000,-0.2188,-0.0000,0.0000,2072,0,0,
40.4925,20581,411665,4094,1830,0,0,0,2.5000,-0.2189,0.0000,0.0000,2.5000,-0.2186,-0.0000,0.0000,2073,0,0,
40.5125,20582,411685,4094,1830,0,0,0,2.5000,-0.2189,0.0000,0.0000,2.5000,-0.2187,-0.0000,0.0000,2074,0,0,
40.5325,20583,411705,4094,1830,0,0,0,2.5000,-0.2189,0.0000,0.0000,2.5000,-0.2188,-0.0000,0.0000,2075,0,0,
40.5524,20584,411725,4094,1830,0,0,0,2.5000,-0.2189,0.0000,0.0000,2.5000,-0.2188,-0.0000,0.0000,2076,0,0,
40.5724,20585,411745,4094,1830,0,0,0,2.5000,-0.2189,0.0000,0.0000,2.5000,-0.2189,-0.0000,0.0000,2077,0,0,
40.5924,20586,411765,4094,1830,0,0,0,2.5000,-0.2189,0.0000,0.0000,2.5000,-0.2189,-0.0000,0.0000,2078,0,0,
40.6273,20587,411785,4094,1830,0,0,0,2.5000,-0.2189,0.0000,0.0000,2.5000,-0.2189,-0.0000,0.0000,2079,0,0,
40.6334,20588,411805,4094,1829,0,0,0,2.5000,-0.2199,0.0000,0.0000,2.5000,-0.2190,-0.0000,0.0000,2080,0,0,6.05
40.6525,20589,411825,4094,1829,0,0,0,2.5000,-0.2199,0.0000,0.0000,2.5000,-0.2193,-0.0000,0.0000,2081,0,0,
40.6724,20590,411845,4094,1830,0,0,0,2.5000,-0.2189,0.0000,0.0000,2.5000,-0.2194,-0.0000,0.0000,2082,0,0,
40.6925,20591,411865,4094,1829,0,0,0,2.5000,-0.2199,0.0000,0.0000,2.5000,-0.2193,-0.0000,0.0000,2083,0,0,
40.7125,20592,411885,4094,1830,0,0,0,2.5000,-0.2189,0.0000,0.0000,2.5000,-0.2194,-0.0000,0.0000,2084,0,0,
40.7324,20593,411905,4094,1830,0,0,0,2.5000,-0.2189,0.0000,0.0000,2.5000,-0.2192,-0.0000,0.0000,2085,0,0,
40.7525,20594,411925,4094,1830,0,0,0,2.5000,-0.2189,0.0000,0.0000,2.5000,-0.2191,-0.0000,0.0000,2086,0,0,
40.7726,20595,411945,4055,1830,0,0,0,2.5000,-0.2189,0.0000,0.0000,2.5000,-0.2190,-0.0000,0.0000,2087,0,0,
40.7925,20596,411965,3984,1830,0,0,0,2.4358,-0.2189,0.0000,0.0000,2.4937,-0.2190,-0.0000,0.0000,2088,0,0,
40.8125,20597,411985,3897,1830,0,0,0,2.3264,-0.2189,0.0000,0.0000,2.4718,-0.2190,-0.0000,0.0000,2089,0,0,
40.8326,20598,412005,3807,1831,0,0,0,2.2132,-0.2179,0.0000,0.0000,2.4406,-0.2188,-0.0000,0.0000,2090,0,0,
40.8525,20599,412025,3714,1831,0,0,0,2.0962,-0.2179,0.0000,0.0000,2.4156,-0.2185,-0.0000,0.0000,2091,0,0,
40.8774,20600,412045,3619,1831,0,0,0,1.9767,-0.2179,0.0000,0.0000,2.4093,-0.2184,-0.0000,0.0000,2092,0,0,
40.8925,20601,412065,3527,1830,0,0,0,1.8610,-0.2189,0.0000,0.0000,2.3843,-0.2184,-0.0000,0.0000,2093,0,0,
40.9124,20602,412085,3441,1830,0,0,0,1.7528,-0.2189,0.0000,0.0000,2.3593,-0.2185,-0.0000,0.0000,2094,0,0,
40.9325,20603,412105,3364,1830,0,0,0,1.6560,-0.2189,0.0000,0.0000,2.3281,-0.2187,-0.0000,0.0000,2095,0,0,
40.9525,20604,412125,3297,1831,0,0,0,1.5717,-0.2179,0.0000,0.0000,2.3031,-0.2187,-0.0000,0.0000,2096,0,0,
40.9725,20605,412145,3232,1831,0,0,0,1.4899,-0.2179,0.0000,0.0000,2.2781,-0.2184,-0.0000,0.0000,2097,0,0,
40.9925,20606,412165,3170,1830,0,0,0,1.4119,-0.2189,0.0000,0.0000,2.2468,-0.2183,-0.0000,0.0000,2098,0,0,
41.0125,20607,412185,3108,1830,0,0,0,1.3340,-0.2189,0.0000,0.0000,2.2218,-0.2185,-0.0000,0.0000,2099,0,0,
41.0326,20608,412205,3052,1830,0,0,0,1.2635,-0.2189,0.0000,0.0000,2.1906,-0.2187,-0.0000,0.0000,2100,0,0,
41.0526,20609,412225,2999,1830,0,0,0,1.1969,-0.2189,0.0000,0.0000,2.1656,-0.2187,-0.0000,0.0000,2101,0,0,
41.0724,20610,412245,2951,1830,0,0,0,1.1365,-0.2189,0.0000,0.0000,2.1406,-0.2188,-0.0000,0.0000,2102,0,0,
41.0925,20611,412265,2910,1830,0,0,0,1.0849,-0.2189,0.0000,0.0000,2.1093,-0.2188,-0.0000,0.0000,2103,0,0,
41.1276,20612,412285,2877,1830,0,0,0,1.0434,-0.2189,0.0000,0.0000,2.0843,-0.2189,-0.0000,0.0000,2104,0,0,
41.1325,20613,412305,2851,1830,0,0,0,1.0107,-0.2189,0.0000,0.0000,2.0781,-0.2189,-0.0000,0.0000,2105,0,0,
41.1524,20614,412325,2832,1830,0,0,0,0.9868,-0.2189,0.0000,0.0000,2.0531,-0.2189,-0.0000,0.0000,2106,0,0,
41.1724,20615,412345,2821,1830,0,0,0,0.9730,-0.2189,0.0000,0.0000,2.0281,-0.2189,-0.0000,0.0000,2107,0,0,
41.1925,20616,412365,2814,1830,0,0,0,0.9642,-0.2189,0.0000,0.0000,1.9968,-0.2189,-0.0000,0.0000,2108,0,0,
41.2125,20617,412385,2808,1830,0,0,0,0.9566,-0.2189,0.0000,0.0000,1.9718,-0.2189,-0.0000,0.0000,2109,0,0,
41.2325,20618,412405,2805,1830,0,0,0,0.9528,-0.2189,0.0000,0.0000,1.9406,-0.2189,-0.0000,0.0000,2110,0,0,
41.2524,20619,412425,2803,1830,0,0,0,0.9503,-0.2189,0.0000,0.0000,1.9156,-0.2189,-0.0000,0.0000,2111,0,0,
41.2725,20620,412445,2801,1830,0,0,0,0.9478,-0.2189,0.0000,0.0000,1.8843,-0.2189,-0.0000,0.0000,2112,0,0,
41.2925,20621,412465,2800,1830,0,0,0,0.9465,-0.2189,0.0000,0.0000,1.8593,-0.2189,-0.0000,0.0000,2113,0,0,
41.3125,20622,412485,2800,1830,0,0,0,0.9465,-0.2189,0.0000,0.0000,1.8281,-0.2189,-0.0000,0.0000,2114,0,0,
41.3326,20623,412505,2799,1830,0,0,0,0.9453,-0.2189,0.0000,0.0000,1.8031,-0.2189,-0.0000,0.0000,2115,0,0,
41.3525,20624,412525,2799,1830,0,0,0,0.9453,-0.2189,0.0000,0.0000,1.7781,-0.2189,-0.0000,0.0000,2116,0,0,
41.3842,20625,412545,2799,1830,0,0,0,0.9453,-0.2189,0.0000,0.0000,1.7656,-0.2189,-0.0000,0.0000,2117,0,0,
41.3926,20626,412565,2799,1831,0,0,0,0.9453,-0.2179,0.0000,0.0000,1.7531,-0.2188,-0.0000,0.0000,2118,0,0,
41.4125,20627,412585,2798,1830,0,0,0,0.9440,-0.2189,0.0000,0.0000,1.7218,-0.2185,-0.0000,0.0000,2119,0,0,
41.4325,20628,412605,2798,1830,0,0,0,0.9440,-0.2189,0.0000,0.0000,1.6968,-0.2187,-0.0000,0.0000,2120,0,0,
41.4525,20629,412625,2798,1830,0,0,0,0.9440,-0.2189,0.0000,0.0000,1.6656,-0.2188,-0.0000,0.0000,2121,0,0,
41.4725,20630,412645,2798,1830,0,0,0,0.9440,-0.2189,0.0000,0.0000,1.6406,-0.2188,-0.0000,0.0000,2122,0,0,
41.4925,20631,412665,2799,1830,0,0,0,0.9453,-0.2189,0.0000,0.0000,1.6093,-0.2188,-0.0000,0.0000,2123,0,0,
41.5125,20632,412685,2799,1830,0,0,0,0.9453,-0.2189,0.0000,0.0000,1.5843,-0.2189,-0.0000,0.0000,2124,0,0,
41.5325,20633,412705,2794,1830,0,0,0,0.9390,-0.2189,0.0000,0.0000,1.5593,-0.2189,-0.0000,0.0000,2125,0,0,
41.5525,20634,412725,2787,1831,0,0,0,0.9302,-0.2179,0.0000,0.0000,1.5281,-0.2188,-0.0000,0.0000,2126,0,0,
41.5725,20635,412745,2776,1831,0,0,0,0.9164,-0.2179,0.0000,0.0000,1.5031,-0.2185,-0.0000,0.0000,2127,0,0,
41.5924,20636,412765,2760,1830,0,0,0,0.8962,-0.2189,0.0000,0.0000,1.4718,-0.2183,-0.0000,0.0000,2128,0,0,
41.6273,20637,412785,2736,1830,0,0,0,0.8660,-0.2189,0.0000,0.0000,1.4468,-0.2185,-0.0000,0.0000,2129,0,0,
41.6346,20638,412805,2706,1830,0,0,0,0.8283,-0.2189,0.0000,0.0000,1.4406,-0.2186,-0.0000,0.0000,2130,0,0,2.11
41.6527,20639,412825,2674,1830,0,0,0,0.7881,-0.2189,0.0000,0.0000,1.4156,-0.2187,-0.0000,0.0000,2131,0,0,
41.6725,20640,412845,2635,1830,0,0,0,0.7390,-0.2189,0.0000,0.0000,1.3906,-0.2188,-0.0000,0.0000,2132,0,0,
41.6924,20641,412865,2596,1830,0,0,0,0.6899,-0.2189,0.0000,0.0000,1.3656,-0.2188,-0.0000,0.0000,2133,0,0,
41.7125,20642,412885,2551,1830,0,0,0,0.6333,-0.2189,0.0000,0.0000,1.3343,-0.2188,-0.0000,0.0000,2134,0,0,
41.7326,20643,412905,2502,1830,0,0,0,0.5717,-0.2189,0.0000,0.0000,1.3093,-0.2189,-0.0000,0.0000,2135,0,0,
41.7524,20644,412925,2451,1830,0,0,0,0.5075,-0.2189,0.0000,0.0000,1.2843,-0.2189,-0.0000,0.0000,2136,0,0,
41.7725,20645,412945,2399,1830,0,0,0,0.4421,-0.2189,0.0000,0.0000,1.2531,-0.2189,-0.0000,0.0000,2137,0,0,
41.7925,20646,412965,2345,1830,0,0,0,0.3742,-0.2189,0.0000,0.0000,1.2281,-0.2189,-0.0000,0.0000,2138,0,0,
41.8125,20647,412985,2291,1830,0,0,0,0.3063,-0.2189,0.0000,0.0000,1.1968,-0.2189,-0.0000,0.0000,2139,0,0,
41.8325,20648,413005,2235,1830,0,0,0,0.2358,-0.2189,0.0000,0.0000,1.1718,-0.2189,-0.0000,0.0000,2140,0,0,
41.8525,20649,413025,2181,1830,0,0,0,0.1679,-0.2189,0.0000,0.0000,1.1468,-0.2189,-0.0000,0.0000,2141,0,0,
41.8845,20650,413045,2125,1830,0,0,0,0.0975,-0.2189,0.0000,0.0000,1.1218,-0.2189,-0.0000,0.0000,2142,0,0,
41.8925,20651,413065,2071,1830,0,0,0,0.0296,-0.2189,0.0000,0.0000,1.1156,-0.2189,-0.0000,0.0000,2143,0,0,
41.9125,20652,413085,2016,1830,0,0,0,-0.0396,-0.2189,0.0000,0.0000,1.0843,-0.2189,-0.0000,0.0000,2144,0,0,
41.9325,20653,413105,1959,1830,0,0,0,-0.1113,-0.2189,0.0000,0.0000,1.0593,-0.2189,-0.0000,0.0000,2145,0,0,
41.9525,20654,413125,1902,1830,0,0,0,-0.1830,-0.2189,0.0000,0.0000,1.0281,-0.2189,-0.0000,0.0000,2146,0,0,
41.9725,20655,413145,1843,1830,0,0,0,-0.2572,-0.2189,0.0000,0.0000,1.0031,-0.2189,-0.0000,0.0000,2147,0,0,
41.9925,20656,413165,1784,1830,0,0,0,-0.3314,-0.2189,0.0000,0.0000,0.9781,-0.2189,-0.0000,0.0000,2148,0,0,
42.0126,20657,413185,1725,1831,0,0,0,-0.4057,-0.2179,0.0000,0.0000,0.9468,-0.2188,-0.0000,0.0000,2149,0,0,
42.0325,20658,413205,1666,1830,0,0,0,-0.4799,-0.2189,0.0000,0.0000,0.9218,-0.2186,-0.0000,0.0000,2150,0,0,
42.0524,20659,413225,1606,1830,0,0,0,-0.5553,-0.2189,0.0000,0.0000,0.8906,-0.2187,-0.0000,0.0000,2151,0,0,
42.0725,20660,413245,1549,1831,0,0,0,-0.6270,-0.2179,0.0000,0.0000,0.8656,-0.2187,-0.0000,0.0000,2152,0,0,
42.0925,20661,413265,1493,1831,0,0,0,-0.6975,-0.2179,0.0000,0.0000,0.8406,-0.2184,-0.0000,0.0000,2153,0,0,
42.1125,20662,413285,1440,1830,0,0,0,-0.7642,-0.2189,0.0000,0.0000,0.8093,-0.2183,-0.0000,0.0000,2154,0,0,
42.1416,20663,413305,1393,1830,0,0,0,-0.8233,-0.2189,0.0000,0.0000,0.7968,-0.2184,-0.0000,0.0000,2155,0,0,
42.1525,20664,413325,1356,1830,0,0,0,-0.8698,-0.2189,0.0000,0.0000,0.7843,-0.2185,-0.0000,0.0000,2156,0,0,
42.1724,20665,413345,1329,1831,0,0,0,-0.9038,-0.2179,0.0000,0.0000,0.7593,-0.2185,-0.0000,0.0000,2157,0,0,
42.1925,20666,413365,1310,1831,0,0,0,-0.9277,-0.2179,0.0000,0.0000,0.7281,-0.2183,-0.0000,0.0000,2158,0,0,
42.2124,20667,413385,1298,1830,0,0,0,-0.9428,-0.2189,0.0000,0.0000,0.7031,-0.2182,-0.0000,0.0000,2159,0,0,
42.2325,20668,413405,1290,1830,0,0,0,-0.9528,-0.2189,0.0000,0.0000,0.6718,-0.2185,-0.0000,0.0000,2160,0,0,
42.2525,20669,413425,1285,1830,0,0,0,-0.9591,-0.2189,0.0000,0.0000,0.6468,-0.2186,-0.0000,0.0000,2161,0,0,
42.2726,20670,413445,1282,1830,0,0,0,-0.9629,-0.2189,0.0000,0.0000,0.6156,-0.2187,-0.0000,0.0000,2162,0,0,
42.2925,20671,413465,1280,1831,0,0,0,-0.9654,-0.2179,0.0000,0.0000,0.5906,-0.2187,-0.0000,0.0000,2163,0,0,
42.3126,20672,413485,1279,1831,0,0,0,-0.9667,-0.2179,0.0000,0.0000,0.5656,-0.2184,-0.0000,0.0000,2164,0,0,
42.3325,20673,413505,1278,1831,0,0,0,-0.9679,-0.2179,0.0000,0.0000,0.5343,-0.2182,-0.0000,0.0000,2165,0,0,
42.3525,20674,413525,1277,1831,0,0,0,-0.9692,-0.2179,0.0000,0.0000,0.5093,-0.2181,-0.0000,0.0000,2166,0,0,
42.3925,20676,413565,1277,1831,0,0,0,-0.9692,-0.2179,0.0000,0.0000,0.4781,-0.2180,-0.0000,0.0000,2168,0,0,
42.4125,20677,413585,1277,1830,0,0,0,-0.9692,-0.2189,0.0000,0.0000,0.4531,-0.2181,-0.0000,0.0000,2169,0,0,
42.4325,20678,413605,1277,1830,0,0,0,-0.9692,-0.2189,0.0000,0.0000,0.4281,-0.2184,-0.0000,0.0000,2170,0,0,
42.4525,20679,413625,1278,1830,0,0,0,-0.9679,-0.2189,0.0000,0.0000,0.3968,-0.2186,-0.0000,0.0000,2171,0,0,
42.4725,20680,413645,1277,1830,0,0,0,-0.9692,-0.2189,0.0000,0.0000,0.3718,-0.2187,-0.0000,0.0000,2172,0,0,
42.4925,20681,413665,1277,1830,0,0,0,-0.9692,-0.2189,0.0000,0.0000,0.3406,-0.2188,-0.0000,0.0000,2173,0,0,
42.5125,20682,413685,1277,1830,0,0,0,-0.9692,-0.2189,0.0000,0.0000,0.3156,-0.2188,-0.0000,0.0000,2174,0,0,
42.5324,20683,413705,1277,1830,0,0,0,-0.9692,-0.2189,0.0000,0.0000,0.2906,-0.2188,-0.0000,0.0000,2175,0,0,
42.5525,20684,413725,1277,1830,0,0,0,-0.9692,-0.2189,0.0000,0.0000,0.2593,-0.2189,-0.0000,0.0000,2176,0,0,
42.5725,20685,413745,1277,1830,0,0,0,-0.9692,-0.2189,0.0000,0.0000,0.2343,-0.2189,-0.0000,0.0000,2177,0,0,
42.5925,20686,413765,1277,1830,0,0,0,-0.9692,-0.2189,0.0000,0.0000,0.2031,-0.2189,-0.0000,0.0000,2178,0,0,
42.6125,20687,413785,1276,1830,0,0,0,-0.9704,-0.2189,0.0000,0.0000,0.1781,-0.2189,-0.0000,0.0000,2179,0,0,
42.6525,20689,413825,1275,1830,0,0,0,-0.9717,-0.2189,0.0000,0.0000,0.1531,-0.2189,-0.0000,0.0000,2181,0,0,7.22
42.6724,20690,413845,1271,1830,0,0,0,-0.9767,-0.2189,0.0000,0.0000,0.1218,-0.2189,-0.0000,0.0000,2182,0,0,
42.6924,20691,413865,1264,1830,0,0,0,-0.9855,-0.2189,0.0000,0.0000,0.0968,-0.2189,-0.0000,0.0000,2183,0,0,
42.7124,20692,413885,1255,1830,0,0,0,-0.9969,-0.2189,0.0000,0.0000,0.0656,-0.2189,-0.0000,0.0000,2184,0,0,
42.7325,20693,413905,1243,1830,0,0,0,-1.0119,-0.2189,0.0000,0.0000,0.0406,-0.2189,-0.0000,0.0000,2185,0,0,
42.7525,20694,413925,1228,1830,0,0,0,-1.0308,-0.2189,0.0000,0.0000,0.0156,-0.2189,-0.0000,0.0000,2186,0,0,
42.7724,20695,413945,1209,1830,0,0,0,-1.0547,-0.2189,0.0000,0.0000,-0.0157,-0.2189,-0.0000,0.0000,2187,0,0,
42.7925,20696,413965,1186,1830,0,0,0,-1.0836,-0.2189,0.0000,0.0000,-0.0407,-0.2189,-0.0000,0.0000,2188,0,0,
42.8124,20697,413985,1159,1830,0,0,0,-1.1176,-0.2189,0.0000,0.0000,-0.0719,-0.2189,-0.0000,0.0000,2189,0,0,
42.8325,20698,414005,1129,1829,0,0,0,-1.1553,-0.2199,0.0000,0.0000,-0.0969,-0.2190,-0.0000,0.0000,2190,0,0,
42.8525,20699,414025,1097,1830,0,0,0,-1.1956,-0.2189,0.0000,0.0000,-0.1219,-0.2192,-0.0000,0.0000,2191,0,0,
42.8725,20700,414045,1062,1830,0,0,0,-1.2396,-0.2189,0.0000,0.0000,-0.1532,-0.2191,-0.0000,0.0000,2192,0,0,
42.8982,20701,414065,1022,1830,0,0,0,-1.2899,-0.2189,0.0000,0.0000,-0.1657,-0.2191,-0.0000,0.0000,2193,0,0,
42.9125,20702,414085,982,1830,0,0,0,-1.3403,-0.2189,0.0000,0.0000,-0.1844,-0.2190,-0.0000,0.0000,2194,0,0,
42.9324,20703,414105,940,1831,0,0,0,-1.3931,-0.2179,0.0000,0.0000,-0.2094,-0.2189,-0.0000,0.0000,2195,0,0,
42.9523,20704,414125,897,1831,0,0,0,-1.4472,-0.2179,0.0000,0.0000,-0.2407,-0.2185,-0.0000,0.0000,2196,0,0,
42.9724,20705,414145,853,1830,0,0,0,-1.5025,-0.2189,0.0000,0.0000,-0.2657,-0.2184,-0.0000,0.0000,2197,0,0,
42.9923,20706,414165,806,1830,0,0,0,-1.5616,-0.2189,0.0000,0.0000,-0.2907,-0.2186,-0.0000,0.0000,2198,0,0,
43.0125,20707,414185,758,1830,0,0,0,-1.6220,-0.2189,0.0000,0.0000,-0.3219,-0.2187,-0.0000,0.0000,2199,0,0,
43.0323,20708,414205,709,1830,0,0,0,-1.6836,-0.2189,0.0000,0.0000,-0.3469,-0.2188,-0.0000,0.0000,2200,0,0,
43.0524,20709,414225,659,1830,0,0,0,-1.7465,-0.2189,0.0000,0.0000,-0.3782,-0.2188,-0.0000,0.0000,2201,0,0,
43.0724,20710,414245,607,1830,0,0,0,-1.8119,-0.2189,0.0000,0.0000,-0.4032,-0.2189,-0.0000,0.0000,2202,0,0,
43.0924,20711,414265,558,1831,0,0,0,-1.8736,-0.2179,0.0000,0.0000,-0.4282,-0.2188,-0.0000,0.0000,2203,0,0,
43.1123,20712,414285,509,1831,0,0,0,-1.9352,-0.2179,0.0000,0.0000,-0.4594,-0.2184,-0.0000,0.0000,2204,0,0,
43.1548,20713,414305,460,1831,0,0,0,-1.9969,-0.2179,0.0000,0.0000,-0.4844,-0.2182,-0.0000,0.0000,2205,0,0,
43.1553,20714,414325,415,1830,0,0,0,-2.0535,-0.2189,0.0000,0.0000,-0.4907,-0.2183,-0.0000,0.0000,2206,0,0,
43.1723,20715,414345,371,1830,0,0,0,-2.1088,-0.2189,0.0000,0.0000,-0.5094,-0.2185,-0.0000,0.0000,2207,0,0,
43.1923,20716,414365,326,1830,0,0,0,-2.1654,-0.2189,0.0000,0.0000,-0.5407,-0.2186,-0.0000,0.0000,2208,0,0,
43.2123,20717,414385,280,1830,0,0,0,-2.2233,-0.2189,0.0000,0.0000,-0.5657,-0.2187,-0.0000,0.0000,2209,0,0,
43.2323,20718,414405,233,1830,0,0,0,-2.2824,-0.2189,0.0000,0.0000,-0.5969,-0.2188,-0.0000,0.0000,2210,0,0,
43.2523,20719,414425,187,1830,0,0,0,-2.3403,-0.2189,0.0000,0.0000,-0.6219,-0.2188,-0.0000,0.0000,2211,0,0,
43.2723,20720,414445,144,1830,0,0,0,-2.3943,-0.2189,0.0000,0.0000,-0.6469,-0.2189,-0.0000,0.0000,2212,0,0,
43.2923,20721,414465,103,1831,0,0,0,-2.4459,-0.2179,0.0000,0.0000,-0.6782,-0.2188,-0.0000,0.0000,2213,0,0,
43.3121,20722,414485,67,1831,0,0,0,-2.4912,-0.2179,0.0000,0.0000,-0.7032,-0.2185,-0.0000,0.0000,2214,0,0,
43.3321,20723,414505,44,1831,0,0,0,-2.5000,-0.2179,0.0000,0.0000,-0.7344,-0.2182,-0.0000,0.0000,2215,0,0,
43.3521,20724,414525,28,1831,0,0,0,-2.5000,-0.2179,0.0000,0.0000,-0.7594,-0.2181,-0.0000,0.0000,2216,0,0,
43.3721,20725,414545,18,1831,0,0,0,-2.5000,-0.2179,0.0000,0.0000,-0.7907,-0.2180,-0.0000,0.0000,2217,0,0,
43.4049,20726,414565,12,1831,0,0,0,-2.5000,-0.2179,0.0000,0.0000,-0.8032,-0.2180,-0.0000,0.0000,2218,0,0,
43.4123,20727,414585,7,1831,0,0,0,-2.5000,-0.2179,0.0000,0.0000,-0.8157,-0.2180,-0.0000,0.0000,2219,0,0,
43.4324,20728,414605,5,1831,0,0,0,-2.5000,-0.2179,0.0000,0.0000,-0.8469,-0.2179,-0.0000,0.0000,2220,0,0,
43.4522,20729,414625,3,1831,0,0,0,-2.5000,-0.2179,0.0000,0.0000,-0.8719,-0.2179,-0.0000,0.0000,2221,0,0,
43.4723,20730,414645,2,1831,0,0,0,-2.5000,-0.2179,0.0000,0.0000,-0.8969,-0.2179,-0.0000,0.0000,2222,0,0,
43.4923,20731,414665,1,1831,0,0,0,-2.5000,-0.2179,0.0000,0.0000,-0.9282,-0.2179,-0.0000,0.0000,2223,0,0,
43.5123,20732,414685,0,1831,0,0,0,-2.5000,-0.2179,0.0000,0.0000,-0.9532,-0.2179,-0.0000,0.0000,2224,0,0,
43.5323,20733,414705,0,1831,0,0,0,-2.5000,-0.2179,0.0000,0.0000,-0.9782,-0.2179,-0.0000,0.0000,2225,0,0,
43.5523,20734,414725,0,1831,0,0,0,-2.5000,-0.2179,0.0000,0.0000,-1.0094,-0.2179,-0.0000,0.0000,2226,0,0,
43.5722,20735,414745,0,1830,0,0,0,-2.5000,-0.2189,0.0000,0.0000,-1.0344,-0.2180,-0.0000,0.0000,2227,0,0,
43.5924,20736,414765,0,1830,0,0,0,-2.5000,-0.2189,0.0000,0.0000,-1.0657,-0.2184,-0.0000,0.0000,2228,0,0,
43.6123,20737,414785,0,1830,0,0,0,-2.5000,-0.2189,0.0000,0.0000,-1.0907,-0.2185,-0.0000,0.0000,2229,0,0,
43.6324,20738,414805,0,1830,0,0,0,-2.5000,-0.2189,0.0000,0.0000,-1.1157,-0.2187,-0.0000,0.0000,2230,0,0,
43.6553,20739,414825,0,1830,0,0,0,-2.5000,-0.2189,0.0000,0.0000,-1.1282,-0.2187,-0.0000,0.0000,2231,0,0,2.17
43.6724,20740,414845,0,1831,0,0,0,-2.5000,-0.2179,0.0000,0.0000,-1.1469,-0.2187,-0.0000,0.0000,2232,0,0,
43.6923,20741,414865,0,1831,0,0,0,-2.5000,-0.2179,0.0000,0.0000,-1.1782,-0.2183,-0.0000,0.0000,2233,0,0,
43.7123,20742,414885,0,1831,0,0,0,-2.5000,-0.2179,0.0000,0.0000,-1.2032,-0.2182,-0.0000,0.0000,2234,0,0,
43.7323,20743,414905,0,1831,0,0,0,-2.5000,-0.2179,0.0000,0.0000,-1.2282,-0.2181,-0.0000,0.0000,2235,0,0,
43.7522,20744,414925,0,1831,0,0,0,-2.5000,-0.2179,0.0000,0.0000,-1.2594,-0.2180,-0.0000,0.0000,2236,0,0,
43.7723,20745,414945,0,1831,0,0,0,-2.5000,-0.2179,0.0000,0.0000,-1.2844,-0.2180,-0.0000,0.0000,2237,0,0,
43.7922,20746,414965,0,1830,0,0,0,-2.5000,-0.2189,0.0000,0.0000,-1.3157,-0.2180,-0.0000,0.0000,2238,0,0,
43.8124,20747,414985,0,1830,0,0,0,-2.5000,-0.2189,0.0000,0.0000,-1.3407,-0.2183,-0.0000,0.0000,2239,0,0,
43.8322,20748,415005,0,1830,0,0,0,-2.5000,-0.2189,0.0000,0.0000,-1.3719,-0.2186,-0.0000,0.0000,2240,0,0,
43.8523,20749,415025,0,1830,0,0,0,-2.5000,-0.2189,0.0000,0.0000,-1.3969,-0.2187,-0.0000,0.0000,2241,0,0,
43.8723,20750,415045,0,1831,0,0,0,-2.5000,-0.2179,0.0000,0.0000,-1.4219,-0.2187,-0.0000,0.0000,2242,0,0,
43.9050,20751,415065,0,1830,0,0,0,-2.5000,-0.2189,0.0000,0.0000,-1.4469,-0.2185,-0.0000,0.0000,2243,0,0,
43.9122,20752,415085,0,1830,0,0,0,-2.5000,-0.2189,0.0000,0.0000,-1.4532,-0.2185,-0.0000,0.0000,2244,0,0,
43.9323,20753,415105,0,1830,0,0,0,-2.5000,-0.2189,0.0000,0.0000,-1.4782,-0.2187,-0.0000,0.0000,2245,0,0,
43.9525,20754,415125,0,1830,0,0,0,-2.5000,-0.2189,0.0000,0.0000,-1.5094,-0.2188,-0.0000,0.0000,2246,0,0,
43.9723,20755,415145,0,1830,0,0,0,-2.5000,-0.2189,0.0000,0.0000,-1.5344,-0.2188,-0.0000,0.0000,2247,0,0,
43.9923,20756,415165,0,1831,0,0,0,-2.5000,-0.2179,0.0000,0.0000,-1.5594,-0.2187,-0.0000,0.0000,2248,0,0,
44.0124,20757,415185,0,1830,0,0,0,-2.5000,-0.2189,0.0000,0.0000,-1.5907,-0.2185,-0.0000,0.0000,2249,0,0,
44.0323,20758,415205,0,1830,0,0,0,-2.5000,-0.2189,0.0000,0.0000,-1.6157,-0.2186,-0.0000,0.0000,2250,0,0,
44.0523,20759,415225,0,1830,0,0,0,-2.5000,-0.2189,0.0000,0.0000,-1.6469,-0.2187,-0.0000,0.0000,2251,0,0,
44.0723,20760,415245,0,1830,0,0,0,-2.5000,-0.2189,0.0000,0.0000,-1.6719,-0.2188,-0.0000,0.0000,2252,0,0,
44.0924,20761,415265,0,1830,0,0,0,-2.5000,-0.2189,0.0000,0.0000,-1.6969,-0.2188,-0.0000,0.0000,2253,0,0,
44.1124,20762,415285,0,1831,0,0,0,-2.5000,-0.2179,0.0000,0.0000,-1.7282,-0.2188,-0.0000,0.0000,2254,0,0,
44.1323,20763,415305,0,1831,0,0,0,-2.5000,-0.2179,0.0000,0.0000,-1.7532,-0.2185,-0.0000,0.0000,2255,0,0,
44.1619,20764,415325,0,1830,0,0,0,-2.5000,-0.2189,0.0000,0.0000,-1.7657,-0.2185,-0.0000,0.0000,2256,0,0,
44.1722,20765,415345,0,1830,0,0,0,-2.5000,-0.2189,0.0000,0.0000,-1.7844,-0.2186,-0.0000,0.0000,2257,0,0,
44.1924,20766,415365,0,1831,0,0,0,-2.5000,-0.2179,0.0000,0.0000,-1.8094,-0.2186,-0.0000,0.0000,2258,0,0,
44.2124,20767,415385,0,1831,0,0,0,-2.5000,-0.2179,0.0000,0.0000,-1.8407,-0.2183,-0.0000,0.0000,2259,0,0,
44.2323,20768,415405,0,1831,0,0,0,-2.5000,-0.2179,0.0000,0.0000,-1.8657,-0.2182,-0.0000,0.0000,2260,0,0,
44.2522,20769,415425,0,1831,0,0,0,-2.5000,-0.2179,0.0000,0.0000,-1.8907,-0.2181,-0.0000,0.0000,2261,0,0,
44.2723,20770,415445,0,1831,0,0,0,-2.5000,-0.2179,0.0000,0.0000,-1.9219,-0.2180,-0.0000,0.0000,2262,0,0,
44.2923,20771,415465,0,1831,0,0,0,-2.5000,-0.2179,0.0000,0.0000,-1.9469,-0.2180,-0.0000,0.0000,2263,0,0,
44.3124,20772,415485,0,1831,0,0,0,-2.5000,-0.2179,0.0000,0.0000,-1.9782,-0.2179,-0.0000,0.0000,2264,0,0,
44.3322,20773,415505,0,1831,0,0,0,-2.5000,-0.2179,0.0000,0.0000,-2.0032,-0.2179,-0.0000,0.0000,2265,0,0,
44.3524,20774,415525,0,1831,0,0,0,-2.5000,-0.2179,0.0000,0.0000,-2.0344,-0.2179,-0.0000,0.0000,2266,0,0,
44.3723,20775,415545,0,1831,0,0,0,-2.5000,-0.2179,0.0000,0.0000,-2.0594,-0.2179,-0.0000,0.0000,2267,0,0,
44.3923,20776,415565,0,1831,0,0,0,-2.5000,-0.2179,0.0000,0.0000,-2.0844,-0.2179,-0.0000,0.0000,2268,0,0,
44.4187,20777,415585,0,1831,0,0,0,-2.5000,-0.2179,0.0000,0.0000,-2.0907,-0.2179,-0.0000,0.0000,2269,0,0,
44.4323,20778,415605,0,1831,0,0,0,-2.5000,-0.2179,0.0000,0.0000,-2.1094,-0.2179,-0.0000,0.0000,2270,0,0,
44.4523,20779,415625,0,1831,0,0,0,-2.5000,-0.2179,0.0000,0.0000,-2.1407,-0.2179,-0.0000,0.0000,2271,0,0,
44.4722,20780,415645,0,1831,0,0,0,-2.5000,-0.2179,0.0000,0.0000,-2.1657,-0.2179,-0.0000,0.0000,2272,0,0,
44.4923,20781,415665,0,1831,0,0,0,-2.5000,-0.2179,0.0000,0.0000,-2.1969,-0.2179,-0.0000,0.0000,2273,0,0,
44.5123,20782,415685,0,1831,0,0,0,-2.5000,-0.2179,0.0000,0.0000,-2.2219,-0.2179,-0.0000,0.0000,2274,0,0,
44.5323,20783,415705,0,1831,0,0,0,-2.5000,-0.2179,0.0000,0.0000,-2.2469,-0.2179,-0.0000,0.0000,2275,0,0,
44.5522,20784,415725,0,1831,0,0,0,-2.5000,-0.2179,0.0000,0.0000,-2.2782,-0.2179,-0.0000,0.0000,2276,0,0,
44.5723,20785,415745,0,1831,0,0,0,-2.5000,-0.2179,0.0000,0.0000,-2.3032,-0.2179,-0.0000,0.0000,2277,0,0,
44.5922,20786,415765,0,1832,0,0,0,-2.5000,-0.2169,0.0000,0.0000,-2.3344,-0.2178,-0.0000,0.0000,2278,0,0,
44.6122,20787,415785,0,1831,0,0,0,-2.5000,-0.2179,0.0000,0.0000,-2.3594,-0.2176,-0.0000,0.0000,2279,0,0,
44.6323,20788,415805,0,1831,0,0,0,-2.5000,-0.2179,0.0000,0.0000,-2.3844,-0.2177,-0.0000,0.0000,2280,0,0,
44.6687,20789,415825,0,1831,0,0,0,-2.5000,-0.2179,0.0000,0.0000,-2.4094,-0.2178,-0.0000,0.0000,2281,0,0,7.04
44.6723,20790,415845,0,1831,0,0,0,-2.5000,-0.2179,0.0000,0.0000,-2.4157,-0.2178,-0.0000,0.0000,2282,0,0,
44.6923,20791,415865,0,1830,0,0,0,-2.5000,-0.2189,0.0000,0.0000,-2.4466,-0.2179,-0.0000,0.0000,2283,0,0,
44.7123,20792,415885,0,1831,0,0,0,-2.5000,-0.2179,0.0000,0.0000,-2.4650,-0.2182,-0.0000,0.0000,2284,0,0,
44.7323,20793,415905,0,1831,0,0,0,-2.5000,-0.2179,0.0000,0.0000,-2.4770,-0.2181,-0.0000,0.0000,2285,0,0,
44.7523,20794,415925,0,1831,0,0,0,-2.5000,-0.2179,0.0000,0.0000,-2.4864,-0.2180,-0.0000,0.0000,2286,0,0,
44.7723,20795,415945,0,1830,0,0,0,-2.5000,-0.2189,0.0000,0.0000,-2.4911,-0.2181,-0.0000,0.0000,2287,0,0,
44.7923,20796,415965,0,1830,0,0,0,-2.5000,-0.2189,0.0000,0.0000,-2.4947,-0.2184,-0.0000,0.0000,2288,0,0,
44.8123,20797,415985,0,1830,0,0,0,-2.5000,-0.2189,0.0000,0.0000,-2.4966,-0.2186,-0.0000,0.0000,2289,0,0,
44.8324,20798,416005,0,1830,0,0,0,-2.5000,-0.2189,0.0000,0.0000,-2.4977,-0.2187,-0.0000,0.0000,2290,0,0,
44.8524,20799,416025,0,1830,0,0,0,-2.5000,-0.2189,0.0000,0.0000,-2.4987,-0.2188,-0.0000,0.0000,2291,0,0,
44.8723,20800,416045,0,1830,0,0,0,-2.5000,-0.2189,0.0000,0.0000,-2.4991,-0.2188,-0.0000,0.0000,2292,0,0,
44.8924,20801,416065,0,1830,0,0,0,-2.5000,-0.2189,0.0000,0.0000,-2.4995,-0.2189,-0.0000,0.0000,2293,0,0,
44.9189,20802,416085,0,1830,0,0,0,-2.5000,-0.2189,0.0000,0.0000,-2.4996,-0.2189,-0.0000,0.0000,2294,0,0,
44.9324,20803,416105,0,1830,0,0,0,-2.5000,-0.2189,0.0000,0.0000,-2.4997,-0.2189,-0.0000,0.0000,2295,0,0,
44.9523,20804,416125,0,1830,0,0,0,-2.5000,-0.2189,0.0000,0.0000,-2.4998,-0.2189,-0.0000,0.0000,2296,0,0,
44.9723,20805,416145,0,1830,0,0,0,-2.5000,-0.2189,0.0000,0.0000,-2.4999,-0.2189,-0.0000,0.0000,2297,0,0,
44.9923,20806,416165,0,1831,0,0,0,-2.5000,-0.2179,0.0000,0.0000,-2.4999,-0.2188,-0.0000,0.0000,2298,0,0,
45.0124,20807,416185,0,1831,0,0,0,-2.5000,-0.2179,0.0000,0.0000,-2.4999,-0.2185,-0.0000,0.0000,2299,0,0,
45.0325,20808,416205,0,1831,0,0,0,-2.5000,-0.2179,0.0000,0.0000,-2.5000,-0.2182,-0.0000,0.0000,2300,0,0,
45.0524,20809,416225,0,1831,0,0,0,-2.5000,-0.2179,0.0000,0.0000,-2.5000,-0.2181,-0.0000,0.0000,2301,0,0,
45.0723,20810,416245,0,1831,0,0,0,-2.5000,-0.2179,0.0000,0.0000,-2.5000,-0.2180,-0.0000,0.0000,2302,0,0,
45.0923,20811,416265,0,1831,0,0,0,-2.5000,-0.2179,0.0000,0.0000,-2.5000,-0.2180,-0.0000,0.0000,2303,0,0,
45.1124,20812,416285,0,1831,0,0,0,-2.5000,-0.2179,0.0000,0.0000,-2.5000,-0.2180,-0.0000,0.0000,2304,0,0,
45.1323,20813,416305,0,1831,0,0,0,-2.5000,-0.2179,0.0000,0.0000,-2.5000,-0.2179,-0.0000,0.0000,2305,0,0,
45.1723,20815,416345,0,1831,0,0,0,-2.5000,-0.2179,0.0000,0.0000,-2.5000,-0.2179,-0.0000,0.0000,2307,0,0,
45.1923,20816,416365,0,1831,0,0,0,-2.5000,-0.2179,0.0000,0.0000,-2.5000,-0.2179,-0.0000,0.0000,2308,0,0,
45.2124,20817,416385,0,1832,0,0,0,-2.5000,-0.2169,0.0000,0.0000,-2.5000,-0.2178,-0.0000,0.0000,2309,0,0,
45.2324,20818,416405,0,1832,0,0,0,-2.5000,-0.2169,0.0000,0.0000,-2.5000,-0.2174,-0.0000,0.0000,2310,0,0,
45.2523,20819,416425,0,1832,0,0,0,-2.5000,-0.2169,0.0000,0.0000,-2.5000,-0.2172,-0.0000,0.0000,2311,0,0,
45.2723,20820,416445,0,1832,0,0,0,-2.5000,-0.2169,0.0000,0.0000,-2.5000,-0.2171,-0.0000,0.0000,2312,0,0,
45.2923,20821,416465,0,1831,0,0,0,-2.5000,-0.2179,0.0000,0.0000,-2.5000,-0.2171,-0.0000,0.0000,2313,0,0,
45.3124,20822,416485,0,1831,0,0,0,-2.5000,-0.2179,0.0000,0.0000,-2.5000,-0.2174,-0.0000,0.0000,2314,0,0,
45.3323,20823,416505,0,1831,0,0,0,-2.5000,-0.2179,0.0000,0.0000,-2.5000,-0.2176,-0.0000,0.0000,2315,0,0,
45.3524,20824,416525,0,1831,0,0,0,-2.5000,-0.2179,0.0000,0.0000,-2.5000,-0.2177,-0.0000,0.0000,2316,0,0,
45.3723,20825,416545,0,1831,0,0,0,-2.5000,-0.2179,0.0000,0.0000,-2.5000,-0.2178,-0.0000,0.0000,2317,0,0,
45.3923,20826,416565,0,1831,0,0,0,-2.5000,-0.2179,0.0000,0.0000,-2.5000,-0.2178,-0.0000,0.0000,2318,0,0,
45.4325,20828,416605,0,1831,0,0,0,-2.5000,-0.2179,0.0000,0.0000,-2.5000,-0.2178,-0.0000,0.0000,2320,0,0,
45.4524,20829,416625,0,1831,0,0,0,-2.5000,-0.2179,0.0000,0.0000,-2.5000,-0.2179,-0.0000,0.0000,2321,0,0,
45.4723,20830,416645,0,1831,0,0,0,-2.5000,-0.2179,0.0000,0.0000,-2.5000,-0.2179,-0.0000,0.0000,2322,0,0,
45.4923,20831,416665,0,1831,0,0,0,-2.5000,-0.2179,0.0000,0.0000,-2.5000,-0.2179,-0.0000,0.0000,2323,0,0,
45.5124,20832,416685,0,1831,0,0,0,-2.5000,-0.2179,0.0000,0.0000,-2.5000,-0.2179,-0.0000,0.0000,2324,0,0,
45.5324,20833,416705,0,1831,0,0,0,-2.5000,-0.2179,0.0000,0.0000,-2.5000,-0.2179,-0.0000,0.0000,2325,0,0,
45.5524,20834,416725,0,1831,0,0,0,-2.5000,-0.2179,0.0000,0.0000,-2.5000,-0.2179,-0.0000,0.0000,2326,0,0,
45.5723,20835,416745,0,1831,0,0,0,-2.5000,-0.2179,0.0000,0.0000,-2.5000,-0.2179,-0.0000,0.0000,2327,0,0,
45.5923,20836,416765,0,1831,0,0,0,-2.5000,-0.2179,0.0000,0.0000,-2.5000,-0.2179,-0.0000,0.0000,2328,0,0,
45.6123,20837,416785,0,1830,0,0,0,-2.5000,-0.2189,0.0000,0.0000,-2.5000,-0.2180,-0.0000,0.0000,2329,0,0,
45.6323,20838,416805,0,1829,0,0,0,-2.5000,-0.2199,0.0000,0.0000,-2.5000,-0.2185,-0.0000,0.0000,2330,0,0,
45.6523,20839,416825,0,1829,0,0,0,-2.5000,-0.2199,0.0000,0.0000,-2.5000,-0.2190,-0.0000,0.0000,2331,0,0,
45.6828,20840,416845,0,1830,0,0,0,-2.5000,-0.2189,0.0000,0.0000,-2.5000,-0.2191,-0.0000,0.0000,2332,0,0,2.23
45.6923,20841,416865,0,1830,0,0,0,-2.5000,-0.2189,0.0000,0.0000,-2.5000,-0.2191,-0.0000,0.0000,2333,0,0,
45.7124,20842,416885,0,1830,0,0,0,-2.5000,-0.2189,0.0000,0.0000,-2.5000,-0.2190,-0.0000,0.0000,2334,0,0,
45.7323,20843,416905,0,1829,0,0,0,-2.5000,-0.2199,0.0000,0.0000,-2.5000,-0.2191,-0.0000,0.0000,2335,0,0,
45.7523,20844,416925,0,1830,0,0,0,-2.5000,-0.2189,0.0000,0.0000,-2.5000,-0.2193,-0.0000,0.0000,2336,0,0,
45.7723,20845,416945,0,1830,0,0,0,-2.5000,-0.2189,0.0000,0.0000,-2.5000,-0.2191,-0.0000,0.0000,2337,0,0,
45.7923,20846,416965,0,1830,0,0,0,-2.5000,-0.2189,0.0000,0.0000,-2.5000,-0.2190,-0.0000,0.0000,2338,0,0,
45.8123,20847,416985,0,1830,0,0,0,-2.5000,-0.2189,0.0000,0.0000,-2.5000,-0.2190,-0.0000,0.0000,2339,0,0,
45.8323,20848,417005,0,1830,0,0,0,-2.5000,-0.2189,0.0000,0.0000,-2.5000,-0.2190,-0.0000,0.0000,2340,0,0,
45.8523,20849,417025,0,1830,0,0,0,-2.5000,-0.2189,0.0000,0.0000,-2.5000,-0.2189,-0.0000,0.0000,2341,0,0,
45.8724,20850,417045,0,1831,0,0,0,-2.5000,-0.2179,0.0000,0.0000,-2.5000,-0.2188,-0.0000,0.0000,2342,0,0,
45.8923,20851,417065,0,1831,0,0,0,-2.5000,-0.2179,0.0000,0.0000,-2.5000,-0.2184,-0.0000,0.0000,2343,0,0,
45.9326,20853,417105,0,1831,0,0,0,-2.5000,-0.2179,0.0000,0.0000,-2.5000,-0.2183,-0.0000,0.0000,2345,0,0,
45.9523,20854,417125,0,1831,0,0,0,-2.5000,-0.2179,0.0000,0.0000,-2.5000,-0.2181,-0.0000,0.0000,2346,0,0,
45.9723,20855,417145,0,1830,0,0,0,-2.5000,-0.2189,0.0000,0.0000,-2.5000,-0.2181,-0.0000,0.0000,2347,0,0,
45.9923,20856,417165,0,1829,0,0,0,-2.5000,-0.2199,0.0000,0.0000,-2.5000,-0.2185,-0.0000,0.0000,2348,0,0,
46.0123,20857,417185,0,1830,0,0,0,-2.5000,-0.2189,0.0000,0.0000,-2.5000,-0.2189,-0.0000,0.0000,2349,0,0,
46.0323,20858,417205,0,1830,0,0,0,-2.5000,-0.2189,0.0000,0.0000,-2.5000,-0.2189,-0.0000,0.0000,2350,0,0,
46.0523,20859,417225,0,1830,0,0,0,-2.5000,-0.2189,0.0000,0.0000,-2.5000,-0.2189,-0.0000,0.0000,2351,0,0,
46.0723,20860,417245,0,1831,0,0,0,-2.5000,-0.2179,0.0000,0.0000,-2.5000,-0.2188,-0.0000,0.0000,2352,0,0,
46.0923,20861,417265,0,1831,0,0,0,-2.5000,-0.2179,0.0000,0.0000,-2.5000,-0.2184,-0.0000,0.0000,2353,0,0,
46.1123,20862,417285,0,1831,0,0,0,-2.5000,-0.2179,0.0000,0.0000,-2.5000,-0.2182,-0.0000,0.0000,2354,0,0,
46.1323,20863,417305,0,1832,0,0,0,-2.5000,-0.2169,0.0000,0.0000,-2.5000,-0.2180,-0.0000,0.0000,2355,0,0,
46.1524,20864,417325,0,1832,0,0,0,-2.5000,-0.2169,0.0000,0.0000,-2.5000,-0.2176,-0.0000,0.0000,2356,0,0,
46.1830,20865,417345,0,1831,0,0,0,-2.5000,-0.2179,0.0000,0.0000,-2.5000,-0.2175,-0.0000,0.0000,2357,0,0,
46.1923,20866,417365,0,1831,0,0,0,-2.5000,-0.2179,0.0000,0.0000,-2.5000,-0.2176,-0.0000,0.0000,2358,0,0,
46.2123,20867,417385,0,1831,0,0,0,-2.5000,-0.2179,0.0000,0.0000,-2.5000,-0.2177,-0.0000,0.0000,2359,0,0,
46.2324,20868,417405,0,1831,0,0,0,-2.5000,-0.2179,0.0000,0.0000,-2.5000,-0.2178,-0.0000,0.0000,2360,0,0,
46.2523,20869,417425,0,1832,0,0,0,-2.5000,-0.2169,0.0000,0.0000,-2.5000,-0.2177,-0.0000,0.0000,2361,0,0,
46.2723,20870,417445,0,1832,0,0,0,-2.5000,-0.2169,0.0000,0.0000,-2.5000,-0.2174,-0.0000,0.0000,2362,0,0,
46.2923,20871,417465,0,1832,0,0,0,-2.5000,-0.2169,0.0000,0.0000,-2.5000,-0.2172,-0.0000,0.0000,2363,0,0,
46.3123,20872,417485,0,1832,0,0,0,-2.5000,-0.2169,0.0000,0.0000,-2.5000,-0.2171,-0.0000,0.0000,2364,0,0,
46.3323,20873,417505,0,1831,0,0,0,-2.5000,-0.2179,0.0000,0.0000,-2.5000,-0.2171,-0.0000,0.0000,2365,0,0,
46.3522,20874,417525,0,1831,0,0,0,-2.5000,-0.2179,0.0000,0.0000,-2.5000,-0.2174,-0.0000,0.0000,2366,0,0,
46.3723,20875,417545,0,1831,0,0,0,-2.5000,-0.2179,0.0000,0.0000,-2.5000,-0.2176,-0.0000,0.0000,2367,0,0,
46.3923,20876,417565,0,1831,0,0,0,-2.5000,-0.2179,0.0000,0.0000,-2.5000,-0.2177,-0.0000,0.0000,2368,0,0,
46.4123,20877,417585,0,1831,0,0,0,-2.5000,-0.2179,0.0000,0.0000,-2.5000,-0.2178,-0.0000,0.0000,2369,0,0,
46.4394,20878,417605,0,1831,0,0,0,-2.5000,-0.2179,0.0000,0.0000,-2.5000,-0.2178,-0.0000,0.0000,2370,0,0,
46.4523,20879,417625,0,1831,0,0,0,-2.5000,-0.2179,0.0000,0.0000,-2.5000,-0.2178,-0.0000,0.0000,2371,0,0,
46.4723,20880,417645,0,1831,0,0,0,-2.5000,-0.2179,0.0000,0.0000,-2.5000,-0.2178,-0.0000,0.0000,2372,0,0,
46.4924,20881,417665,0,1831,0,0,0,-2.5000,-0.2179,0.0000,0.0000,-2.5000,-0.2179,-0.0000,0.0000,2373,0,0,
46.5124,20882,417685,0,1832,0,0,0,-2.5000,-0.2169,0.0000,0.0000,-2.5000,-0.2178,-0.0000,0.0000,2374,0,0,
46.5324,20883,417705,0,1832,0,0,0,-2.5000,-0.2169,0.0000,0.0000,-2.5000,-0.2174,-0.0000,0.0000,2375,0,0,
46.5523,20884,417725,0,1832,0,0,0,-2.5000,-0.2169,0.0000,0.0000,-2.5000,-0.2172,-0.0000,0.0000,2376,0,0,
46.5723,20885,417745,0,1832,0,0,0,-2.5000,-0.2169,0.0000,0.0000,-2.5000,-0.2171,-0.0000,0.0000,2377,0,0,
46.5925,20886,417765,0,1832,0,0,0,-2.5000,-0.2169,0.0000,0.0000,-2.5000,-0.2170,-0.0000,0.0000,2378,0,0,
46.6123,20887,417785,0,1832,0,0,0,-2.5000,-0.2169,0.0000,0.0000,-2.5000,-0.2170,-0.0000,0.0000,2379,0,0,
46.6323,20888,417805,0,1830,0,0,0,-2.5000,-0.2189,0.0000,0.0000,-2.5000,-0.2171,-0.0000,0.0000,2380,0,0,
46.6523,20889,417825,0,1830,0,0,0,-2.5000,-0.2189,0.0000,0.0000,-2.5000,-0.2177,-0.0000,0.0000,2381,0,0,
46.6826,20890,417845,0,1830,0,0,0,-2.5000,-0.2189,0.0000,0.0000,-2.5000,-0.2182,-0.0000,0.0000,2382,0,0,2.07
46.6923,20891,417865,0,1830,0,0,0,-2.5000,-0.2189,0.0000,0.0000,-2.5000,-0.2183,-0.0000,0.0000,2383,0,0,
46.7123,20892,417885,0,1830,0,0,0,-2.5000,-0.2189,0.0000,0.0000,-2.5000,-0.2185,-0.0000,0.0000,2384,0,0,
46.7325,20893,417905,0,1831,0,0,0,-2.5000,-0.2179,0.0000,0.0000,-2.5000,-0.2186,-0.0000,0.0000,2385,0,0,
46.7523,20894,417925,0,1831,0,0,0,-2.5000,-0.2179,0.0000,0.0000,-2.5000,-0.2183,-0.0000,0.0000,2386,0,0,
46.7723,20895,417945,0,1831,0,0,0,-2.5000,-0.2179,0.0000,0.0000,-2.5000,-0.2182,-0.0000,0.0000,2387,0,0,
46.7923,20896,417965,0,1830,0,0,0,-2.5000,-0.2189,0.0000,0.0000,-2.5000,-0.2182,-0.0000,0.0000,2388,0,0,
46.8123,20897,417985,0,1830,0,0,0,-2.5000,-0.2189,0.0000,0.0000,-2.5000,-0.2184,-0.0000,0.0000,2389,0,0,
46.8323,20898,418005,0,1830,0,0,0,-2.5000,-0.2189,0.0000,0.0000,-2.5000,-0.2186,-0.0000,0.0000,2390,0,0,
46.8523,20899,418025,0,1831,0,0,0,-2.5000,-0.2179,0.0000,0.0000,-2.5000,-0.2186,-0.0000,0.0000,2391,0,0,
46.8723,20900,418045,0,1831,0,0,0,-2.5000,-0.2179,0.0000,0.0000,-2.5000,-0.2183,-0.0000,0.0000,2392,0,0,
46.8923,20901,418065,0,1831,0,0,0,-2.5000,-0.2179,0.0000,0.0000,-2.5000,-0.2182,-0.0000,0.0000,2393,0,0,
46.9123,20902,418085,0,1830,0,0,0,-2.5000,-0.2189,0.0000,0.0000,-2.5000,-0.2182,-0.0000,0.0000,2394,0,0,
46.9325,20903,418105,0,1830,0,0,0,-2.5000,-0.2189,0.0000,0.0000,-2.5000,-0.2184,-0.0000,0.0000,2395,0,0,
46.9523,20904,418125,0,1831,0,0,0,-2.5000,-0.2179,0.0000,0.0000,-2.5000,-0.2185,-0.0000,0.0000,2396,0,0,
46.9723,20905,418145,0,1831,0,0,0,-2.5000,-0.2179,0.0000,0.0000,-2.5000,-0.2183,-0.0000,0.0000,2397,0,0,
46.9923,20906,418165,0,1831,0,0,0,-2.5000,-0.2179,0.0000,0.0000,-2.5000,-0.2181,-0.0000,0.0000,2398,0,0,
47.0124,20907,418185,0,1831,0,0,0,-2.5000,-0.2179,0.0000,0.0000,-2.5000,-0.2180,-0.0000,0.0000,2399,0,0,
47.0323,20908,418205,0,1831,0,0,0,-2.5000,-0.2179,0.0000,0.0000,-2.5000,-0.2180,-0.0000,0.0000,2400,0,0,
47.0523,20909,418225,0,1831,0,0,0,-2.5000,-0.2179,0.0000,0.0000,-2.5000,-0.2180,-0.0000,0.0000,2401,0,0,
47.0722,20910,418245,0,1831,0,0,0,-2.5000,-0.2179,0.0000,0.0000,-2.5000,-0.2179,-0.0000,0.0000,2402,0,0,
47.0923,20911,418265,0,1831,0,0,0,-2.5000,-0.2179,0.0000,0.0000,-2.5000,-0.2179,-0.0000,0.0000,2403,0,0,
47.1123,20912,418285,0,1831,0,0,0,-2.5000,-0.2179,0.0000,0.0000,-2.5000,-0.2179,-0.0000,0.0000,2404,0,0,
47.1324,20913,418305,0,1830,0,0,0,-2.5000,-0.2189,0.0000,0.0000,-2.5000,-0.2180,-0.0000,0.0000,2405,0,0,
47.1524,20914,418325,0,1831,0,0,0,-2.5000,-0.2179,0.0000,0.0000,-2.5000,-0.2182,-0.0000,0.0000,2406,0,0,
47.1962,20916,418365,0,1832,0,0,0,-2.5000,-0.2169,0.0000,0.0000,-2.5000,-0.2180,-0.0000,0.0000,2408,0,0,
47.2124,20917,418385,0,1832,0,0,0,-2.5000,-0.2169,0.0000,0.0000,-2.5000,-0.2176,-0.0000,0.0000,2409,0,0,
47.2323,20918,418405,0,1832,0,0,0,-2.5000,-0.2169,0.0000,0.0000,-2.5000,-0.2174,-0.0000,0.0000,2410,0,0,
47.2523,20919,418425,0,1832,0,0,0,-2.5000,-0.2169,0.0000,0.0000,-2.5000,-0.2172,-0.0000,0.0000,2411,0,0,
47.2723,20920,418445,0,1831,0,0,0,-2.5000,-0.2179,0.0000,0.0000,-2.5000,-0.2172,-0.0000,0.0000,2412,0,0,
47.2924,20921,418465,0,1832,0,0,0,-2.5000,-0.2169,0.0000,0.0000,-2.5000,-0.2174,-0.0000,0.0000,2413,0,0,
47.3123,20922,418485,0,1832,0,0,0,-2.5000,-0.2169,0.0000,0.0000,-2.5000,-0.2172,-0.0000,0.0000,2414,0,0,
47.3324,20923,418505,0,1832,0,0,0,-2.5000,-0.2169,0.0000,0.0000,-2.5000,-0.2171,-0.0000,0.0000,2415,0,0,
47.3525,20924,418525,0,1831,0,0,0,-2.5000,-0.2179,0.0000,0.0000,-2.5000,-0.2171,-0.0000,0.0000,2416,0,0,
47.3723,20925,418545,0,1831,0,0,0,-2.5000,-0.2179,0.0000,0.0000,-2.5000,-0.2174,-0.0000,0.0000,2417,0,0,
47.3923,20926,418565,0,1831,0,0,0,-2.5000,-0.2179,0.0000,0.0000,-2.5000,-0.2176,-0.0000,0.0000,2418,0,0,
47.4123,20927,418585,0,1831,0,0,0,-2.5000,-0.2179,0.0000,0.0000,-2.5000,-0.2177,-0.0000,0.0000,2419,0,0,
47.4464,20928,418605,0,1831,0,0,0,-2.5000,-0.2179,0.0000,0.0000,-2.5000,-0.2178,-0.0000,0.0000,2420,0,0,
47.4522,20929,418625,0,1831,0,0,0,-2.5000,-0.2179,0.0000,0.0000,-2.5000,-0.2178,-0.0000,0.0000,2421,0,0,
47.4724,20930,418645,0,1831,0,0,0,-2.5000,-0.2179,0.0000,0.0000,-2.5000,-0.2178,-0.0000,0.0000,2422,0,0,
47.4923,20931,418665,0,1831,0,0,0,-2.5000,-0.2179,0.0000,0.0000,-2.5000,-0.2178,-0.0000,0.0000,2423,0,0,
47.5123,20932,418685,0,1831,0,0,0,-2.5000,-0.2179,0.0000,0.0000,-2.5000,-0.2179,-0.0000,0.0000,2424,0,0,
47.5323,20933,418705,0,1831,0,0,0,-2.5000,-0.2179,0.0000,0.0000,-2.5000,-0.2179,-0.0000,0.0000,2425,0,0,
47.5524,20934,418725,0,1831,0,0,0,-2.5000,-0.2179,0.0000,0.0000,-2.5000,-0.2179,-0.0000,0.0000,2426,0,0,
47.5723,20935,418745,0,1830,0,0,0,-2.5000,-0.2189,0.0000,0.0000,-2.5000,-0.2180,-0.0000,0.0000,2427,0,0,
47.5923,20936,418765,0,1831,0,0,0,-2.5000,-0.2179,0.0000,0.0000,-2.5000,-0.2183,-0.0000,0.0000,2428,0,0,
47.6123,20937,418785,0,1831,0,0,0,-2.5000,-0.2179,0.0000,0.0000,-2.5000,-0.2181,-0.0000,0.0000,2429,0,0,
47.6324,20938,418805,0,1831,0,0,0,-2.5000,-0.2179,0.0000,0.0000,-2.5000,-0.2180,-0.0000,0.0000,2430,0,0,
47.6523,20939,418825,0,1831,0,0,0,-2.5000,-0.2179,0.0000,0.0000,-2.5000,-0.2180,-0.0000,0.0000,2431,0,0,
47.6921,20941,418865,0,1831,0,0,0,-2.5000,-0.2179,0.0000,0.0000,-2.5000,-0.2179,-0.0000,0.0000,2433,0,0,3.62
47.7126,20942,418885,0,1831,0,0,0,-2.5000,-0.2179,0.0000,0.0000,-2.5000,-0.2179,-0.0000,0.0000,2434,0,0,
47.7324,20943,418905,0,1830,0,0,0,-2.5000,-0.2189,0.0000,0.0000,-2.5000,-0.2180,-0.0000,0.0000,2435,0,0,
47.7523,20944,418925,0,1831,0,0,0,-2.5000,-0.2179,0.0000,0.0000,-2.5000,-0.2182,-0.0000,0.0000,2436,0,0,
47.7725,20945,418945,0,1831,0,0,0,-2.5000,-0.2179,0.0000,0.0000,-2.5000,-0.2181,-0.0000,0.0000,2437,0,0,
47.7923,20946,418965,0,1831,0,0,0,-2.5000,-0.2179,0.0000,0.0000,-2.5000,-0.2180,-0.0000,0.0000,2438,0,0,
47.8123,20947,418985,0,1831,0,0,0,-2.5000,-0.2179,0.0000,0.0000,-2.5000,-0.2180,-0.0000,0.0000,2439,0,0,
47.8323,20948,419005,0,1831,0,0,0,-2.5000,-0.2179,0.0000,0.0000,-2.5000,-0.2179,-0.0000,0.0000,2440,0,0,
47.8525,20949,419025,0,1832,0,0,0,-2.5000,-0.2169,0.0000,0.0000,-2.5000,-0.2178,-0.0000,0.0000,2441,0,0,
47.8724,20950,419045,0,1831,0,0,0,-2.5000,-0.2179,0.0000,0.0000,-2.5000,-0.2175,-0.0000,0.0000,2442,0,0,
47.8923,20951,419065,0,1831,0,0,0,-2.5000,-0.2179,0.0000,0.0000,-2.5000,-0.2177,-0.0000,0.0000,2443,0,0,
47.9124,20952,419085,0,1831,0,0,0,-2.5000,-0.2179,0.0000,0.0000,-2.5000,-0.2177,-0.0000,0.0000,2444,0,0,
47.9392,20953,419105,0,1830,0,0,0,-2.5000,-0.2189,0.0000,0.0000,-2.5000,-0.2179,-0.0000,0.0000,2445,0,0,
47.9533,20954,419125,0,1831,0,0,0,-2.5000,-0.2179,0.0000,0.0000,-2.5000,-0.2179,-0.0000,0.0000,2446,0,0,
47.9723,20955,419145,0,1831,0,0,0,-2.5000,-0.2179,0.0000,0.0000,-2.5000,-0.2179,-0.0000,0.0000,2447,0,0,
47.9924,20956,419165,0,1832,0,0,0,-2.5000,-0.2169,0.0000,0.0000,-2.5000,-0.2178,-0.0000,0.0000,2448,0,0,
48.0123,20957,419185,0,1831,0,0,0,-2.5000,-0.2179,0.0000,0.0000,-2.5000,-0.2175,-0.0000,0.0000,2449,0,0,
48.0323,20958,419205,0,1831,0,0,0,-2.5000,-0.2179,0.0000,0.0000,-2.5000,-0.2177,-0.0000,0.0000,2450,0,0,
48.0524,20959,419225,0,1832,0,0,0,-2.5000,-0.2169,0.0000,0.0000,-2.5000,-0.2177,-0.0000,0.0000,2451,0,0,
48.0723,20960,419245,0,1831,0,0,0,-2.5000,-0.2179,0.0000,0.0000,-2.5000,-0.2175,-0.0000,0.0000,2452,0,0,
48.0924,20961,419265,0,1831,0,0,0,-2.5000,-0.2179,0.0000,0.0000,-2.5000,-0.2176,-0.0000,0.0000,2453,0,0,
48.1123,20962,419285,0,1830,0,0,0,-2.5000,-0.2189,0.0000,0.0000,-2.5000,-0.2178,-0.0000,0.0000,2454,0,0,
48.1323,20963,419305,0,1830,0,0,0,-2.5000,-0.2189,0.0000,0.0000,-2.5000,-0.2182,-0.0000,0.0000,2455,0,0,
48.1523,20964,419325,0,1831,0,0,0,-2.5000,-0.2179,0.0000,0.0000,-2.5000,-0.2184,-0.0000,0.0000,2456,0,0,
48.1723,20965,419345,0,1831,0,0,0,-2.5000,-0.2179,0.0000,0.0000,-2.5000,-0.2182,-0.0000,0.0000,2457,0,0,
48.2037,20966,419365,0,1831,0,0,0,-2.5000,-0.2179,0.0000,0.0000,-2.5000,-0.2181,-0.0000,0.0000,2458,0,0,
48.2123,20967,419385,0,1831,0,0,0,-2.5000,-0.2179,0.0000,0.0000,-2.5000,-0.2181,-0.0000,0.0000,2459,0,0,
48.2324,20968,419405,0,1831,0,0,0,-2.5000,-0.2179,0.0000,0.0000,-2.5000,-0.2180,-0.0000,0.0000,2460,0,0,
48.2524,20969,419425,0,1831,0,0,0,-2.5000,-0.2179,0.0000,0.0000,-2.5000,-0.2180,-0.0000,0.0000,2461,0,0,
48.2723,20970,419445,0,1831,0,0,0,-2.5000,-0.2179,0.0000,0.0000,-2.5000,-0.2179,-0.0000,0.0000,2462,0,0,
48.2923,20971,419465,0,1831,0,0,0,-2.5000,-0.2179,0.0000,0.0000,-2.5000,-0.2179,-0.0000,0.0000,2463,0,0,
48.3124,20972,419485,0,1830,0,0,0,-2.5000,-0.2189,0.0000,0.0000,-2.5000,-0.2180,-0.0000,0.0000,2464,0,0,
48.3324,20973,419505,0,1830,0,0,0,-2.5000,-0.2189,0.0000,0.0000,-2.5000,-0.2183,-0.0000,0.0000,2465,0,0,
48.3524,20974,419525,0,1830,0,0,0,-2.5000,-0.2189,0.0000,0.0000,-2.5000,-0.2185,-0.0000,0.0000,2466,0,0,
48.3723,20975,419545,0,1831,0,0,0,-2.5000,-0.2179,0.0000,0.0000,-2.5000,-0.2186,-0.0000,0.0000,2467,0,0,
48.3924,20976,419565,0,1831,0,0,0,-2.5000,-0.2179,0.0000,0.0000,-2.5000,-0.2183,-0.0000,0.0000,2468,0,0,
48.4123,20977,419585,0,1830,0,0,0,-2.5000,-0.2189,0.0000,0.0000,-2.5000,-0.2183,-0.0000,0.0000,2469,0,0,
48.4463,20978,419605,0,1830,0,0,0,-2.5000,-0.2189,0.0000,0.0000,-2.5000,-0.2185,-0.0000,0.0000,2470,0,0,
48.4533,20979,419625,0,1830,0,0,0,-2.5000,-0.2189,0.0000,0.0000,-2.5000,-0.2185,-0.0000,0.0000,2471,0,0,
48.4724,20980,419645,0,1831,0,0,0,-2.5000,-0.2179,0.0000,0.0000,-2.5000,-0.2186,-0.0000,0.0000,2472,0,0,
48.4924,20981,419665,0,1831,0,0,0,-2.5000,-0.2179,0.0000,0.0000,-2.5000,-0.2183,-0.0000,0.0000,2473,0,0,
48.5123,20982,419685,0,1831,0,0,0,-2.5000,-0.2179,0.0000,0.0000,-2.5000,-0.2181,-0.0000,0.0000,2474,0,0,
48.5324,20983,419705,0,1831,0,0,0,-2.5000,-0.2179,0.0000,0.0000,-2.5000,-0.2181,-0.0000,0.0000,2475,0,0,
48.5525,20984,419725,0,1831,0,0,0,-2.5000,-0.2179,0.0000,0.0000,-2.5000,-0.2180,-0.0000,0.0000,2476,0,0,
48.5724,20985,419745,0,1831,0,0,0,-2.5000,-0.2179,0.0000,0.0000,-2.5000,-0.2180,-0.0000,0.0000,2477,0,0,
48.5923,20986,419765,0,1831,0,0,0,-2.5000,-0.2179,0.0000,0.0000,-2.5000,-0.2179,-0.0000,0.0000,2478,0,0,
48.6123,20987,419785,0,1831,0,0,0,-2.5000,-0.2179,0.0000,0.0000,-2.5000,-0.2179,-0.0000,0.0000,2479,0,0,
48.6323,20988,419805,0,1831,0,0,0,-2.5000,-0.2179,0.0000,0.0000,-2.5000,-0.2179,-0.0000,0.0000,2480,0,0,
48.6523,20989,419825,0,1831,0,0,0,-2.5000,-0.2179,0.0000,0.0000,-2.5000,-0.2179,-0.0000,0.0000,2481,0,0,
48.6724,20990,419845,0,1831,0,0,0,-2.5000,-0.2179,0.0000,0.0000,-2.5000,-0.2179,-0.0000,0.0000,2482,0,0,
48.7124,20992,419885,0,1831,0,0,0,-2.5000,-0.2179,0.0000,0.0000,-2.5000,-0.2179,-0.0000,0.0000,2484,0,0,7.18
48.7323,20993,419905,0,1831,0,0,0,-2.5000,-0.2179,0.0000,0.0000,-2.5000,-0.2179,-0.0000,0.0000,2485,0,0,
48.7523,20994,419925,0,1831,0,0,0,-2.5000,-0.2179,0.0000,0.0000,-2.5000,-0.2179,-0.0000,0.0000,2486,0,0,
48.7723,20995,419945,0,1831,0,0,0,-2.5000,-0.2179,0.0000,0.0000,-2.5000,-0.2179,-0.0000,0.0000,2487,0,0,
48.7924,20996,419965,0,1830,0,0,0,-2.5000,-0.2189,0.0000,0.0000,-2.5000,-0.2180,-0.0000,0.0000,2488,0,0,
48.8123,20997,419985,0,1830,0,0,0,-2.5000,-0.2189,0.0000,0.0000,-2.5000,-0.2183,-0.0000,0.0000,2489,0,0,
48.8323,20998,420005,0,1830,0,0,0,-2.5000,-0.2189,0.0000,0.0000,-2.5000,-0.2186,-0.0000,0.0000,2490,0,0,
48.8524,20999,420025,0,1830,0,0,0,-2.5000,-0.2189,0.0000,0.0000,-2.5000,-0.2187,-0.0000,0.0000,2491,0,0,
48.8723,21000,420045,0,1831,0,0,0,-2.5000,-0.2179,0.0000,0.0000,-2.5000,-0.2187,-0.0000,0.0000,2492,0,0,
48.8923,21001,420065,0,1831,0,0,0,-2.5000,-0.2179,0.0000,0.0000,-2.5000,-0.2183,-0.0000,0.0000,2493,0,0,
48.9123,21002,420085,0,1831,0,0,0,-2.5000,-0.2179,0.0000,0.0000,-2.5000,-0.2182,-0.0000,0.0000,2494,0,0,
48.9324,21003,420105,0,1831,0,0,0,-2.5000,-0.2179,0.0000,0.0000,-2.5000,-0.2181,-0.0000,0.0000,2495,0,0,
48.9602,21004,420125,0,1831,0,0,0,-2.5000,-0.2179,0.0000,0.0000,-2.5000,-0.2180,-0.0000,0.0000,2496,0,0,
48.9723,21005,420145,0,1831,0,0,0,-2.5000,-0.2179,0.0000,0.0000,-2.5000,-0.2180,-0.0000,0.0000,2497,0,0,
48.9924,21006,420165,0,1831,0,0,0,-2.5000,-0.2179,0.0000,0.0000,-2.5000,-0.2180,-0.0000,0.0000,2498,0,0,
49.0123,21007,420185,0,1831,0,0,0,-2.5000,-0.2179,0.0000,0.0000,-2.5000,-0.2179,-0.0000,0.0000,2499,0,0,
49.0324,21008,420205,0,1830,0,0,0,-2.5000,-0.2189,0.0000,0.0000,-2.5000,-0.2180,-0.0000,0.0000,2500,0,0,
49.0523,21009,420225,0,1830,0,0,0,-2.5000,-0.2189,0.0000,0.0000,-2.5000,-0.2183,-0.0000,0.0000,2501,0,0,
49.0723,21010,420245,0,1831,0,0,0,-2.5000,-0.2179,0.0000,0.0000,-2.5000,-0.2184,-0.0000,0.0000,2502,0,0,
49.0923,21011,420265,0,1831,0,0,0,-2.5000,-0.2179,0.0000,0.0000,-2.5000,-0.2182,-0.0000,0.0000,2503,0,0,
49.1123,21012,420285,0,1831,0,0,0,-2.5000,-0.2179,0.0000,0.0000,-2.5000,-0.2181,-0.0000,0.0000,2504,0,0,
49.1324,21013,420305,0,1831,0,0,0,-2.5000,-0.2179,0.0000,0.0000,-2.5000,-0.2180,-0.0000,0.0000,2505,0,0,
49.1523,21014,420325,0,1832,0,0,0,-2.5000,-0.2169,0.0000,0.0000,-2.5000,-0.2179,-0.0000,0.0000,2506,0,0,
49.1723,21015,420345,0,1832,0,0,0,-2.5000,-0.2169,0.0000,0.0000,-2.5000,-0.2175,-0.0000,0.0000,2507,0,0,
49.2123,21017,420385,0,1832,0,0,0,-2.5000,-0.2169,0.0000,0.0000,-2.5000,-0.2173,-0.0000,0.0000,2509,0,0,
49.2324,21018,420405,0,1831,0,0,0,-2.5000,-0.2179,0.0000,0.0000,-2.5000,-0.2172,-0.0000,0.0000,2510,0,0,
49.2523,21019,420425,0,1830,0,0,0,-2.5000,-0.2189,0.0000,0.0000,-2.5000,-0.2176,-0.0000,0.0000,2511,0,0,
49.2723,21020,420445,0,1831,0,0,0,-2.5000,-0.2179,0.0000,0.0000,-2.5000,-0.2180,-0.0000,0.0000,2512,0,0,
49.2924,21021,420465,0,1831,0,0,0,-2.5000,-0.2179,0.0000,0.0000,-2.5000,-0.2179,-0.0000,0.0000,2513,0,0,
49.3123,21022,420485,0,1831,0,0,0,-2.5000,-0.2179,0.0000,0.0000,-2.5000,-0.2179,-0.0000,0.0000,2514,0,0,
49.3323,21023,420505,0,1831,0,0,0,-2.5000,-0.2179,0.0000,0.0000,-2.5000,-0.2179,-0.0000,0.0000,2515,0,0,
49.3523,21024,420525,0,1831,0,0,0,-2.5000,-0.2179,0.0000,0.0000,-2.5000,-0.2179,-0.0000,0.0000,2516,0,0,
49.3723,21025,420545,0,1830,0,0,0,-2.5000,-0.2189,0.0000,0.0000,-2.5000,-0.2180,-0.0000,0.0000,2517,0,0,
49.3924,21026,420565,0,1830,0,0,0,-2.5000,-0.2189,0.0000,0.0000,-2.5000,-0.2184,-0.0000,0.0000,2518,0,0,
49.4124,21027,420585,0,1830,0,0,0,-2.5000,-0.2189,0.0000,0.0000,-2.5000,-0.2186,-0.0000,0.0000,2519,0,0,
49.4323,21028,420605,0,1831,0,0,0,-2.5000,-0.2179,0.0000,0.0000,-2.5000,-0.2186,-0.0000,0.0000,2520,0,0,
49.4670,21029,420625,0,1831,0,0,0,-2.5000,-0.2179,0.0000,0.0000,-2.5000,-0.2184,-0.0000,0.0000,2521,0,0,
49.4723,21030,420645,0,1831,0,0,0,-2.5000,-0.2179,0.0000,0.0000,-2.5000,-0.2184,-0.0000,0.0000,2522,0,0,
49.4923,21031,420665,0,1830,0,0,0,-2.5000,-0.2189,0.0000,0.0000,-2.5000,-0.2183,-0.0000,0.0000,2523,0,0,
49.5124,21032,420685,0,1830,0,0,0,-2.5000,-0.2189,0.0000,0.0000,-2.5000,-0.2185,-0.0000,0.0000,2524,0,0,
49.5324,21033,420705,0,1830,0,0,0,-2.5000,-0.2189,0.0000,0.0000,-2.5000,-0.2187,-0.0000,0.0000,2525,0,0,
49.5523,21034,420725,0,1830,0,0,0,-2.5000,-0.2189,0.0000,0.0000,-2.5000,-0.2187,-0.0000,0.0000,2526,0,0,
49.5723,21035,420745,0,1831,0,0,0,-2.5000,-0.2179,0.0000,0.0000,-2.5000,-0.2187,-0.0000,0.0000,2527,0,0,
49.5925,21036,420765,0,1831,0,0,0,-2.5000,-0.2179,0.0000,0.0000,-2.5000,-0.2184,-0.0000,0.0000,2528,0,0,
49.6124,21037,420785,0,1831,0,0,0,-2.5000,-0.2179,0.0000,0.0000,-2.5000,-0.2182,-0.0000,0.0000,2529,0,0,
49.6324,21038,420805,0,1831,0,1,0,-2.5000,-0.2179,0.0000,0.0500,-2.5000,-0.2181,-0.0000,0.0004,2530,0,0,
49.6523,21039,420825,0,1830,0,1,0,-2.5000,-0.2189,0.0000,0.0500,-2.5000,-0.2181,-0.0000,0.0057,2531,0,0,
49.6723,21040,420845,0,1830,0,1,0,-2.5000,-0.2189,0.0000,0.0500,-2.5000,-0.2184,-0.0000,0.0161,2532,0,0,
49.6924,21041,420865,0,1831,0,1,0,-2.5000,-0.2179,0.0000,0.0500,-2.5000,-0.2185,-0.0000,0.0245,2533,0,0,
49.7126,21042,420885,0,1831,0,1,0,-2.5000,-0.2179,0.0000,0.0500,-2.5000,-0.2184,-0.0000,0.0286,2534,0,0,2.16
49.7324,21043,420905,0,1831,0,1,0,-2.5000,-0.2179,0.0000,0.0500,-2.5000,-0.2182,-0.0000,0.0359,2535,0,0,
49.7524,21044,420925,0,1831,0,1,0,-2.5000,-0.2179,0.0000,0.0500,-2.5000,-0.2181,0.0000,0.0417,2536,0,0,
49.7724,21045,420945,0,1831,0,1,0,-2.5000,-0.2179,0.0000,0.0500,-2.5000,-0.2180,0.0000,0.0446,2537,0,0,
49.7925,21046,420965,0,1831,0,1,0,-2.5000,-0.2179,0.0000,0.0500,-2.5000,-0.2180,0.0000,0.0468,2538,0,0,
49.8124,21047,420985,0,1831,0,1,0,-2.5000,-0.2179,0.0000,0.0500,-2.5000,-0.2179,0.0000,0.0479,2539,0,0,
49.8324,21048,421005,0,1830,0,1,0,-2.5000,-0.2189,0.0000,0.0500,-2.5000,-0.2180,0.0000,0.0486,2540,0,0,
49.8523,21049,421025,0,1831,0,1,0,-2.5000,-0.2179,0.0000,0.0500,-2.5000,-0.2183,0.0000,0.0492,2541,0,0,
49.8725,21050,421045,0,1831,0,1,0,-2.5000,-0.2179,0.0000,0.0500,-2.5000,-0.2181,0.0000,0.0495,2542,0,0,
49.8923,21051,421065,0,1831,0,1,0,-2.5000,-0.2179,0.0000,0.0500,-2.5000,-0.2180,0.0000,0.0497,2543,0,0,
49.9123,21052,421085,0,1830,0,1,0,-2.5000,-0.2189,0.0000,0.0500,-2.5000,-0.2181,0.0000,0.0498,2544,0,0,
49.9323,21053,421105,0,1830,0,1,0,-2.5000,-0.2189,0.0000,0.0500,-2.5000,-0.2184,0.0000,0.0499,2545,0,0,
49.9669,21054,421125,0,1830,0,1,0,-2.5000,-0.2189,0.0000,0.0500,-2.5000,-0.2186,0.0000,0.0499,2546,0,0,
49.9740,21055,421145,0,1831,0,1,0,-2.5000,-0.2179,0.0000,0.0500,-2.5000,-0.2185,0.0000,0.0499,2547,0,0,
49.9924,21056,421165,0,1831,0,1,0,-2.5000,-0.2179,0.0000,0.0500,-2.5000,-0.2183,0.0000,0.0499,2548,0,0,
50.0124,21057,421185,0,1831,0,1,0,-2.5000,-0.2179,0.0000,0.0500,-2.5000,-0.2181,0.0000,0.0500,2549,0,0,
50.0324,21058,421205,0,1831,0,1,0,-2.5000,-0.2179,0.0000,0.0500,-2.5000,-0.2181,0.0000,0.0500,2550,0,0,
50.0523,21059,421225,0,1831,0,1,0,-2.5000,-0.2179,0.0000,0.0500,-2.5000,-0.2180,0.0000,0.0500,2551,0,0,
50.0724,21060,421245,0,1831,0,1,0,-2.5000,-0.2179,0.0000,0.0500,-2.5000,-0.2180,0.0000,0.0500,2552,0,0,
50.0924,21061,421265,0,1830,0,1,0,-2.5000,-0.2189,0.0000,0.0500,-2.5000,-0.2180,-0.0000,0.0500,2553,0,0,
50.1122,21062,421285,0,1830,0,1,0,-2.5000,-0.2189,0.0000,0.0500,-2.5000,-0.2183,-0.0000,0.0500,2554,0,0,
50.1325,21063,421305,0,1830,0,1,0,-2.5000,-0.2189,0.0000,0.0500,-2.5000,-0.2185,-0.0000,0.0500,2555,0,0,
50.1524,21064,421325,0,1831,0,1,0,-2.5000,-0.2179,0.0000,0.0500,-2.5000,-0.2186,-0.0000,0.0500,2556,0,0,
50.1724,21065,421345,0,1831,0,1,0,-2.5000,-0.2179,0.0000,0.0500,-2.5000,-0.2183,-0.0000,0.0500,2557,0,0,
50.1923,21066,421365,0,1831,0,1,0,-2.5000,-0.2179,0.0000,0.0500,-2.5000,-0.2182,-0.0000,0.0500,2558,0,0,
50.2244,21067,421385,0,1831,0,1,0,-2.5000,-0.2179,0.0000,0.0500,-2.5000,-0.2181,-0.0000,0.0500,2559,0,0,
50.2323,21068,421405,0,1831,0,1,0,-2.5000,-0.2179,0.0000,0.0500,-2.5000,-0.2181,-0.0000,0.0500,2560,0,0,
50.2524,21069,421425,0,1832,0,1,0,-2.5000,-0.2169,0.0000,0.0500,-2.5000,-0.2179,-0.0000,0.0500,2561,0,0,
50.2723,21070,421445,0,1831,0,1,0,-2.5000,-0.2179,0.0000,0.0500,-2.5000,-0.2176,-0.0000,0.0500,2562,0,0,
50.2924,21071,421465,0,1831,0,1,0,-2.5000,-0.2179,0.0000,0.0500,-2.5000,-0.2177,-0.0000,0.0500,2563,0,0,
50.3123,21072,421485,0,1830,0,1,0,-2.5000,-0.2189,0.0000,0.0500,-2.5000,-0.2179,-0.0000,0.0500,2564,0,0,
50.3323,21073,421505,0,1830,0,1,0,-2.5000,-0.2189,0.0000,0.0500,-2.5000,-0.2182,-0.0000,0.0500,2565,0,0,
50.3523,21074,421525,0,1830,0,1,0,-2.5000,-0.2189,0.0000,0.0500,-2.5000,-0.2185,0.0000,0.0500,2566,0,0,
50.3724,21075,421545,0,1830,0,1,0,-2.5000,-0.2189,0.0000,0.0500,-2.5000,-0.2186,-0.0000,0.0500,2567,0,0,
50.3924,21076,421565,0,1830,0,1,0,-2.5000,-0.2189,0.0000,0.0500,-2.5000,-0.2187,-0.0000,0.0500,2568,0,0,
50.4124,21077,421585,0,1830,0,1,0,-2.5000,-0.2189,0.0000,0.0500,-2.5000,-0.2188,-0.0000,0.0500,2569,0,0,
50.4323,21078,421605,0,1830,0,1,0,-2.5000,-0.2189,0.0000,0.0500,-2.5000,-0.2188,-0.0000,0.0500,2570,0,0,
50.4739,21080,421645,0,1831,0,1,0,-2.5000,-0.2179,0.0000,0.0500,-2.5000,-0.2187,-0.0000,0.0500,2572,0,0,
50.4924,21081,421665,0,1831,0,1,0,-2.5000,-0.2179,0.0000,0.0500,-2.5000,-0.2184,-0.0000,0.0500,2573,0,0,
50.5124,21082,421685,0,1831,0,1,0,-2.5000,-0.2179,0.0000,0.0500,-2.5000,-0.2182,-0.0000,0.0500,2574,0,0,
50.5324,21083,421705,0,1831,0,1,0,-2.5000,-0.2179,0.0000,0.0500,-2.5000,-0.2181,-0.0000,0.0500,2575,0,0,
50.5524,21084,421725,0,1831,0,1,0,-2.5000,-0.2179,0.0000,0.0500,-2.5000,-0.2180,-0.0000,0.0500,2576,0,0,
50.5724,21085,421745,0,1831,0,1,0,-2.5000,-0.2179,0.0000,0.0500,-2.5000,-0.2180,-0.0000,0.0500,2577,0,0,
50.5924,21086,421765,0,1831,0,1,0,-2.5000,-0.2179,0.0000,0.0500,-2.5000,-0.2179,0.0000,0.0500,2578,0,0,
50.6123,21087,421785,0,1831,0,1,0,-2.5000,-0.2179,0.0000,0.0500,-2.5000,-0.2179,-0.0000,0.0500,2579,0,0,
50.6324,21088,421805,0,1830,0,0,0,-2.5000,-0.2189,0.0000,0.0000,-2.5000,-0.2180,-0.0000,0.0497,2580,0,0,
50.6523,21089,421825,0,1831,0,0,0,-2.5000,-0.2179,0.0000,0.0000,-2.5000,-0.2183,-0.0000,0.0434,2581,0,0,
50.6723,21090,421845,0,1831,0,0,0,-2.5000,-0.2179,0.0000,0.0000,-2.5000,-0.2181,-0.0000,0.0350,2582,0,0,
50.6923,21091,421865,0,1832,0,0,0,-2.5000,-0.2169,0.0000,0.0000,-2.5000,-0.2179,-0.0000,0.0246,2583,0,0,
50.7241,21092,421885,0,1833,0,0,0,-2.5000,-0.2158,0.0000,0.0000,-2.5000,-0.2175,-0.0000,0.0184,2584,0,0,2.14
50.7324,21093,421905,0,1832,0,0,0,-2.5000,-0.2169,0.0000,0.0000,-2.5000,-0.2175,-0.0000,0.0166,2585,0,0,
50.7524,21094,421925,0,1832,0,0,0,-2.5000,-0.2169,0.0000,0.0000,-2.5000,-0.2172,-0.0000,0.0098,2586,0,0,
50.7723,21095,421945,0,1831,0,0,0,-2.5000,-0.2179,0.0000,0.0000,-2.5000,-0.2172,-0.0000,0.0064,2587,0,0,
50.7924,21096,421965,0,1831,0,0,0,-2.5000,-0.2179,0.0000,0.0000,-2.5000,-0.2175,-0.0000,0.0038,2588,0,0,
50.8124,21097,421985,0,1831,0,0,0,-2.5000,-0.2179,0.0000,0.0000,-2.5000,-0.2176,-0.0000,0.0025,2589,0,0,
50.8323,21098,422005,0,1831,0,0,0,-2.5000,-0.2179,0.0000,0.0000,-2.5000,-0.2177,-0.0000,0.0015,2590,0,0,
50.8523,21099,422025,0,1831,0,0,0,-2.5000,-0.2179,0.0000,0.0000,-2.5000,-0.2178,-0.0000,0.0010,2591,0,0,
50.8724,21100,422045,0,1831,0,0,0,-2.5000,-0.2179,0.0000,0.0000,-2.5000,-0.2178,-0.0000,0.0006,2592,0,0,
50.8924,21101,422065,0,1831,0,0,0,-2.5000,-0.2179,0.0000,0.0000,-2.5000,-0.2179,-0.0000,0.0004,2593,0,0,
50.9124,21102,422085,0,1832,0,0,0,-2.5000,-0.2169,0.0000,0.0000,-2.5000,-0.2178,-0.0000,0.0002,2594,0,0,
50.9323,21103,422105,0,1832,0,0,0,-2.5000,-0.2169,0.0000,0.0000,-2.5000,-0.2174,-0.0000,0.0001,2595,0,0,
50.9524,21104,422125,0,1831,0,0,0,-2.5000,-0.2179,0.0000,0.0000,-2.5000,-0.2173,-0.0000,0.0001,2596,0,0,
50.9808,21105,422145,0,1831,0,0,0,-2.5000,-0.2179,0.0000,0.0000,-2.5000,-0.2174,-0.0000,0.0001,2597,0,0,
50.9924,21106,422165,0,1831,0,0,0,-2.5000,-0.2179,0.0000,0.0000,-2.5000,-0.2175,-0.0000,0.0001,2598,0,0,
51.0124,21107,422185,0,1831,0,0,0,-2.5000,-0.2179,0.0000,0.0000,-2.5000,-0.2177,-0.0000,0.0000,2599,0,0,
51.0323,21108,422205,0,1831,0,0,0,-2.5000,-0.2179,0.0000,0.0000,-2.5000,-0.2178,-0.0000,0.0000,2600,0,0,
51.0523,21109,422225,0,1831,0,0,0,-2.5000,-0.2179,0.0000,0.0000,-2.5000,-0.2178,-0.0000,0.0000,2601,0,0,
51.0724,21110,422245,0,1831,0,0,0,-2.5000,-0.2179,0.0000,0.0000,-2.5000,-0.2178,-0.0000,0.0000,2602,0,0,
51.0923,21111,422265,0,1831,0,0,0,-2.5000,-0.2179,0.0000,0.0000,-2.5000,-0.2179,-0.0000,0.0000,2603,0,0,
51.1123,21112,422285,0,1831,0,0,0,-2.5000,-0.2179,0.0000,0.0000,-2.5000,-0.2179,-0.0000,0.0000,2604,0,0,
51.1323,21113,422305,0,1831,0,0,0,-2.5000,-0.2179,0.0000,0.0000,-2.5000,-0.2179,-0.0000,0.0000,2605,0,0,
51.1523,21114,422325,0,1831,0,0,0,-2.5000,-0.2179,0.0000,0.0000,-2.5000,-0.2179,-0.0000,0.0000,2606,0,0,
51.1723,21115,422345,0,1831,0,0,0,-2.5000,-0.2179,0.0000,0.0000,-2.5000,-0.2179,-0.0000,0.0000,2607,0,0,
51.1922,21116,422365,0,1832,0,0,0,-2.5000,-0.2169,0.0000,0.0000,-2.5000,-0.2178,-0.0000,0.0000,2608,0,0,
51.2237,21117,422385,0,1831,0,0,0,-2.5000,-0.2179,0.0000,0.0000,-2.5000,-0.2176,-0.0000,0.0000,2609,0,0,
51.2323,21118,422405,0,1831,0,0,0,-2.5000,-0.2179,0.0000,0.0000,-2.5000,-0.2176,-0.0000,0.0000,2610,0,0,
51.2523,21119,422425,0,1831,0,0,0,-2.5000,-0.2179,0.0000,0.0000,-2.5000,-0.2177,-0.0000,0.0000,2611,0,0,
51.2723,21120,422445,0,1831,0,0,0,-2.5000,-0.2179,0.0000,0.0000,-2.5000,-0.2178,-0.0000,0.0000,2612,0,0,
51.2924,21121,422465,0,1831,0,0,0,-2.5000,-0.2179,0.0000,0.0000,-2.5000,-0.2178,-0.0000,0.0000,2613,0,0,
51.3124,21122,422485,0,1831,0,0,0,-2.5000,-0.2179,0.0000,0.0000,-2.5000,-0.2178,-0.0000,0.0000,2614,0,0,
51.3324,21123,422505,0,1830,0,0,0,-2.5000,-0.2189,0.0000,0.0000,-2.5000,-0.2180,-0.0000,0.0000,2615,0,0,
51.3523,21124,422525,0,1830,0,0,0,-2.5000,-0.2189,0.0000,0.0000,-2.5000,-0.2183,-0.0000,0.0000,2616,0,0,
51.3724,21125,422545,0,1830,0,0,0,-2.5000,-0.2189,0.0000,0.0000,-2.5000,-0.2185,-0.0000,0.0000,2617,0,0,
51.3923,21126,422565,0,1830,0,0,0,-2.5000,-0.2189,0.0000,0.0000,-2.5000,-0.2187,-0.0000,0.0000,2618,0,0,
51.4123,21127,422585,0,1830,0,1,0,-2.5000,-0.2189,0.0000,0.0500,-2.5000,-0.2188,-0.0000,0.0004,2619,0,0,
51.4323,21128,422605,0,1830,0,1,0,-2.5000,-0.2189,0.0000,0.0500,-2.5000,-0.2188,-0.0000,0.0058,2620,0,0,
51.4523,21129,422625,0,1831,0,1,0,-2.5000,-0.2179,0.0000,0.0500,-2.5000,-0.2187,-0.0000,0.0141,2621,0,0,
51.4808,21130,422645,0,1831,0,1,0,-2.5000,-0.2179,0.0000,0.0500,-2.5000,-0.2185,-0.0000,0.0204,2622,0,0,
51.4923,21131,422665,0,1831,0,1,0,-2.5000,-0.2179,0.0000,0.0500,-2.5000,-0.2184,-0.0000,0.0245,2623,0,0,
51.5123,21132,422685,0,1831,0,1,0,-2.5000,-0.2179,0.0000,0.0500,-2.5000,-0.2182,-0.0000,0.0327,2624,0,0,
51.5324,21133,422705,0,1830,0,1,0,-2.5000,-0.2189,0.0000,0.0500,-2.5000,-0.2182,-0.0000,0.0398,2625,0,0,
51.5524,21134,422725,0,1830,0,1,0,-2.5000,-0.2189,0.0000,0.0500,-2.5000,-0.2184,-0.0000,0.0433,2626,0,0,
51.5724,21135,422745,0,1830,0,1,0,-2.5000,-0.2189,0.0000,0.0500,-2.5000,-0.2186,-0.0000,0.0456,2627,0,0,
51.5924,21136,422765,0,1830,0,1,0,-2.5000,-0.2189,0.0000,0.0500,-2.5000,-0.2187,-0.0000,0.0474,2628,0,0,
51.6124,21137,422785,0,1830,0,1,0,-2.5000,-0.2189,0.0000,0.0500,-2.5000,-0.2188,-0.0000,0.0483,2629,0,0,
51.6323,21138,422805,0,1831,0,1,0,-2.5000,-0.2179,0.0000,0.0500,-2.5000,-0.2187,-0.0000,0.0490,2630,0,0,
51.6523,21139,422825,0,1831,0,1,0,-2.5000,-0.2179,0.0000,0.0500,-2.5000,-0.2184,-0.0000,0.0493,2631,0,0,
51.6723,21140,422845,0,1830,0,1,0,-2.5000,-0.2189,0.0000,0.0500,-2.5000,-0.2184,-0.0000,0.0496,2632,0,0,
51.6923,21141,422865,0,1831,0,1,0,-2.5000,-0.2179,0.0000,0.0500,-2.5000,-0.2185,-0.0000,0.0497,2633,0,0,
51.7236,21142,422885,0,1831,0,1,0,-2.5000,-0.2179,0.0000,0.0500,-2.5000,-0.2183,-0.0000,0.0498,2634,0,0,
51.7378,21143,422905,0,1831,0,1,0,-2.5000,-0.2179,0.0000,0.0500,-2.5000,-0.2182,-0.0000,0.0498,2635,0,0,2.15
51.7523,21144,422925,0,1831,0,1,0,-2.5000,-0.2179,0.0000,0.0500,-2.5000,-0.2181,-0.0000,0.0499,2636,0,0,
51.7724,21145,422945,0,1831,0,1,0,-2.5000,-0.2179,0.0000,0.0500,-2.5000,-0.2181,-0.0000,0.0499,2637,0,0,
51.7924,21146,422965,0,1832,0,1,0,-2.5000,-0.2169,0.0000,0.0500,-2.5000,-0.2179,-0.0000,0.0500,2638,0,0,
51.8124,21147,422985,0,1832,0,1,0,-2.5000,-0.2169,0.0000,0.0500,-2.5000,-0.2175,-0.0000,0.0500,2639,0,0,
51.8323,21148,423005,0,1831,0,1,0,-2.5000,-0.2179,0.0000,0.0500,-2.5000,-0.2174,-0.0000,0.0500,2640,0,0,
51.8523,21149,423025,0,1831,0,1,0,-2.5000,-0.2179,0.0000,0.0500,-2.5000,-0.2176,-0.0000,0.0500,2641,0,0,
51.8724,21150,423045,0,1832,0,1,0,-2.5000,-0.2169,0.0000,0.0500,-2.5000,-0.2176,-0.0000,0.0500,2642,0,0,
51.8924,21151,423065,0,1831,0,1,0,-2.5000,-0.2179,0.0000,0.0500,-2.5000,-0.2174,-0.0000,0.0500,2643,0,0,
51.9124,21152,423085,0,1832,0,1,0,-2.5000,-0.2169,0.0000,0.0500,-2.5000,-0.2175,-0.0000,0.0500,2644,0,0,
51.9323,21153,423105,0,1832,0,1,0,-2.5000,-0.2169,0.0000,0.0500,-2.5000,-0.2173,0.0000,0.0500,2645,0,0,
51.9524,21154,423125,0,1831,0,1,0,-2.5000,-0.2179,0.0000,0.0500,-2.5000,-0.2172,0.0000,0.0500,2646,0,0,
51.9806,21155,423145,0,1831,0,1,0,-2.5000,-0.2179,0.0000,0.0500,-2.5000,-0.2174,-0.0000,0.0500,2647,0,0,
51.9924,21156,423165,0,1831,0,1,0,-2.5000,-0.2179,0.0000,0.0500,-2.5000,-0.2175,-0.0000,0.0500,2648,0,0,
52.0124,21157,423185,0,1830,0,1,0,-2.5000,-0.2189,0.0000,0.0500,-2.5000,-0.2177,-0.0000,0.0500,2649,0,0,
52.0324,21158,423205,0,1830,0,1,0,-2.5000,-0.2189,0.0000,0.0500,-2.5000,-0.2181,-0.0000,0.0500,2650,0,0,
52.0523,21159,423225,0,1830,0,1,0,-2.5000,-0.2189,0.0000,0.0500,-2.5000,-0.2184,-0.0000,0.0500,2651,0,0,
52.0724,21160,423245,0,1830,0,1,0,-2.5000,-0.2189,0.0000,0.0500,-2.5000,-0.2186,-0.0000,0.0500,2652,0,0,
52.0924,21161,423265,0,1830,0,1,0,-2.5000,-0.2189,0.0000,0.0500,-2.5000,-0.2187,-0.0000,0.0500,2653,0,0,
52.1124,21162,423285,0,1830,0,1,0,-2.5000,-0.2189,0.0000,0.0500,-2.5000,-0.2188,-0.0000,0.0500,2654,0,0,
52.1324,21163,423305,0,1831,0,1,0,-2.5000,-0.2179,0.0000,0.0500,-2.5000,-0.2187,-0.0000,0.0500,2655,0,0,
52.1525,21164,423325,0,1830,0,1,0,-2.5000,-0.2189,0.0000,0.0500,-2.5000,-0.2185,-0.0000,0.0500,2656,0,0,
52.1723,21165,423345,0,1831,0,1,0,-2.5000,-0.2179,0.0000,0.0500,-2.5000,-0.2185,0.0000,0.0500,2657,0,0,
52.1923,21166,423365,0,1830,0,1,0,-2.5000,-0.2189,0.0000,0.0500,-2.5000,-0.2184,-0.0000,0.0500,2658,0,0,
52.2123,21167,423385,0,1830,0,1,0,-2.5000,-0.2189,0.0000,0.0500,-2.5000,-0.2186,-0.0000,0.0500,2659,0,0,
52.2376,21168,423405,0,1830,0,1,0,-2.5000,-0.2189,0.0000,0.0500,-2.5000,-0.2186,-0.0000,0.0500,2660,0,0,
52.2525,21169,423425,0,1830,0,1,0,-2.5000,-0.2189,0.0000,0.0500,-2.5000,-0.2187,-0.0000,0.0500,2661,0,0,
52.2724,21170,423445,0,1830,0,1,0,-2.5000,-0.2189,0.0000,0.0500,-2.5000,-0.2188,-0.0000,0.0500,2662,0,0,
52.2923,21171,423465,0,1830,0,1,0,-2.5000,-0.2189,0.0000,0.0500,-2.5000,-0.2188,-0.0000,0.0500,2663,0,0,
52.3124,21172,423485,0,1830,0,1,0,-2.5000,-0.2189,0.0000,0.0500,-2.5000,-0.2188,0.0000,0.0500,2664,0,0,
52.3324,21173,423505,0,1830,0,1,0,-2.5000,-0.2189,0.0000,0.0500,-2.5000,-0.2189,-0.0000,0.0500,2665,0,0,
52.3523,21174,423525,0,1830,0,1,0,-2.5000,-0.2189,0.0000,0.0500,-2.5000,-0.2189,-0.0000,0.0500,2666,0,0,
52.3724,21175,423545,0,1831,0,1,0,-2.5000,-0.2179,0.0000,0.0500,-2.5000,-0.2188,-0.0000,0.0500,2667,0,0,
52.3923,21176,423565,0,1831,0,1,0,-2.5000,-0.2179,0.0000,0.0500,-2.5000,-0.2184,-0.0000,0.0500,2668,0,0,
52.4124,21177,423585,0,1832,0,1,0,-2.5000,-0.2169,0.0000,0.0500,-2.5000,-0.2181,-0.0000,0.0500,2669,0,0,
52.4324,21178,423605,0,1831,0,1,0,-2.5000,-0.2179,0.0000,0.0500,-2.5000,-0.2178,-0.0000,0.0500,2670,0,0,
52.4524,21179,423625,0,1831,0,1,0,-2.5000,-0.2179,0.0000,0.0500,-2.5000,-0.2178,-0.0000,0.0500,2671,0,0,
52.4807,21180,423645,0,1831,0,1,0,-2.5000,-0.2179,0.0000,0.0500,-2.5000,-0.2178,-0.0000,0.0500,2672,0,0,
52.4945,21181,423665,0,1831,0,1,0,-2.5000,-0.2179,0.0000,0.0500,-2.5000,-0.2179,0.0000,0.0500,2673,0,0,
52.5125,21182,423685,0,1831,0,1,0,-2.5000,-0.2179,0.0000,0.0500,-2.5000,-0.2179,-0.0000,0.0500,2674,0,0,
52.5324,21183,423705,0,1831,0,1,0,-2.5000,-0.2179,0.0000,0.0500,-2.5000,-0.2179,-0.0000,0.0500,2675,0,0,
52.5523,21184,423725,0,1830,0,1,0,-2.5000,-0.2189,0.0000,0.0500,-2.5000,-0.2180,0.0000,0.0500,2676,0,0,
52.5724,21185,423745,0,1830,0,1,0,-2.5000,-0.2189,0.0000,0.0500,-2.5000,-0.2183,-0.0000,0.0500,2677,0,0,
52.5923,21186,423765,0,1830,0,1,0,-2.5000,-0.2189,0.0000,0.0500,-2.5000,-0.2185,-0.0000,0.0500,2678,0,0,
52.6123,21187,423785,0,1830,0,1,0,-2.5000,-0.2189,0.0000,0.0500,-2.5000,-0.2187,-0.0000,0.0500,2679,0,0,
52.6324,21188,423805,0,1830,0,1,0,-2.5000,-0.2189,0.0000,0.0500,-2.5000,-0.2187,0.0000,0.0500,2680,0,0,
52.6524,21189,423825,0,1830,0,1,0,-2.5000,-0.2189,0.0000,0.0500,-2.5000,-0.2188,-0.0000,0.0500,2681,0,0,
52.6724,21190,423845,0,1830,0,1,0,-2.5000,-0.2189,0.0000,0.0500,-2.5000,-0.2188,-0.0000,0.0500,2682,0,0,
52.6924,21191,423865,0,1830,0,0,0,-2.5000,-0.2189,0.0000,0.0000,-2.5000,-0.2188,0.0000,0.0497,2683,0,0,
52.7123,21192,423885,0,1831,0,0,0,-2.5000,-0.2179,0.0000,0.0000,-2.5000,-0.2188,0.0000,0.0435,2684,0,0,
52.7513,21193,423905,0,1831,0,0,0,-2.5000,-0.2179,0.0000,0.0000,-2.5000,-0.2185,0.0000,0.0373,2685,0,0,13.76
52.7523,21194,423925,0,1830,0,0,0,-2.5000,-0.2189,0.0000,0.0000,-2.5000,-0.2186,0.0000,0.0352,2686,0,0,
52.7723,21195,423945,0,1831,0,0,0,-2.5000,-0.2179,0.0000,0.0000,-2.5000,-0.2186,0.0000,0.0269,2687,0,0,
52.7925,21196,423965,0,1831,0,0,0,-2.5000,-0.2179,0.0000,0.0000,-2.5000,-0.2183,0.0000,0.0185,2688,0,0,
52.8124,21197,423985,0,1830,0,0,0,-2.5000,-0.2189,0.0000,0.0000,-2.5000,-0.2182,0.0000,0.0110,2689,0,0,
52.8324,21198,424005,0,1830,0,0,0,-2.5000,-0.2189,0.0000,0.0000,-2.5000,-0.2185,0.0000,0.0072,2690,0,0,
52.8523,21199,424025,0,1830,0,0,0,-2.5000,-0.2189,0.0000,0.0000,-2.5000,-0.2186,0.0000,0.0042,2691,0,0,
52.8723,21200,424045,0,1830,0,0,0,-2.5000,-0.2189,0.0000,0.0000,-2.5000,-0.2187,0.0000,0.0028,2692,0,0,
52.8923,21201,424065,0,1830,0,0,0,-2.5000,-0.2189,0.0000,0.0000,-2.5000,-0.2188,0.0000,0.0016,2693,0,0,
52.9124,21202,424085,0,1830,0,0,0,-2.5000,-0.2189,0.0000,0.0000,-2.5000,-0.2188,0.0000,0.0011,2694,0,0,
52.9323,21203,424105,0,1830,0,0,0,-2.5000,-0.2189,0.0000,0.0000,-2.5000,-0.2189,0.0000,0.0007,2695,0,0,
52.9523,21204,424125,0,1830,0,0,0,-2.5000,-0.2189,0.0000,0.0000,-2.5000,-0.2189,0.0000,0.0004,2696,0,0,
52.9723,21205,424145,0,1830,0,0,0,-2.5000,-0.2189,0.0000,0.0000,-2.5000,-0.2189,0.0000,0.0003,2697,0,0,
53.0013,21206,424165,0,1831,0,0,0,-2.5000,-0.2179,0.0000,0.0000,-2.5000,-0.2188,0.0000,0.0002,2698,0,0,
53.0123,21207,424185,0,1831,0,0,0,-2.5000,-0.2179,0.0000,0.0000,-2.5000,-0.2185,0.0000,0.0002,2699,0,0,
53.0323,21208,424205,0,1831,0,0,0,-2.5000,-0.2179,0.0000,0.0000,-2.5000,-0.2183,0.0000,0.0001,2700,0,0,
53.0524,21209,424225,0,1831,0,0,0,-2.5000,-0.2179,0.0000,0.0000,-2.5000,-0.2181,0.0000,0.0001,2701,0,0,
53.0724,21210,424245,0,1831,0,0,0,-2.5000,-0.2179,0.0000,0.0000,-2.5000,-0.2181,0.0000,0.0000,2702,0,0,
53.0923,21211,424265,0,1831,0,0,0,-2.5000,-0.2179,0.0000,0.0000,-2.5000,-0.2180,0.0000,0.0000,2703,0,0,
53.1123,21212,424285,0,1831,0,0,0,-2.5000,-0.2179,0.0000,0.0000,-2.5000,-0.2180,0.0000,0.0000,2704,0,0,
53.1323,21213,424305,0,1832,0,0,0,-2.5000,-0.2169,0.0000,0.0000,-2.5000,-0.2178,0.0000,0.0000,2705,0,0,
53.1524,21214,424325,0,1831,0,0,0,-2.5000,-0.2179,0.0000,0.0000,-2.5000,-0.2176,-0.0000,0.0000,2706,0,0,
53.1723,21215,424345,0,1831,0,0,0,-2.5000,-0.2179,0.0000,0.0000,-2.5000,-0.2177,-0.0000,0.0000,2707,0,0,
53.1924,21216,424365,0,1831,0,0,0,-2.5000,-0.2179,0.0000,0.0000,-2.5000,-0.2178,-0.0000,0.0000,2708,0,0,
53.2123,21217,424385,0,1831,0,0,0,-2.5000,-0.2179,0.0000,0.0000,-2.5000,-0.2178,-0.0000,0.0000,2709,0,0,
53.2513,21218,424405,0,1831,0,0,0,-2.5000,-0.2179,0.0000,0.0000,-2.5000,-0.2178,-0.0000,0.0000,2710,0,0,
53.2523,21219,424425,0,1831,0,0,0,-2.5000,-0.2179,0.0000,0.0000,-2.5000,-0.2179,-0.0000,0.0000,2711,0,0,
53.2723,21220,424445,0,1832,0,0,0,-2.5000,-0.2169,0.0000,0.0000,-2.5000,-0.2178,-0.0000,0.0000,2712,0,0,
53.2924,21221,424465,0,1831,0,0,0,-2.5000,-0.2179,0.0000,0.0000,-2.5000,-0.2175,-0.0000,0.0000,2713,0,0,
53.3123,21222,424485,0,1830,0,0,0,-2.5000,-0.2189,0.0000,0.0000,-2.5000,-0.2177,-0.0000,0.0000,2714,0,0,
53.3323,21223,424505,0,1830,0,0,0,-2.5000,-0.2189,0.0000,0.0000,-2.5000,-0.2181,-0.0000,0.0000,2715,0,0,
53.3523,21224,424525,0,1830,0,0,0,-2.5000,-0.2189,0.0000,0.0000,-2.5000,-0.2185,-0.0000,0.0000,2716,0,0,
53.3723,21225,424545,0,1830,0,0,0,-2.5000,-0.2189,0.0000,0.0000,-2.5000,-0.2186,-0.0000,0.0000,2717,0,0,
53.3923,21226,424565,0,1830,0,0,0,-2.5000,-0.2189,0.0000,0.0000,-2.5000,-0.2187,-0.0000,0.0000,2718,0,0,
53.4123,21227,424585,0,1830,0,0,0,-2.5000,-0.2189,0.0000,0.0000,-2.5000,-0.2188,-0.0000,0.0000,2719,0,0,
53.4323,21228,424605,0,1831,0,0,0,-2.5000,-0.2179,0.0000,0.0000,-2.5000,-0.2187,-0.0000,0.0000,2720,0,0,
53.4524,21229,424625,0,1831,0,0,0,-2.5000,-0.2179,0.0000,0.0000,-2.5000,-0.2184,-0.0000,0.0000,2721,0,0,
53.4724,21230,424645,0,1831,0,0,0,-2.5000,-0.2179,0.0000,0.0000,-2.5000,-0.2182,-0.0000,0.0000,2722,0,0,
53.5014,21231,424665,0,1830,0,0,0,-2.5000,-0.2189,0.0000,0.0000,-2.5000,-0.2183,-0.0000,0.0000,2723,0,0,
53.5123,21232,424685,0,1830,0,0,0,-2.5000,-0.2189,0.0000,0.0000,-2.5000,-0.2183,-0.0000,0.0000,2724,0,0,
53.5323,21233,424705,0,1830,0,0,0,-2.5000,-0.2189,0.0000,0.0000,-2.5000,-0.2186,-0.0000,0.0000,2725,0,0,
53.5523,21234,424725,0,1830,0,0,0,-2.5000,-0.2189,0.0000,0.0000,-2.5000,-0.2187,-0.0000,0.0000,2726,0,0,
53.5724,21235,424745,0,1831,0,0,0,-2.5000,-0.2179,0.0000,0.0000,-2.5000,-0.2187,-0.0000,0.0000,2727,0,0,
53.5923,21236,424765,0,1831,0,0,0,-2.5000,-0.2179,0.0000,0.0000,-2.5000,-0.2183,-0.0000,0.0000,2728,0,0,
53.6123,21237,424785,0,1831,0,0,0,-2.5000,-0.2179,0.0000,0.0000,-2.5000,-0.2182,-0.0000,0.0000,2729,0,0,
53.6325,21238,424805,0,1831,0,0,0,-2.5000,-0.2179,0.0000,0.0000,-2.5000,-0.2181,-0.0000,0.0000,2730,0,0,
53.6524,21239,424825,0,1831,0,0,0,-2.5000,-0.2179,0.0000,0.0000,-2.5000,-0.2180,-0.0000,0.0000,2731,0,0,
53.6724,21240,424845,0,1831,0,0,0,-2.5000,-0.2179,0.0000,0.0000,-2.5000,-0.2180,-0.0000,0.0000,2732,0,0,
53.6924,21241,424865,0,1831,0,0,0,-2.5000,-0.2179,0.0000,0.0000,-2.5000,-0.2179,-0.0000,0.0000,2733,0,0,
53.7124,21242,424885,0,1831,0,0,0,-2.5000,-0.2179,0.0000,0.0000,-2.5000,-0.2179,-0.0000,0.0000,2734,0,0,
53.7323,21243,424905,0,1831,0,0,0,-2.5000,-0.2179,0.0000,0.0000,-2.5000,-0.2179,-0.0000,0.0000,2735,0,0,
53.7584,21244,424925,0,1830,0,0,0,-2.5000,-0.2189,0.0000,0.0000,-2.5000,-0.2180,-0.0000,0.0000,2736,0,0,2.16
53.7724,21245,424945,0,1830,0,0,0,-2.5000,-0.2189,0.0000,0.0000,-2.5000,-0.2183,-0.0000,0.0000,2737,0,0,
53.7924,21246,424965,0,1830,0,0,0,-2.5000,-0.2189,0.0000,0.0000,-2.5000,-0.2185,-0.0000,0.0000,2738,0,0,
53.8124,21247,424985,0,1831,0,0,0,-2.5000,-0.2179,0.0000,0.0000,-2.5000,-0.2185,-0.0000,0.0000,2739,0,0,
53.8324,21248,425005,0,1830,0,0,0,-2.5000,-0.2189,0.0000,0.0000,-2.5000,-0.2184,-0.0000,0.0000,2740,0,0,
53.8523,21249,425025,0,1831,0,0,0,-2.5000,-0.2179,0.0000,0.0000,-2.5000,-0.2184,-0.0000,0.0000,2741,0,0,
53.8724,21250,425045,0,1832,0,0,0,-2.5000,-0.2169,0.0000,0.0000,-2.5000,-0.2181,-0.0000,0.0000,2742,0,0,
53.8923,21251,425065,0,1831,0,0,0,-2.5000,-0.2179,0.0000,0.0000,-2.5000,-0.2178,-0.0000,0.0000,2743,0,0,
53.9125,21252,425085,0,1831,0,0,0,-2.5000,-0.2179,0.0000,0.0000,-2.5000,-0.2178,-0.0000,0.0000,2744,0,0,
53.9324,21253,425105,0,1830,0,0,0,-2.5000,-0.2189,0.0000,0.0000,-2.5000,-0.2180,-0.0000,0.0000,2745,0,0,
53.9523,21254,425125,0,1830,0,0,0,-2.5000,-0.2189,0.0000,0.0000,-2.5000,-0.2183,-0.0000,0.0000,2746,0,0,
53.9724,21255,425145,0,1830,0,0,0,-2.5000,-0.2189,0.0000,0.0000,-2.5000,-0.2185,-0.0000,0.0000,2747,0,0,
54.0082,21256,425165,0,1831,0,0,0,-2.5000,-0.2179,0.0000,0.0000,-2.5000,-0.2185,-0.0000,0.0000,2748,0,0,
54.0124,21257,425185,0,1831,0,0,0,-2.5000,-0.2179,0.0000,0.0000,-2.5000,-0.2185,-0.0000,0.0000,2749,0,0,
54.0324,21258,425205,0,1831,0,0,0,-2.5000,-0.2179,0.0000,0.0000,-2.5000,-0.2182,-0.0000,0.0000,2750,0,0,
54.0524,21259,425225,0,1831,0,0,0,-2.5000,-0.2179,0.0000,0.0000,-2.5000,-0.2181,-0.0000,0.0000,2751,0,0,
54.0724,21260,425245,0,1831,0,0,0,-2.5000,-0.2179,0.0000,0.0000,-2.5000,-0.2180,-0.0000,0.0000,2752,0,0,
54.0923,21261,425265,0,1832,0,0,0,-2.5000,-0.2169,0.0000,0.0000,-2.5000,-0.2179,-0.0000,0.0000,2753,0,0,
54.1124,21262,425285,0,1832,0,0,0,-2.5000,-0.2169,0.0000,0.0000,-2.5000,-0.2175,-0.0000,0.0000,2754,0,0,
54.1324,21263,425305,0,1832,0,0,0,-2.5000,-0.2169,0.0000,0.0000,-2.5000,-0.2173,-0.0000,0.0000,2755,0,0,
54.1524,21264,425325,0,1832,0,0,0,-2.5000,-0.2169,0.0000,0.0000,-2.5000,-0.2171,-0.0000,0.0000,2756,0,0,
54.1724,21265,425345,0,1832,0,0,0,-2.5000,-0.2169,0.0000,0.0000,-2.5000,-0.2171,-0.0000,0.0000,2757,0,0,
54.1924,21266,425365,0,1832,0,0,0,-2.5000,-0.2169,0.0000,0.0000,-2.5000,-0.2170,-0.0000,0.0000,2758,0,0,
54.2124,21267,425385,0,1833,0,0,0,-2.5000,-0.2158,0.0000,0.0000,-2.5000,-0.2169,-0.0000,0.0000,2759,0,0,
54.2323,21268,425405,0,1831,0,0,0,-2.5000,-0.2179,0.0000,0.0000,-2.5000,-0.2167,-0.0000,0.0000,2760,0,0,
54.2583,21269,425425,0,1832,0,0,1,0.0000,0.0000,0.0000,0.0500,-2.4937,-0.2118,-0.0000,0.0019,2761,0,0,
54.2723,21270,425445,0,1832,0,0,1,0.0000,0.0000,0.0000,0.0500,-2.4812,-0.2018,0.0000,0.0061,2762,0,0,
54.2924,21271,425465,0,1831,0,0,1,0.0000,0.0000,0.0000,0.0500,-2.4500,-0.1768,0.0000,0.0165,2763,0,0,
54.3124,21272,425485,0,1831,0,0,1,0.0000,0.0000,0.0000,0.0500,-2.4250,-0.1569,0.0000,0.0248,2764,0,0,
54.3324,21273,425505,0,1831,0,0,1,0.0000,0.0000,0.0000,0.0500,-2.4000,-0.1369,0.0000,0.0330,2765,0,0,
54.3524,21274,425525,0,1831,0,0,1,0.0000,0.0000,0.0000,0.0500,-2.3687,-0.1119,0.0000,0.0399,2766,0,0,
54.3724,21275,425545,0,1831,0,0,1,0.0000,0.0000,0.0000,0.0500,-2.3437,-0.0919,0.0000,0.0434,2767,0,0,
54.3923,21276,425565,0,1831,0,0,1,0.0000,0.0000,0.0000,0.0500,-2.3187,-0.0719,0.0000,0.0457,2768,0,0,
54.4124,21277,425585,0,1832,0,0,1,0.0000,0.0000,0.0000,0.0500,-2.2937,-0.0519,0.0000,0.0472,2769,0,0,
54.4324,21278,425605,0,1831,0,0,1,0.0000,0.0000,0.0000,0.0500,-2.2625,-0.0308,0.0000,0.0483,2770,0,0,
54.4524,21279,425625,0,1831,0,0,1,0.0000,0.0000,0.0000,0.0500,-2.2375,-0.0202,0.0000,0.0489,2771,0,0,
54.4724,21280,425645,0,1831,0,0,1,0.0000,0.0000,0.0000,0.0500,-2.2062,-0.0119,0.0000,0.0494,2772,0,0,
54.5220,21282,425685,0,1830,0,0,1,0.0000,0.0000,0.0000,0.0500,-2.1812,-0.0078,0.0000,0.0496,2774,0,0,
54.5323,21283,425705,0,1831,0,0,1,0.0000,0.0000,0.0000,0.0500,-2.1625,-0.0057,0.0000,0.0497,2775,0,0,
54.5523,21284,425725,0,1830,0,0,1,0.0000,0.0000,0.0000,0.0500,-2.1375,-0.0037,0.0000,0.0498,2776,0,0,
54.5725,21285,425745,0,1831,0,0,1,0.0000,0.0000,0.0000,0.0500,-2.1062,-0.0022,-0.0000,0.0499,2777,0,0,
54.5924,21286,425765,0,1830,0,0,1,0.0000,0.0000,0.0000,0.0500,-2.0812,-0.0014,-0.0000,0.0499,2778,0,0,
54.6124,21287,425785,0,1830,0,0,1,0.0000,0.0000,0.0000,0.0500,-2.0562,-0.0009,-0.0000,0.0499,2779,0,0,
54.6324,21288,425805,0,1831,0,0,1,0.0000,0.0000,0.0000,0.0500,-2.0250,-0.0005,-0.0000,0.0500,2780,0,0,
54.6524,21289,425825,0,1831,0,0,1,0.0000,0.0000,0.0000,0.0500,-2.0000,-0.0003,-0.0000,0.0500,2781,0,0,
54.6724,21290,425845,0,1831,0,0,1,0.0000,0.0000,0.0000,0.0500,-1.9750,-0.0002,-0.0000,0.0500,2782,0,0,
54.6924,21291,425865,0,1830,0,0,1,0.0000,0.0000,0.0000,0.0500,-1.9437,-0.0001,-0.0000,0.0500,2783,0,0,
54.7124,21292,425885,0,1831,0,0,1,0.0000,0.0000,0.0000,0.0500,-1.9187,-0.0001,-0.0000,0.0500,2784,0,0,
54.7325,21293,425905,0,1831,0,0,1,0.0000,0.0000,0.0000,0.0500,-1.8875,-0.0001,-0.0000,0.0500,2785,0,0,
54.7651,21294,425925,0,1831,0,0,1,0.0000,0.0000,0.0000,0.0500,-1.8750,-0.0000,-0.0000,0.0500,2786,0,0,
54.7722,21295,425945,0,1831,0,0,1,0.0000,0.0000,0.0000,0.0500,-1.8625,-0.0000,0.0000,0.0500,2787,0,0,8.11
54.7924,21296,425965,0,1831,0,0,1,0.0000,0.0000,0.0000,0.0500,-1.8375,-0.0000,0.0000,0.0500,2788,0,0,
54.8125,21297,425985,0,1831,0,0,1,0.0000,0.0000,0.0000,0.0500,-1.8062,-0.0000,0.0000,0.0500,2789,0,0,
54.8324,21298,426005,0,1831,0,0,1,0.0000,0.0000,0.0000,0.0500,-1.7812,-0.0000,0.0000,0.0500,2790,0,0,
54.8524,21299,426025,0,1831,0,0,1,0.0000,0.0000,0.0000,0.0500,-1.7500,-0.0000,0.0000,0.0500,2791,0,0,
54.8724,21300,426045,0,1832,0,0,1,0.0000,0.0000,0.0000,0.0500,-1.7250,-0.0000,-0.0000,0.0500,2792,0,0,
54.8924,21301,426065,0,1832,0,0,1,0.0000,0.0000,0.0000,0.0500,-1.7000,-0.0000,0.0000,0.0500,2793,0,0,
54.9125,21302,426085,0,1831,0,0,1,0.0000,0.0000,0.0000,0.0500,-1.6687,-0.0000,-0.0000,0.0500,2794,0,0,
54.9326,21303,426105,0,1831,0,0,1,0.0000,0.0000,0.0000,0.0500,-1.6437,-0.0000,0.0000,0.0500,2795,0,0,
54.9524,21304,426125,0,1831,0,0,1,0.0000,0.0000,0.0000,0.0500,-1.6187,-0.0000,-0.0000,0.0500,2796,0,0,
54.9724,21305,426145,0,1832,0,0,1,0.0000,0.0000,0.0000,0.0500,-1.5875,-0.0000,0.0000,0.0500,2797,0,0,
54.9924,21306,426165,0,1832,0,0,1,0.0000,0.0000,0.0000,0.0500,-1.5625,-0.0000,-0.0000,0.0500,2798,0,0,
55.0221,21307,426185,0,1832,0,0,1,0.0000,0.0000,0.0000,0.0500,-1.5562,-0.0000,-0.0000,0.0500,2799,0,0,
55.0324,21308,426205,0,1831,0,0,1,0.0000,0.0000,0.0000,0.0500,-1.5375,-0.0000,-0.0000,0.0500,2800,0,0,
55.0524,21309,426225,0,1831,0,0,1,0.0000,0.0000,0.0000,0.0500,-1.5125,-0.0000,0.0000,0.0500,2801,0,0,
55.0724,21310,426245,0,1832,0,0,1,0.0000,0.0000,0.0000,0.0500,-1.4875,-0.0000,-0.0000,0.0500,2802,0,0,
55.0924,21311,426265,0,1831,0,0,1,0.0000,0.0000,0.0000,0.0500,-1.4562,-0.0000,0.0000,0.0500,2803,0,0,
55.1124,21312,426285,0,1831,0,0,1,0.0000,0.0000,0.0000,0.0500,-1.4312,-0.0000,-0.0000,0.0500,2804,0,0,
55.1325,21313,426305,0,1831,0,0,1,0.0000,0.0000,0.0000,0.0500,-1.4000,-0.0000,0.0000,0.0500,2805,0,0,
55.1524,21314,426325,0,1831,0,0,1,0.0000,0.0000,0.0000,0.0500,-1.3750,-0.0000,-0.0000,0.0500,2806,0,0,
55.1725,21315,426345,0,1831,0,0,1,0.0000,0.0000,0.0000,0.0500,-1.3437,-0.0000,0.0000,0.0500,2807,0,0,
55.1924,21316,426365,0,1831,0,0,1,0.0000,0.0000,0.0000,0.0500,-1.3187,-0.0000,-0.0000,0.0500,2808,0,0,
55.2125,21317,426385,0,1831,0,0,1,0.0000,0.0000,0.0000,0.0500,-1.2937,-0.0000,-0.0000,0.0500,2809,0,0,
55.2324,21318,426405,0,1831,0,0,1,0.0000,0.0000,0.0000,0.0500,-1.2625,-0.0000,-0.0000,0.0500,2810,0,0,
55.2581,21319,426425,0,1831,0,0,1,0.0000,0.0000,0.0000,0.0500,-1.2437,-0.0000,-0.0000,0.0500,2811,0,0,
55.2724,21320,426445,0,1831,0,0,1,0.0000,0.0000,0.0000,0.0500,-1.2375,-0.0000,-0.0000,0.0500,2812,0,0,
55.2924,21321,426465,0,1831,0,0,1,0.0000,0.0000,0.0000,0.0500,-1.2125,-0.0000,0.0000,0.0500,2813,0,0,
55.3124,21322,426485,0,1831,0,0,1,0.0000,0.0000,0.0000,0.0500,-1.1875,-0.0000,-0.0000,0.0500,2814,0,0,
55.3324,21323,426505,0,1832,0,0,1,0.0000,0.0000,0.0000,0.0500,-1.1562,-0.0000,0.0000,0.0500,2815,0,0,
55.3524,21324,426525,0,1832,0,0,1,0.0000,0.0000,0.0000,0.0500,-1.1312,-0.0000,-0.0000,0.0500,2816,0,0,
55.3725,21325,426545,0,1832,0,0,1,0.0000,0.0000,0.0000,0.0500,-1.1000,-0.0000,0.0000,0.0500,2817,0,0,
55.3923,21326,426565,0,1832,0,0,1,0.0000,0.0000,0.0000,0.0500,-1.0750,-0.0000,-0.0000,0.0500,2818,0,0,
55.4124,21327,426585,0,1832,0,0,1,0.0000,0.0000,0.0000,0.0500,-1.0500,-0.0000,-0.0000,0.0500,2819,0,0,
55.4324,21328,426605,0,1832,0,0,1,0.0000,0.0000,0.0000,0.0500,-1.0187,-0.0000,-0.0000,0.0500,2820,0,0,
55.4524,21329,426625,0,1831,0,0,1,0.0000,0.0000,0.0000,0.0500,-0.9937,-0.0000,-0.0000,0.0500,2821,0,0,
55.4724,21330,426645,0,1831,0,0,1,0.0000,0.0000,0.0000,0.0500,-0.9625,-0.0000,-0.0000,0.0500,2822,0,0,
55.4924,21331,426665,0,1831,0,0,1,0.0000,0.0000,0.0000,0.0500,-0.9375,-0.0000,-0.0000,0.0500,2823,0,0,
55.5221,21332,426685,0,1831,0,0,1,0.0000,0.0000,0.0000,0.0500,-0.9312,-0.0000,0.0000,0.0500,2824,0,0,
55.5323,21333,426705,0,1831,0,0,1,0.0000,0.0000,0.0000,0.0500,-0.9125,-0.0000,0.0000,0.0500,2825,0,0,
55.5524,21334,426725,0,1831,0,0,1,0.0000,0.0000,0.0000,0.0500,-0.8875,-0.0000,-0.0000,0.0500,2826,0,0,
55.5725,21335,426745,0,1830,0,0,1,0.0000,0.0000,0.0000,0.0500,-0.8562,-0.0000,0.0000,0.0500,2827,0,0,
55.5924,21336,426765,0,1830,0,0,1,0.0000,0.0000,0.0000,0.0500,-0.8312,-0.0000,-0.0000,0.0500,2828,0,0,
55.6123,21337,426785,0,1831,0,0,1,0.0000,0.0000,0.0000,0.0500,-0.8062,-0.0000,-0.0000,0.0500,2829,0,0,
55.6324,21338,426805,0,1831,0,0,1,0.0000,0.0000,0.0000,0.0500,-0.7750,-0.0000,-0.0000,0.0500,2830,0,0,
55.6524,21339,426825,0,1831,0,0,1,0.0000,0.0000,0.0000,0.0500,-0.7500,-0.0000,-0.0000,0.0500,2831,0,0,
55.6724,21340,426845,0,1831,0,0,1,0.0000,0.0000,0.0000,0.0500,-0.7250,-0.0000,0.0000,0.0500,2832,0,0,
55.6924,21341,426865,0,1830,0,0,1,0.0000,0.0000,0.0000,0.0500,-0.6937,-0.0000,-0.0000,0.0500,2833,0,0,
55.7123,21342,426885,0,1830,0,0,1,0.0000,0.0000,0.0000,0.0500,-0.6687,-0.0000,0.0000,0.0500,2834,0,0,
55.7324,21343,426905,0,1830,0,0,1,0.0000,0.0000,0.0000,0.0500,-0.6375,-0.0000,-0.0000,0.0500,2835,0,0,
55.7582,21344,426925,0,1830,0,0,1,0.0000,0.0000,0.0000,0.0500,-0.6187,-0.0000,-0.0000,0.0500,2836,0,0,
55.7726,21345,426945,0,1830,0,0,1,0.0000,0.0000,0.0000,0.0500,-0.6125,-0.0000,0.0000,0.0500,2837,0,0,2.08
55.7925,21346,426965,0,1831,0,0,1,0.0000,0.0000,0.0000,0.0500,-0.5875,-0.0000,-0.0000,0.0500,2838,0,0,
55.8124,21347,426985,0,1831,0,0,1,0.0000,0.0000,0.0000,0.0500,-0.5625,-0.0000,-0.0000,0.0500,2839,0,0,
55.8324,21348,427005,0,1831,0,0,1,0.0000,0.0000,0.0000,0.0500,-0.5312,-0.0000,-0.0000,0.0500,2840,0,0,
55.8524,21349,427025,0,1831,0,0,1,0.0000,0.0000,0.0000,0.0500,-0.5062,-0.0000,-0.0000,0.0500,2841,0,0,
55.8725,21350,427045,0,1831,0,0,1,0.0000,0.0000,0.0000,0.0500,-0.4750,-0.0000,-0.0000,0.0500,2842,0,0,
55.8924,21351,427065,0,1831,0,0,1,0.0000,0.0000,0.0000,0.0500,-0.4500,-0.0000,-0.0000,0.0500,2843,0,0,
55.9125,21352,427085,0,1830,0,0,1,0.0000,0.0000,0.0000,0.0500,-0.4187,-0.0000,-0.0000,0.0500,2844,0,0,
55.9325,21353,427105,0,1830,0,0,1,0.0000,0.0000,0.0000,0.0500,-0.3937,-0.0000,-0.0000,0.0500,2845,0,0,
55.9524,21354,427125,0,1830,0,0,1,0.0000,0.0000,0.0000,0.0500,-0.3687,-0.0000,0.0000,0.0500,2846,0,0,
55.9725,21355,427145,0,1831,0,0,1,0.0000,0.0000,0.0000,0.0500,-0.3375,-0.0000,-0.0000,0.0500,2847,0,0,
55.9924,21356,427165,0,1831,0,0,1,0.0000,0.0000,0.0000,0.0500,-0.3125,-0.0000,0.0000,0.0500,2848,0,0,
56.0221,21357,427185,0,1832,0,0,1,0.0000,0.0000,0.0000,0.0500,-0.2937,-0.0000,0.0000,0.0500,2849,0,0,
56.0324,21358,427205,0,1832,0,0,1,0.0000,0.0000,0.0000,0.0500,-0.2812,-0.0000,-0.0000,0.0500,2850,0,0,
56.0524,21359,427225,0,1831,0,0,1,0.0000,0.0000,0.0000,0.0500,-0.2562,-0.0000,0.0000,0.0500,2851,0,0,
56.0725,21360,427245,0,1832,0,0,1,0.0000,0.0000,0.0000,0.0500,-0.2250,-0.0000,-0.0000,0.0500,2852,0,0,
56.0923,21361,427265,0,1831,0,0,1,0.0000,0.0000,0.0000,0.0500,-0.2000,-0.0000,0.0000,0.0500,2853,0,0,
56.1124,21362,427285,0,1831,0,0,1,0.0000,0.0000,0.0000,0.0500,-0.1750,-0.0000,-0.0000,0.0500,2854,0,0,
56.1324,21363,427305,0,1830,0,0,1,0.0000,0.0000,0.0000,0.0500,-0.1437,-0.0000,0.0000,0.0500,2855,0,0,
56.1524,21364,427325,0,1831,0,0,1,0.0000,0.0000,0.0000,0.0500,-0.1187,-0.0000,-0.0000,0.0500,2856,0,0,
56.1725,21365,427345,0,1831,0,0,1,0.0000,0.0000,0.0000,0.0500,-0.0875,-0.0000,0.0000,0.0500,2857,0,0,
56.1925,21366,427365,0,1831,0,0,1,0.0000,0.0000,0.0000,0.0500,-0.0625,-0.0000,-0.0000,0.0500,2858,0,0,
56.2125,21367,427385,0,1831,0,0,1,0.0000,0.0000,0.0000,0.0500,-0.0410,-0.0000,-0.0000,0.0500,2859,0,0,
56.2324,21368,427405,0,1831,0,0,1,0.0000,0.0000,0.0000,0.0500,-0.0242,-0.0000,-0.0000,0.0500,2860,0,0,
56.2581,21369,427425,0,1832,0,0,1,2.0000,0.0000,0.0000,0.0500,-0.0114,-0.0000,0.0000,0.0500,2861,0,0,
56.2723,21370,427445,0,1832,0,0,1,2.0000,0.0000,0.0000,0.0500,-0.0052,-0.0000,-0.0000,0.0500,2862,0,0,
56.2924,21371,427465,0,1832,0,0,1,2.0000,0.0000,0.0000,0.0500,0.0198,-0.0000,0.0000,0.0500,2863,0,0,
56.3125,21372,427485,0,1832,0,0,1,2.0000,0.0000,0.0000,0.0500,0.0448,-0.0000,-0.0000,0.0500,2864,0,0,
56.3324,21373,427505,0,1832,0,0,1,2.0000,0.0000,0.0000,0.0500,0.0761,-0.0000,0.0000,0.0500,2865,0,0,
56.3525,21374,427525,0,1831,0,0,1,2.0000,0.0000,0.0000,0.0500,0.1011,-0.0000,-0.0000,0.0500,2866,0,0,
56.3724,21375,427545,0,1831,0,0,1,2.0000,0.0000,0.0000,0.0500,0.1323,-0.0000,0.0000,0.0500,2867,0,0,
56.3924,21376,427565,0,1831,0,0,1,2.0000,0.0000,0.0000,0.0500,0.1573,-0.0000,-0.0000,0.0500,2868,0,0,
56.4124,21377,427585,0,1830,0,0,1,2.0000,0.0000,0.0000,0.0500,0.1823,-0.0000,-0.0000,0.0500,2869,0,0,
56.4324,21378,427605,0,1829,0,0,1,2.0000,0.0000,0.0000,0.0500,0.2136,-0.0000,-0.0000,0.0500,2870,0,0,
56.4524,21379,427625,0,1830,0,0,1,2.0000,0.0000,0.0000,0.0500,0.2386,-0.0000,-0.0000,0.0500,2871,0,0,
56.4724,21380,427645,0,1829,0,0,1,2.0000,0.0000,0.0000,0.0500,0.2698,-0.0000,-0.0000,0.0500,2872,0,0,
56.4924,21381,427665,0,1830,0,0,1,2.0000,0.0000,0.0000,0.0500,0.2948,-0.0000,-0.0000,0.0500,2873,0,0,
56.5220,21382,427685,0,1830,0,0,1,2.0000,0.0000,0.0000,0.0500,0.3136,-0.0000,-0.0000,0.0500,2874,0,0,
56.5324,21383,427705,0,1831,0,0,1,2.0000,0.0000,0.0000,0.0500,0.3198,-0.0000,0.0000,0.0500,2875,0,0,
56.5524,21384,427725,0,1831,0,0,1,2.0000,0.0000,0.0000,0.0500,0.3511,-0.0000,-0.0000,0.0500,2876,0,0,
56.5725,21385,427745,0,1831,0,0,1,2.0000,0.0000,0.0000,0.0500,0.3761,-0.0000,0.0000,0.0500,2877,0,0,
56.5923,21386,427765,0,1832,0,0,1,2.0000,0.0000,0.0000,0.0500,0.4011,-0.0000,-0.0000,0.0500,2878,0,0,
56.6125,21387,427785,0,1831,0,0,1,2.0000,0.0000,0.0000,0.0500,0.4323,-0.0000,0.0000,0.0500,2879,0,0,
56.6324,21388,427805,0,1832,0,0,1,2.0000,0.0000,0.0000,0.0500,0.4573,-0.0000,-0.0000,0.0500,2880,0,0,
56.6525,21389,427825,0,1833,0,0,1,2.0000,0.0000,0.0000,0.0500,0.4886,-0.0000,0.0000,0.0500,2881,0,0,
56.6724,21390,427845,0,1832,0,0,1,2.0000,0.0000,0.0000,0.0500,0.5136,-0.0000,-0.0000,0.0500,2882,0,0,
56.6925,21391,427865,0,1831,0,0,1,2.0000,0.0000,0.0000,0.0500,0.5386,-0.0000,-0.0000,0.0500,2883,0,0,
56.7124,21392,427885,0,1831,0,0,1,2.0000,0.0000,0.0000,0.0500,0.5698,-0.0000,-0.0000,0.0500,2884,0,0,
56.7325,21393,427905,0,1830,0,0,1,2.0000,0.0000,0.0000,0.0500,0.5948,-0.0000,-0.0000,0.0500,2885,0,0,
56.7524,21394,427925,0,1831,0,0,1,2.0000,0.0000,0.0000,0.0500,0.6261,-0.0000,-0.0000,0.0500,2886,0,0,
56.7792,21395,427945,0,1831,0,0,1,2.0000,0.0000,0.0000,0.0500,0.6386,-0.0000,0.0000,0.0500,2887,0,0,2.15
56.7924,21396,427965,0,1832,0,0,1,2.0000,0.0000,0.0000,0.0500,0.6573,-0.0000,0.0000,0.0500,2888,0,0,
56.8124,21397,427985,0,1832,0,0,1,2.0000,0.0000,0.0000,0.0500,0.6823,-0.0000,-0.0000,0.0500,2889,0,0,
56.8323,21398,428005,0,1831,0,0,1,2.0000,0.0000,0.0000,0.0500,0.7073,-0.0000,-0.0000,0.0500,2890,0,0,
56.8525,21399,428025,0,1832,0,0,1,2.0000,0.0000,0.0000,0.0500,0.7386,-0.0000,-0.0000,0.0500,2891,0,0,
56.8725,21400,428045,0,1831,0,0,1,2.0000,0.0000,0.0000,0.0500,0.7636,-0.0000,-0.0000,0.0500,2892,0,0,
56.8924,21401,428065,0,1832,0,0,1,2.0000,0.0000,0.0000,0.0500,0.7948,-0.0000,-0.0000,0.0500,2893,0,0,
56.9125,21402,428085,0,1832,0,0,1,2.0000,0.0000,0.0000,0.0500,0.8198,-0.0000,-0.0000,0.0500,2894,0,0,
56.9324,21403,428105,0,1832,0,0,1,2.0000,0.0000,0.0000,0.0500,0.8448,-0.0000,0.0000,0.0500,2895,0,0,
56.9524,21404,428125,0,1832,0,0,1,2.0000,0.0000,0.0000,0.0500,0.8761,-0.0000,-0.0000,0.0500,2896,0,0,
56.9724,21405,428145,0,1832,0,0,1,2.0000,0.0000,0.0000,0.0500,0.9011,-0.0000,0.0000,0.0500,2897,0,0,
56.9926,21406,428165,0,1832,0,0,1,2.0000,0.0000,0.0000,0.0500,0.9261,-0.0000,-0.0000,0.0500,2898,0,0,
57.0288,21407,428185,0,1832,0,0,1,2.0000,0.0000,0.0000,0.0500,0.9511,-0.0000,-0.0000,0.0500,2899,0,0,
57.0324,21408,428205,0,1832,0,0,1,2.0000,0.0000,0.0000,0.0500,0.9573,-0.0000,0.0000,0.0500,2900,0,0,
57.0525,21409,428225,0,1831,0,0,1,2.0000,0.0000,0.0000,0.0500,0.9886,-0.0000,-0.0000,0.0500,2901,0,0,
57.0724,21410,428245,0,1831,0,0,1,2.0000,0.0000,0.0000,0.0500,1.0136,-0.0000,0.0000,0.0500,2902,0,0,
57.0924,21411,428265,0,1832,0,0,1,2.0000,0.0000,0.0000,0.0500,1.0386,-0.0000,-0.0000,0.0500,2903,0,0,
57.1124,21412,428285,0,1832,0,0,1,2.0000,0.0000,0.0000,0.0500,1.0698,-0.0000,0.0000,0.0500,2904,0,0,
57.1324,21413,428305,0,1832,0,0,1,2.0000,0.0000,0.0000,0.0500,1.0948,-0.0000,-0.0000,0.0500,2905,0,0,
57.1524,21414,428325,0,1831,0,0,1,2.0000,0.0000,0.0000,0.0500,1.1261,-0.0000,0.0000,0.0500,2906,0,0,
57.1724,21415,428345,0,1831,0,0,1,2.0000,0.0000,0.0000,0.0500,1.1511,-0.0000,-0.0000,0.0500,2907,0,0,
57.1925,21416,428365,0,1831,0,0,1,2.0000,0.0000,0.0000,0.0500,1.1761,-0.0000,-0.0000,0.0500,2908,0,0,
57.2124,21417,428385,0,1830,0,0,1,2.0000,0.0000,0.0000,0.0500,1.2073,-0.0000,-0.0000,0.0500,2909,0,0,
57.2324,21418,428405,0,1830,0,0,1,2.0000,0.0000,0.0000,0.0500,1.2323,-0.0000,-0.0000,0.0500,2910,0,0,
57.2524,21419,428425,0,1831,0,0,1,2.0000,0.0000,0.0000,0.0500,1.2573,-0.0000,0.0000,0.0500,2911,0,0,
57.2794,21420,428445,0,1831,0,0,1,2.0000,0.0000,0.0000,0.0500,1.2761,-0.0000,0.0000,0.0500,2912,0,0,
57.2924,21421,428465,0,1831,0,0,1,2.0000,0.0000,0.0000,0.0500,1.2886,-0.0000,-0.0000,0.0500,2913,0,0,
57.3124,21422,428485,0,1832,0,0,1,2.0000,0.0000,0.0000,0.0500,1.3198,-0.0000,-0.0000,0.0500,2914,0,0,
57.3324,21423,428505,0,1831,0,0,1,2.0000,0.0000,0.0000,0.0500,1.3448,-0.0000,-0.0000,0.0500,2915,0,0,
57.3524,21424,428525,0,1830,0,0,1,2.0000,0.0000,0.0000,0.0500,1.3761,-0.0000,-0.0000,0.0500,2916,0,0,
57.3724,21425,428545,0,1831,0,0,1,2.0000,0.0000,0.0000,0.0500,1.4011,-0.0000,-0.0000,0.0500,2917,0,0,
57.3924,21426,428565,0,1831,0,0,1,2.0000,0.0000,0.0000,0.0500,1.4323,-0.0000,-0.0000,0.0500,2918,0,0,
57.4124,21427,428585,0,1832,0,0,1,2.0000,0.0000,0.0000,0.0500,1.4573,-0.0000,-0.0000,0.0500,2919,0,0,
57.4325,21428,428605,0,1831,0,0,1,2.0000,0.0000,0.0000,0.0500,1.4823,-0.0000,0.0000,0.0500,2920,0,0,
57.4525,21429,428625,0,1831,0,0,1,2.0000,0.0000,0.0000,0.0500,1.5136,-0.0000,-0.0000,0.0500,2921,0,0,
57.4724,21430,428645,0,1831,0,0,1,2.0000,0.0000,0.0000,0.0500,1.5386,-0.0000,0.0000,0.0500,2922,0,0,
57.4925,21431,428665,0,1831,0,0,1,2.0000,0.0000,0.0000,0.0500,1.5636,-0.0000,-0.0000,0.0500,2923,0,0,
57.5358,21433,428705,0,1832,0,0,1,2.0000,0.0000,0.0000,0.0500,1.5948,-0.0000,0.0000,0.0500,2925,0,0,
57.5525,21434,428725,0,1832,0,0,1,2.0000,0.0000,0.0000,0.0500,1.6198,-0.0000,-0.0000,0.0500,2926,0,0,
57.5724,21435,428745,0,1832,0,0,1,2.0000,0.0000,0.0000,0.0500,1.6511,-0.0000,0.0000,0.0500,2927,0,0,
57.5924,21436,428765,0,1831,0,0,1,2.0000,0.0000,0.0000,0.0500,1.6761,-0.0000,-0.0000,0.0500,2928,0,0,
57.6124,21437,428785,0,1831,0,0,1,2.0000,0.0000,0.0000,0.0500,1.7011,-0.0000,-0.0000,0.0500,2929,0,0,
57.6324,21438,428805,0,1831,0,0,1,2.0000,0.0000,0.0000,0.0500,1.7323,-0.0000,-0.0000,0.0500,2930,0,0,
57.6524,21439,428825,0,1831,0,0,1,2.0000,0.0000,0.0000,0.0500,1.7573,-0.0000,-0.0000,0.0500,2931,0,0,
57.6724,21440,428845,0,1831,0,0,1,2.0000,0.0000,0.0000,0.0500,1.7823,-0.0000,0.0000,0.0500,2932,0,0,
57.6924,21441,428865,0,1831,0,0,1,2.0000,0.0000,0.0000,0.0500,1.8136,-0.0000,-0.0000,0.0500,2933,0,0,
57.7124,21442,428885,0,1831,0,0,1,2.0000,0.0000,0.0000,0.0500,1.8386,-0.0000,0.0000,0.0500,2934,0,0,
57.7325,21443,428905,0,1830,0,0,1,2.0000,0.0000,0.0000,0.0500,1.8698,-0.0000,-0.0000,0.0500,2935,0,0,
57.7524,21444,428925,0,1831,0,0,1,2.0000,0.0000,0.0000,0.0500,1.8948,-0.0000,0.0000,0.0500,2936,0,0,
57.7858,21445,428945,0,1831,0,0,1,2.0000,0.0000,0.0000,0.0500,1.9136,-0.0000,0.0000,0.0500,2937,0,0,
57.7922,21446,428965,0,1831,0,0,1,2.0000,0.0000,0.0000,0.0500,1.9261,-0.0000,-0.0000,0.0500,2938,0,0,7.46
57.8125,21447,428985,0,1831,0,0,1,2.0000,0.0000,0.0000,0.0500,1.9503,-0.0000,0.0000,0.0500,2939,0,0,
57.8324,21448,429005,0,1831,0,0,1,2.0000,0.0000,0.0000,0.0500,1.9706,-0.0000,-0.0000,0.0500,2940,0,0,
57.8524,21449,429025,0,1832,0,0,1,2.0000,0.0000,0.0000,0.0500,1.9807,-0.0000,-0.0000,0.0500,2941,0,0,
57.8724,21450,429045,0,1831,0,0,1,2.0000,0.0000,0.0000,0.0500,1.9886,-0.0000,0.0000,0.0500,2942,0,0,
57.8924,21451,429065,0,1832,0,0,1,2.0000,0.0000,0.0000,0.0500,1.9925,-0.0000,0.0000,0.0500,2943,0,0,
57.9125,21452,429085,0,1831,0,0,1,2.0000,0.0000,0.0000,0.0500,1.9951,-0.0000,0.0000,0.0500,2944,0,0,
57.9324,21453,429105,0,1831,0,0,1,2.0000,0.0000,0.0000,0.0500,1.9971,-0.0000,0.0000,0.0500,2945,0,0,
57.9524,21454,429125,0,1831,0,0,1,2.0000,0.0000,0.0000,0.0500,1.9981,-0.0000,0.0000,0.0500,2946,0,0,
57.9724,21455,429145,0,1830,0,0,1,2.0000,0.0000,0.0000,0.0500,1.9989,-0.0000,0.0000,0.0500,2947,0,0,
57.9924,21456,429165,0,1831,0,0,1,2.0000,0.0000,0.0000,0.0500,1.9993,-0.0000,0.0000,0.0500,2948,0,0,
58.0125,21457,429185,0,1831,0,0,1,2.0000,0.0000,0.0000,0.0500,1.9995,-0.0000,0.0000,0.0500,2949,0,0,
58.0359,21458,429205,0,1831,0,0,1,2.0000,0.0000,0.0000,0.0500,1.9996,-0.0000,0.0000,0.0500,2950,0,0,
58.0525,21459,429225,0,1831,0,0,1,2.0000,0.0000,0.0000,0.0500,1.9997,-0.0000,0.0000,0.0500,2951,0,0,
58.0724,21460,429245,0,1831,0,0,1,2.0000,0.0000,0.0000,0.0500,1.9998,-0.0000,0.0000,0.0500,2952,0,0,
58.0924,21461,429265,0,1831,0,0,1,2.0000,0.0000,0.0000,0.0500,1.9999,-0.0000,0.0000,0.0500,2953,0,0,
58.1125,21462,429285,0,1831,0,0,1,2.0000,0.0000,0.0000,0.0500,1.9999,-0.0000,0.0000,0.0500,2954,0,0,
58.1325,21463,429305,0,1830,0,0,1,2.0000,0.0000,0.0000,0.0500,2.0000,-0.0000,0.0000,0.0500,2955,0,0,
58.1524,21464,429325,0,1830,0,0,1,2.0000,0.0000,0.0000,0.0500,2.0000,-0.0000,0.0000,0.0500,2956,0,0,
58.1724,21465,429345,0,1830,0,0,1,2.0000,0.0000,0.0000,0.0500,2.0000,-0.0000,0.0000,0.0500,2957,0,0,
58.1924,21466,429365,0,1829,0,0,1,2.0000,0.0000,0.0000,0.0500,2.0000,-0.0000,0.0000,0.0500,2958,0,0,
58.2125,21467,429385,0,1830,0,0,1,2.0000,0.0000,0.0000,0.0500,2.0000,-0.0000,0.0000,0.0500,2959,0,0,
58.2324,21468,429405,0,1830,0,0,1,2.0000,0.0000,0.0000,0.0500,2.0000,-0.0000,0.0000,0.0500,2960,0,0,
58.2524,21469,429425,0,1830,0,0,1,2.0000,0.0000,0.0000,0.0500,2.0000,-0.0000,0.0000,0.0500,2961,0,0,
58.2724,21470,429445,0,1831,0,0,1,2.0000,0.0000,0.0000,0.0500,2.0000,-0.0000,0.0000,0.0500,2962,0,0,
58.2997,21471,429465,0,1831,0,0,1,2.0000,0.0000,0.0000,0.0500,2.0000,-0.0000,0.0000,0.0500,2963,0,0,
58.3124,21472,429485,0,1831,0,0,1,2.0000,0.0000,0.0000,0.0500,2.0000,-0.0000,0.0000,0.0500,2964,0,0,
58.3324,21473,429505,0,1831,0,0,1,2.0000,0.0000,0.0000,0.0500,2.0000,0.0000,0.0000,0.0500,2965,0,0,
58.3524,21474,429525,0,1831,0,0,1,2.0000,0.0000,0.0000,0.0500,2.0000,0.0000,0.0000,0.0500,2966,0,0,
58.3724,21475,429545,0,1831,0,0,1,2.0000,0.0000,0.0000,0.0500,2.0000,0.0000,0.0000,0.0500,2967,0,0,
58.3924,21476,429565,0,1831,0,0,1,2.0000,0.0000,0.0000,0.0500,2.0000,0.0000,0.0000,0.0500,2968,0,0,
58.4125,21477,429585,0,1831,0,0,1,2.0000,0.0000,0.0000,0.0500,2.0000,0.0000,0.0000,0.0500,2969,0,0,
58.4324,21478,429605,0,1830,0,0,1,2.0000,0.0000,0.0000,0.0500,2.0000,0.0000,0.0000,0.0500,2970,0,0,
58.4524,21479,429625,0,1830,0,0,1,2.0000,0.0000,0.0000,0.0500,2.0000,0.0000,0.0000,0.0500,2971,0,0,
58.4724,21480,429645,0,1829,0,0,1,2.0000,0.0000,0.0000,0.0500,2.0000,0.0000,0.0000,0.0500,2972,0,0,
58.4925,21481,429665,0,1829,0,0,1,2.0000,0.0000,0.0000,0.0500,2.0000,0.0000,0.0000,0.0500,2973,0,0,
58.5125,21482,429685,0,1829,0,0,1,2.0000,0.0000,0.0000,0.0500,2.0000,0.0000,0.0000,0.0500,2974,0,0,
58.5426,21483,429705,0,1829,0,0,1,2.0000,0.0000,0.0000,0.0500,2.0000,0.0000,0.0000,0.0500,2975,0,0,
58.5524,21484,429725,0,1829,0,0,1,2.0000,0.0000,0.0000,0.0500,2.0000,0.0000,0.0000,0.0500,2976,0,0,
58.5724,21485,429745,0,1829,0,0,1,2.0000,0.0000,0.0000,0.0500,2.0000,0.0000,0.0000,0.0500,2977,0,0,
58.5924,21486,429765,0,1830,0,0,1,2.0000,0.0000,0.0000,0.0500,2.0000,0.0000,0.0000,0.0500,2978,0,0,
58.6125,21487,429785,0,1830,0,0,1,2.0000,0.0000,0.0000,0.0500,2.0000,0.0000,0.0000,0.0500,2979,0,0,
58.6324,21488,429805,0,1831,0,0,1,2.0000,0.0000,0.0000,0.0500,2.0000,0.0000,0.0000,0.0500,2980,0,0,
58.6524,21489,429825,0,1831,0,0,1,2.0000,0.0000,0.0000,0.0500,2.0000,0.0000,0.0000,0.0500,2981,0,0,
58.6724,21490,429845,0,1831,0,0,1,2.0000,0.0000,0.0000,0.0500,2.0000,0.0000,0.0000,0.0500,2982,0,0,
58.6924,21491,429865,0,1831,0,0,1,2.0000,0.0000,0.0000,0.0500,2.0000,0.0000,0.0000,0.0500,2983,0,0,
58.7124,21492,429885,0,1831,0,0,1,2.0000,0.0000,0.0000,0.0500,2.0000,0.0000,0.0000,0.0500,2984,0,0,
58.7324,21493,429905,0,1830,0,0,1,2.0000,0.0000,0.0000,0.0500,2.0000,0.0000,0.0000,0.0500,2985,0,0,
58.7524,21494,429925,0,1831,0,0,1,2.0000,0.0000,0.0000,0.0500,2.0000,0.0000,0.0000,0.0500,2986,0,0,
58.7724,21495,429945,0,1831,0,0,1,2.0000,0.0000,0.0000,0.0500,2.0000,0.0000,0.0000,0.0500,2987,0,0,
58.8067,21496,429965,0,1832,0,0,1,2.0000,0.0000,0.0000,0.0500,2.0000,0.0000,0.0000,0.0500,2988,0,0,7.16
58.8124,21497,429985,0,1831,0,0,1,2.0000,0.0000,0.0000,0.0500,2.0000,0.0000,0.0000,0.0500,2989,0,0,
58.8325,21498,430005,0,1831,0,0,1,2.0000,0.0000,0.0000,0.0500,2.0000,0.0000,0.0000,0.0500,2990,0,0,
58.8524,21499,430025,0,1831,0,0,1,2.0000,0.0000,0.0000,0.0500,2.0000,0.0000,0.0000,0.0500,2991,0,0,
58.8724,21500,430045,0,1831,0,0,1,2.0000,0.0000,0.0000,0.0500,2.0000,-0.0000,0.0000,0.0500,2992,0,0,
58.8925,21501,430065,0,1831,0,0,1,2.0000,0.0000,0.0000,0.0500,2.0000,-0.0000,0.0000,0.0500,2993,0,0,
58.9124,21502,430085,0,1831,0,0,1,2.0000,0.0000,0.0000,0.0500,2.0000,-0.0000,0.0000,0.0500,2994,0,0,
58.9324,21503,430105,0,1831,0,0,1,2.0000,0.0000,0.0000,0.0500,2.0000,-0.0000,0.0000,0.0500,2995,0,0,
58.9525,21504,430125,0,1830,0,0,1,2.0000,0.0000,0.0000,0.0500,2.0000,-0.0000,0.0000,0.0500,2996,0,0,
58.9724,21505,430145,0,1830,0,0,1,2.0000,0.0000,0.0000,0.0500,2.0000,-0.0000,0.0000,0.0500,2997,0,0,
58.9924,21506,430165,0,1830,0,0,1,2.0000,0.0000,0.0000,0.0500,2.0000,-0.0000,0.0000,0.0500,2998,0,0,
59.0125,21507,430185,0,1829,0,0,1,2.0000,0.0000,0.0000,0.0500,2.0000,-0.0000,0.0000,0.0500,2999,0,0,
59.0323,21508,430205,0,1830,0,0,1,2.0000,0.0000,0.0000,0.0500,2.0000,-0.0000,0.0000,0.0500,3000,0,0,
59.0567,21509,430225,0,1831,0,0,1,2.0000,0.0000,0.0000,0.0500,2.0000,-0.0000,0.0000,0.0500,3001,0,0,
59.0724,21510,430245,0,1831,0,0,1,2.0000,0.0000,0.0000,0.0500,2.0000,-0.0000,0.0000,0.0500,3002,0,0,
59.0924,21511,430265,0,1831,0,0,1,2.0000,0.0000,0.0000,0.0500,2.0000,-0.0000,0.0000,0.0500,3003,0,0,
59.1124,21512,430285,0,1831,0,0,1,2.0000,0.0000,0.0000,0.0500,2.0000,-0.0000,0.0000,0.0500,3004,0,0,
59.1325,21513,430305,0,1831,0,0,1,2.0000,0.0000,0.0000,0.0500,2.0000,-0.0000,0.0000,0.0500,3005,0,0,
59.1524,21514,430325,0,1831,0,0,1,2.0000,0.0000,0.0000,0.0500,2.0000,-0.0000,0.0000,0.0500,3006,0,0,
59.1724,21515,430345,0,1831,0,0,1,2.0000,0.0000,0.0000,0.0500,2.0000,-0.0000,0.0000,0.0500,3007,0,0,
59.1925,21516,430365,0,1831,0,0,1,2.0000,0.0000,0.0000,0.0500,2.0000,-0.0000,0.0000,0.0500,3008,0,0,
59.2124,21517,430385,0,1831,0,0,1,2.0000,0.0000,0.0000,0.0500,2.0000,-0.0000,0.0000,0.0500,3009,0,0,
59.2324,21518,430405,0,1831,0,0,1,2.0000,0.0000,0.0000,0.0500,2.0000,-0.0000,0.0000,0.0500,3010,0,0,
59.2524,21519,430425,0,1831,0,0,1,2.0000,0.0000,0.0000,0.0500,2.0000,-0.0000,0.0000,0.0500,3011,0,0,
59.2725,21520,430445,0,1831,0,0,1,-2.0000,0.0000,0.0000,0.0500,1.9812,-0.0000,-0.0000,0.0500,3012,0,0,
59.3133,21521,430465,0,1831,0,0,1,-2.0000,0.0000,0.0000,0.0500,1.9562,-0.0000,-0.0000,0.0500,3013,0,0,
59.3138,21522,430485,0,1831,0,0,1,-2.0000,0.0000,0.0000,0.0500,1.9500,-0.0000,-0.0000,0.0500,3014,0,0,
59.3325,21523,430505,0,1831,0,0,1,-2.0000,0.0000,0.0000,0.0500,1.9250,-0.0000,-0.0000,0.0500,3015,0,0,
59.3524,21524,430525,0,1830,0,0,1,-2.0000,0.0000,0.0000,0.0500,1.9000,-0.0000,0.0000,0.0500,3016,0,0,
59.3724,21525,430545,0,1830,0,0,1,-2.0000,0.0000,0.0000,0.0500,1.8750,-0.0000,-0.0000,0.0500,3017,0,0,
59.3925,21526,430565,0,1831,0,0,1,-2.0000,0.0000,0.0000,0.0500,1.8437,-0.0000,0.0000,0.0500,3018,0,0,
59.4124,21527,430585,0,1831,0,0,1,-2.0000,0.0000,0.0000,0.0500,1.8187,-0.0000,-0.0000,0.0500,3019,0,0,
59.4324,21528,430605,0,1831,0,0,1,-2.0000,0.0000,0.0000,0.0500,1.7937,-0.0000,-0.0000,0.0500,3020,0,0,
59.4524,21529,430625,0,1831,0,0,1,-2.0000,0.0000,0.0000,0.0500,1.7625,-0.0000,-0.0000,0.0500,3021,0,0,
59.4724,21530,430645,0,1831,0,0,1,-2.0000,0.0000,0.0000,0.0500,1.7375,-0.0000,-0.0000,0.0500,3022,0,0,
59.4924,21531,430665,0,1831,0,0,1,-2.0000,0.0000,0.0000,0.0500,1.7062,-0.0000,-0.0000,0.0500,3023,0,0,
59.5124,21532,430685,0,1831,0,0,1,-2.0000,0.0000,0.0000,0.0500,1.6812,-0.0000,-0.0000,0.0500,3024,0,0,
59.5324,21533,430705,0,1831,0,0,1,-2.0000,0.0000,0.0000,0.0500,1.6562,-0.0000,0.0000,0.0500,3025,0,0,
59.5635,21534,430725,0,1831,0,0,1,-2.0000,0.0000,0.0000,0.0500,1.6312,-0.0000,-0.0000,0.0500,3026,0,0,
59.5724,21535,430745,0,1831,0,0,1,-2.0000,0.0000,0.0000,0.0500,1.6250,-0.0000,-0.0000,0.0500,3027,0,0,
59.5925,21536,430765,0,1831,0,0,1,-2.0000,0.0000,0.0000,0.0500,1.5937,-0.0000,-0.0000,0.0500,3028,0,0,
59.6124,21537,430785,0,1831,0,0,1,-2.0000,0.0000,0.0000,0.0500,1.5687,-0.0000,-0.0000,0.0500,3029,0,0,
59.6324,21538,430805,0,1830,0,0,1,-2.0000,0.0000,0.0000,0.0500,1.5375,-0.0000,-0.0000,0.0500,3030,0,0,
59.6525,21539,430825,0,1830,0,0,1,-2.0000,0.0000,0.0000,0.0500,1.5125,-0.0000,-0.0000,0.0500,3031,0,0,
59.6724,21540,430845,0,1830,0,0,1,-2.0000,0.0000,0.0000,0.0500,1.4875,-0.0000,0.0000,0.0500,3032,0,0,
59.6923,21541,430865,0,1830,0,0,1,-2.0000,0.0000,0.0000,0.0500,1.4562,-0.0000,-0.0000,0.0500,3033,0,0,
59.7124,21542,430885,0,1830,0,0,1,-2.0000,0.0000,0.0000,0.0500,1.4312,-0.0000,0.0000,0.0500,3034,0,0,
59.7323,21543,430905,0,1831,0,0,1,-2.0000,0.0000,0.0000,0.0500,1.4000,-0.0000,-0.0000,0.0500,3035,0,0,
59.7524,21544,430925,0,1831,0,0,1,-2.0000,0.0000,0.0000,0.0500,1.3750,-0.0000,0.0000,0.0500,3036,0,0,
59.7723,21545,430945,0,1830,0,0,1,-2.0000,0.0000,0.0000,0.0500,1.3500,-0.0000,-0.0000,0.0500,3037,0,0,
59.7924,21546,430965,0,1830,0,0,1,-2.0000,0.0000,0.0000,0.0500,1.3187,-0.0000,0.0000,0.0500,3038,0,0,
59.8205,21547,430985,0,1830,0,0,1,-2.0000,0.0000,0.0000,0.0500,1.3062,-0.0000,-0.0000,0.0500,3039,0,0,2.13
59.8324,21548,431005,0,1830,0,0,1,-2.0000,0.0000,0.0000,0.0500,1.2937,-0.0000,-0.0000,0.0500,3040,0,0,
59.8524,21549,431025,0,1830,0,0,1,-2.0000,0.0000,0.0000,0.0500,1.2625,-0.0000,0.0000,0.0500,3041,0,0,
59.8723,21550,431045,0,1830,0,0,1,-2.0000,0.0000,0.0000,0.0500,1.2375,-0.0000,-0.0000,0.0500,3042,0,0,
59.8924,21551,431065,0,1831,0,0,1,-2.0000,0.0000,0.0000,0.0500,1.2125,-0.0000,-0.0000,0.0500,3043,0,0,
59.9123,21552,431085,0,1831,0,0,1,-2.0000,0.0000,0.0000,0.0500,1.1812,-0.0000,-0.0000,0.0500,3044,0,0,
59.9324,21553,431105,0,1830,0,0,1,-2.0000,0.0000,0.0000,0.0500,1.1562,-0.0000,-0.0000,0.0500,3045,0,0,
59.9524,21554,431125,0,1831,0,0,1,-2.0000,0.0000,0.0000,0.0500,1.1250,-0.0000,-0.0000,0.0500,3046,0,0,
59.9724,21555,431145,0,1830,0,0,1,-2.0000,0.0000,0.0000,0.0500,1.1000,-0.0000,-0.0000,0.0500,3047,0,0,
59.9924,21556,431165,0,1831,0,0,1,-2.0000,0.0000,0.0000,0.0500,1.0750,-0.0000,0.0000,0.0500,3048,0,0,
60.0124,21557,431185,0,1831,0,0,1,-2.0000,0.0000,0.0000,0.0500,1.0437,-0.0000,-0.0000,0.0500,3049,0,0,
60.0324,21558,431205,0,1831,0,0,1,-2.0000,0.0000,0.0000,0.0500,1.0187,-0.0000,0.0000,0.0500,3050,0,0,
60.0723,21560,431245,0,1830,0,0,1,-2.0000,0.0000,0.0000,0.0500,0.9875,-0.0000,-0.0000,0.0500,3052,0,0,
60.0924,21561,431265,0,1829,0,0,1,-2.0000,0.0000,0.0000,0.0500,0.9625,-0.0000,0.0000,0.0500,3053,0,0,
60.1124,21562,431285,0,1830,0,0,1,-2.0000,0.0000,0.0000,0.0500,0.9312,-0.0000,-0.0000,0.0500,3054,0,0,
60.1324,21563,431305,0,1829,0,0,1,-2.0000,0.0000,0.0000,0.0500,0.9062,-0.0000,0.0000,0.0500,3055,0,0,
60.1524,21564,431325,0,1830,0,0,1,-2.0000,0.0000,0.0000,0.0500,0.8750,-0.0000,-0.0000,0.0500,3056,0,0,
60.1724,21565,431345,0,1830,0,0,1,-2.0000,0.0000,0.0000,0.0500,0.8500,-0.0000,0.0000,0.0500,3057,0,0,
60.1925,21566,431365,0,1830,0,0,1,-2.0000,0.0000,0.0000,0.0500,0.8250,-0.0000,-0.0000,0.0500,3058,0,0,
60.2125,21567,431385,0,1831,0,0,1,-2.0000,0.0000,0.0000,0.0500,0.7937,-0.0000,0.0000,0.0500,3059,0,0,
60.2324,21568,431405,0,1831,0,0,1,-2.0000,0.0000,0.0000,0.0500,0.7687,-0.0000,-0.0000,0.0500,3060,0,0,
60.2524,21569,431425,0,1832,0,0,1,-2.0000,0.0000,0.0000,0.0500,0.7375,-0.0000,0.0000,0.0500,3061,0,0,
60.2724,21570,431445,0,1832,0,0,1,-2.0000,0.0000,0.0000,0.0500,0.7125,-0.0000,-0.0000,0.0500,3062,0,0,
60.2924,21571,431465,0,1832,0,0,1,-2.0000,0.0000,0.0000,0.0500,0.6875,-0.0000,-0.0000,0.0500,3063,0,0,
60.3272,21572,431485,0,1831,0,0,1,-2.0000,0.0000,0.0000,0.0500,0.6687,-0.0000,-0.0000,0.0500,3064,0,0,
60.3323,21573,431505,0,1831,0,0,1,-2.0000,0.0000,0.0000,0.0500,0.6562,-0.0000,-0.0000,0.0500,3065,0,0,
60.3525,21574,431525,0,1831,0,0,1,-2.0000,0.0000,0.0000,0.0500,0.6312,-0.0000,-0.0000,0.0500,3066,0,0,
60.3724,21575,431545,0,1830,0,0,1,-2.0000,0.0000,0.0000,0.0500,0.6062,-0.0000,0.0000,0.0500,3067,0,0,
60.3924,21576,431565,0,1830,0,0,1,-2.0000,0.0000,0.0000,0.0500,0.5750,-0.0000,-0.0000,0.0500,3068,0,0,
60.4124,21577,431585,0,1830,0,0,1,-2.0000,0.0000,0.0000,0.0500,0.5500,-0.0000,0.0000,0.0500,3069,0,0,
60.4324,21578,431605,0,1830,0,0,1,-2.0000,0.0000,0.0000,0.0500,0.5187,-0.0000,-0.0000,0.0500,3070,0,0,
60.4524,21579,431625,0,1829,0,0,1,-2.0000,0.0000,0.0000,0.0500,0.4937,-0.0000,0.0000,0.0500,3071,0,0,
60.4724,21580,431645,0,1830,0,0,1,-2.0000,0.0000,0.0000,0.0500,0.4625,-0.0000,-0.0000,0.0500,3072,0,0,
60.4924,21581,431665,0,1830,0,0,1,-2.0000,0.0000,0.0000,0.0500,0.4375,-0.0000,0.0000,0.0500,3073,0,0,
60.5125,21582,431685,0,1831,0,0,1,-2.0000,0.0000,0.0000,0.0500,0.4125,-0.0000,-0.0000,0.0500,3074,0,0,
60.5325,21583,431705,0,1831,0,0,1,-2.0000,0.0000,0.0000,0.0500,0.3812,-0.0000,0.0000,0.0500,3075,0,0,
60.5524,21584,431725,0,1831,0,0,1,-2.0000,0.0000,0.0000,0.0500,0.3562,-0.0000,-0.0000,0.0500,3076,0,0,
60.5771,21585,431745,0,1831,0,0,1,-2.0000,0.0000,0.0000,0.0500,0.3500,-0.0000,-0.0000,0.0500,3077,0,0,
60.5924,21586,431765,0,1831,0,0,1,-2.0000,0.0000,0.0000,0.0500,0.3250,-0.0000,0.0000,0.0500,3078,0,0,
60.6124,21587,431785,0,1830,0,0,1,-2.0000,0.0000,0.0000,0.0500,0.3000,-0.0000,-0.0000,0.0500,3079,0,0,
60.6324,21588,431805,0,1830,0,0,1,-2.0000,0.0000,0.0000,0.0500,0.2687,-0.0000,0.0000,0.0500,3080,0,0,
60.6524,21589,431825,0,1831,0,0,1,-2.0000,0.0000,0.0000,0.0500,0.2437,-0.0000,-0.0000,0.0500,3081,0,0,
60.6724,21590,431845,0,1830,0,0,1,-2.0000,0.0000,0.0000,0.0500,0.2187,-0.0000,-0.0000,0.0500,3082,0,0,
60.6924,21591,431865,0,1830,0,0,1,-2.0000,0.0000,0.0000,0.0500,0.1875,-0.0000,-0.0000,0.0500,3083,0,0,
60.7124,21592,431885,0,1831,0,0,1,-2.0000,0.0000,0.0000,0.0500,0.1625,-0.0000,-0.0000,0.0500,3084,0,0,
60.7324,21593,431905,0,1831,0,0,1,-2.0000,0.0000,0.0000,0.0500,0.1375,-0.0000,0.0000,0.0500,3085,0,0,
60.7524,21594,431925,0,1830,0,0,1,-2.0000,0.0000,0.0000,0.0500,0.1062,-0.0000,-0.0000,0.0500,3086,0,0,
60.7724,21595,431945,0,1829,0,0,1,-2.0000,0.0000,0.0000,0.0500,0.0812,-0.0000,0.0000,0.0500,3087,0,0,
60.7924,21596,431965,0,1830,0,0,1,-2.0000,0.0000,0.0000,0.0500,0.0500,-0.0000,-0.0000,0.0500,3088,0,0,
60.8203,21597,431985,0,1830,0,0,1,-2.0000,0.0000,0.0000,0.0500,0.0312,-0.0000,-0.0000,0.0500,3089,0,0,
60.8324,21598,432005,0,1831,0,0,1,-2.0000,0.0000,0.0000,0.0500,0.0187,-0.0000,-0.0000,0.0500,3090,0,0,6.94
60.8524,21599,432025,0,1831,0,0,1,-2.0000,0.0000,0.0000,0.0500,-0.0063,-0.0000,-0.0000,0.0500,3091,0,0,
60.8724,21600,432045,0,1832,0,0,1,-2.0000,0.0000,0.0000,0.0500,-0.0313,-0.0000,0.0000,0.0500,3092,0,0,
60.8924,21601,432065,0,1831,0,0,1,-2.0000,0.0000,0.0000,0.0500,-0.0625,-0.0000,-0.0000,0.0500,3093,0,0,
60.9124,21602,432085,0,1830,0,0,1,-2.0000,0.0000,0.0000,0.0500,-0.0875,-0.0000,0.0000,0.0500,3094,0,0,
60.9325,21603,432105,0,1831,0,0,1,-2.0000,0.0000,0.0000,0.0500,-0.1188,-0.0000,-0.0000,0.0500,3095,0,0,
60.9525,21604,432125,0,1831,0,0,1,-2.0000,0.0000,0.0000,0.0500,-0.1438,-0.0000,0.0000,0.0500,3096,0,0,
60.9724,21605,432145,0,1831,0,0,1,-2.0000,0.0000,0.0000,0.0500,-0.1688,-0.0000,-0.0000,0.0500,3097,0,0,
60.9924,21606,432165,0,1830,0,0,1,-2.0000,0.0000,0.0000,0.0500,-0.2000,-0.0000,0.0000,0.0500,3098,0,0,
61.0124,21607,432185,0,1831,0,0,1,-2.0000,0.0000,0.0000,0.0500,-0.2250,-0.0000,-0.0000,0.0500,3099,0,0,
61.0324,21608,432205,0,1831,0,0,1,-2.0000,0.0000,0.0000,0.0500,-0.2563,-0.0000,0.0000,0.0500,3100,0,0,
61.0524,21609,432225,0,1832,0,0,1,-2.0000,0.0000,0.0000,0.0500,-0.2813,-0.0000,-0.0000,0.0500,3101,0,0,
61.0841,21610,432245,0,1831,0,0,1,-2.0000,0.0000,0.0000,0.0500,-0.2938,-0.0000,0.0000,0.0500,3102,0,0,
61.0924,21611,432265,0,1831,0,0,1,-2.0000,0.0000,0.0000,0.0500,-0.3063,-0.0000,-0.0000,0.0500,3103,0,0,
61.1124,21612,432285,0,1830,0,0,1,-2.0000,0.0000,0.0000,0.0500,-0.3375,-0.0000,-0.0000,0.0500,3104,0,0,
61.1324,21613,432305,0,1830,0,0,1,-2.0000,0.0000,0.0000,0.0500,-0.3625,-0.0000,-0.0000,0.0500,3105,0,0,
61.1524,21614,432325,0,1830,0,0,1,-2.0000,0.0000,0.0000,0.0500,-0.3875,-0.0000,0.0000,0.0500,3106,0,0,
61.1724,21615,432345,0,1830,0,0,1,-2.0000,0.0000,0.0000,0.0500,-0.4188,-0.0000,-0.0000,0.0500,3107,0,0,
61.1924,21616,432365,0,1830,0,0,1,-2.0000,0.0000,0.0000,0.0500,-0.4438,-0.0000,0.0000,0.0500,3108,0,0,
61.2124,21617,432385,0,1830,0,0,1,-2.0000,0.0000,0.0000,0.0500,-0.4750,-0.0000,-0.0000,0.0500,3109,0,0,
61.2325,21618,432405,0,1830,0,0,1,-2.0000,0.0000,0.0000,0.0500,-0.5000,-0.0000,0.0000,0.0500,3110,0,0,
61.2524,21619,432425,0,1830,0,0,1,-2.0000,0.0000,0.0000,0.0500,-0.5250,-0.0000,-0.0000,0.0500,3111,0,0,
61.2724,21620,432445,0,1830,0,0,1,-2.0000,0.0000,0.0000,0.0500,-0.5563,-0.0000,0.0000,0.0500,3112,0,0,
61.2925,21621,432465,0,1830,0,0,1,-2.0000,0.0000,0.0000,0.0500,-0.5813,-0.0000,-0.0000,0.0500,3113,0,0,
61.3202,21622,432485,0,1830,0,0,1,-2.0000,0.0000,0.0000,0.0500,-0.6125,-0.0000,0.0000,0.0500,3114,0,0,
61.3344,21623,432505,0,1830,0,0,1,-2.0000,0.0000,0.0000,0.0500,-0.6188,-0.0000,-0.0000,0.0500,3115,0,0,
61.3525,21624,432525,0,1830,0,0,1,-2.0000,0.0000,0.0000,0.0500,-0.6375,-0.0000,-0.0000,0.0500,3116,0,0,
61.3724,21625,432545,0,1831,0,0,1,-2.0000,0.0000,0.0000,0.0500,-0.6688,-0.0000,0.0000,0.0500,3117,0,0,
61.3924,21626,432565,0,1831,0,0,1,-2.0000,0.0000,0.0000,0.0500,-0.6938,-0.0000,-0.0000,0.0500,3118,0,0,
61.4124,21627,432585,0,1831,0,0,1,-2.0000,0.0000,0.0000,0.0500,-0.7250,-0.0000,0.0000,0.0500,3119,0,0,
61.4324,21628,432605,0,1831,0,0,1,-2.0000,0.0000,0.0000,0.0500,-0.7500,-0.0000,-0.0000,0.0500,3120,0,0,
61.4525,21629,432625,0,1831,0,0,1,-2.0000,0.0000,0.0000,0.0500,-0.7750,-0.0000,-0.0000,0.0500,3121,0,0,
61.4724,21630,432645,0,1832,0,0,1,-2.0000,0.0000,0.0000,0.0500,-0.8063,-0.0000,-0.0000,0.0500,3122,0,0,
61.4925,21631,432665,0,1832,0,0,1,-2.0000,0.0000,0.0000,0.0500,-0.8313,-0.0000,-0.0000,0.0500,3123,0,0,
61.5127,21632,432685,0,1830,0,0,1,-2.0000,0.0000,0.0000,0.0500,-0.8625,-0.0000,-0.0000,0.0500,3124,0,0,
61.5324,21633,432705,0,1831,0,0,1,-2.0000,0.0000,0.0000,0.0500,-0.8875,-0.0000,-0.0000,0.0500,3125,0,0,
61.5524,21634,432725,0,1831,0,0,1,-2.0000,0.0000,0.0000,0.0500,-0.9125,-0.0000,0.0000,0.0500,3126,0,0,
61.5910,21635,432745,0,1830,0,0,1,-2.0000,0.0000,0.0000,0.0500,-0.9375,-0.0000,-0.0000,0.0500,3127,0,0,
61.5924,21636,432765,0,1831,0,0,1,-2.0000,0.0000,0.0000,0.0500,-0.9438,-0.0000,-0.0000,0.0500,3128,0,0,
61.6124,21637,432785,0,1831,0,0,1,-2.0000,0.0000,0.0000,0.0500,-0.9688,-0.0000,0.0000,0.0500,3129,0,0,
61.6324,21638,432805,0,1831,0,0,1,-2.0000,0.0000,0.0000,0.0500,-1.0000,-0.0000,-0.0000,0.0500,3130,0,0,
61.6525,21639,432825,0,1831,0,0,1,-2.0000,0.0000,0.0000,0.0500,-1.0250,-0.0000,0.0000,0.0500,3131,0,0,
61.6724,21640,432845,0,1831,0,0,1,-2.0000,0.0000,0.0000,0.0500,-1.0500,-0.0000,-0.0000,0.0500,3132,0,0,
61.6925,21641,432865,0,1831,0,0,1,-2.0000,0.0000,0.0000,0.0500,-1.0813,-0.0000,0.0000,0.0500,3133,0,0,
61.7124,21642,432885,0,1831,0,0,1,-2.0000,0.0000,0.0000,0.0500,-1.1063,-0.0000,-0.0000,0.0500,3134,0,0,
61.7324,21643,432905,0,1831,0,0,1,-2.0000,0.0000,0.0000,0.0500,-1.1375,-0.0000,0.0000,0.0500,3135,0,0,
61.7524,21644,432925,0,1831,0,0,1,-2.0000,0.0000,0.0000,0.0500,-1.1625,-0.0000,-0.0000,0.0500,3136,0,0,
61.7725,21645,432945,0,1831,0,0,1,-2.0000,0.0000,0.0000,0.0500,-1.1875,-0.0000,-0.0000,0.0500,3137,0,0,
61.7925,21646,432965,0,1831,0,0,1,-2.0000,0.0000,0.0000,0.0500,-1.2188,-0.0000,-0.0000,0.0500,3138,0,0,
61.8125,21647,432985,0,1831,0,0,1,-2.0000,0.0000,0.0000,0.0500,-1.2438,-0.0000,-0.0000,0.0500,3139,0,0,
61.8413,21648,433005,0,1832,0,0,1,-2.0000,0.0000,0.0000,0.0500,-1.2625,-0.0000,-0.0000,0.0500,3140,0,0,2.21
61.8525,21649,433025,0,1832,0,0,1,-2.0000,0.0000,0.0000,0.0500,-1.2750,-0.0000,-0.0000,0.0500,3141,0,0,
61.8724,21650,433045,0,1832,0,0,1,-2.0000,0.0000,0.0000,0.0500,-1.3000,-0.0000,-0.0000,0.0500,3142,0,0,
61.8925,21651,433065,0,1832,0,0,1,-2.0000,0.0000,0.0000,0.0500,-1.3313,-0.0000,-0.0000,0.0500,3143,0,0,
61.9124,21652,433085,0,1832,0,0,1,-2.0000,0.0000,0.0000,0.0500,-1.3563,-0.0000,-0.0000,0.0500,3144,0,0,
61.9325,21653,433105,0,1831,0,0,1,-2.0000,0.0000,0.0000,0.0500,-1.3875,-0.0000,-0.0000,0.0500,3145,0,0,
61.9524,21654,433125,0,1832,0,0,1,-2.0000,0.0000,0.0000,0.0500,-1.4125,-0.0000,-0.0000,0.0500,3146,0,0,
61.9725,21655,433145,0,1831,0,0,1,-2.0000,0.0000,0.0000,0.0500,-1.4375,-0.0000,0.0000,0.0500,3147,0,0,
61.9924,21656,433165,0,1832,0,0,1,-2.0000,0.0000,0.0000,0.0500,-1.4688,-0.0000,-0.0000,0.0500,3148,0,0,
62.0125,21657,433185,0,1831,0,0,1,-2.0000,0.0000,0.0000,0.0500,-1.4938,-0.0000,0.0000,0.0500,3149,0,0,
62.0324,21658,433205,0,1831,0,0,1,-2.0000,0.0000,0.0000,0.0500,-1.5250,-0.0000,-0.0000,0.0500,3150,0,0,
62.0525,21659,433225,0,1831,0,0,1,-2.0000,0.0000,0.0000,0.0500,-1.5500,-0.0000,0.0000,0.0500,3151,0,0,
62.0924,21661,433265,0,1831,0,0,1,-2.0000,0.0000,0.0000,0.0500,-1.5813,-0.0000,-0.0000,0.0500,3153,0,0,
62.1124,21662,433285,0,1832,0,0,1,-2.0000,0.0000,0.0000,0.0500,-1.6063,-0.0000,0.0000,0.0500,3154,0,0,
62.1325,21663,433305,0,1832,0,0,1,-2.0000,0.0000,0.0000,0.0500,-1.6375,-0.0000,-0.0000,0.0500,3155,0,0,
62.1525,21664,433325,0,1832,0,0,1,-2.0000,0.0000,0.0000,0.0500,-1.6625,-0.0000,0.0000,0.0500,3156,0,0,
62.1724,21665,433345,0,1831,0,0,1,-2.0000,0.0000,0.0000,0.0500,-1.6875,-0.0000,-0.0000,0.0500,3157,0,0,
62.1924,21666,433365,0,1831,0,0,1,-2.0000,0.0000,0.0000,0.0500,-1.7188,-0.0000,0.0000,0.0500,3158,0,0,
62.2124,21667,433385,0,1832,0,0,1,-2.0000,0.0000,0.0000,0.0500,-1.7438,-0.0000,-0.0000,0.0500,3159,0,0,
62.2324,21668,433405,0,1832,0,0,1,-2.0000,0.0000,0.0000,0.0500,-1.7750,-0.0000,0.0000,0.0500,3160,0,0,
62.2525,21669,433425,0,1832,0,0,1,-2.0000,0.0000,0.0000,0.0500,-1.8000,-0.0000,-0.0000,0.0500,3161,0,0,
62.2724,21670,433445,0,1832,0,0,1,-2.0000,0.0000,0.0000,0.0500,-1.8250,-0.0000,-0.0000,0.0500,3162,0,0,
62.2924,21671,433465,0,1832,0,0,1,-2.0000,0.0000,0.0000,0.0500,-1.8563,-0.0000,-0.0000,0.0500,3163,0,0,
62.3125,21672,433485,0,1831,0,0,1,-2.0000,0.0000,0.0000,0.0500,-1.8813,-0.0000,-0.0000,0.0500,3164,0,0,
62.3479,21673,433505,0,1832,0,0,1,-2.0000,0.0000,0.0000,0.0500,-1.9000,-0.0000,-0.0000,0.0500,3165,0,0,
62.3524,21674,433525,0,1832,0,0,1,-2.0000,0.0000,0.0000,0.0500,-1.9125,-0.0000,-0.0000,0.0500,3166,0,0,
62.3725,21675,433545,0,1831,0,0,1,-2.0000,0.0000,0.0000,0.0500,-1.9375,-0.0000,-0.0000,0.0500,3167,0,0,
62.3925,21676,433565,0,1831,0,0,1,-2.0000,0.0000,0.0000,0.0500,-1.9590,-0.0000,-0.0000,0.0500,3168,0,0,
62.4125,21677,433585,0,1831,0,0,1,-2.0000,0.0000,0.0000,0.0500,-1.9758,-0.0000,0.0000,0.0500,3169,0,0,
62.4325,21678,433605,0,1831,0,0,1,-2.0000,0.0000,0.0000,0.0500,-1.9841,-0.0000,-0.0000,0.0500,3170,0,0,
62.4525,21679,433625,0,1831,0,0,1,-2.0000,0.0000,0.0000,0.0500,-1.9906,-0.0000,0.0000,0.0500,3171,0,0,
62.4724,21680,433645,0,1831,0,0,1,-2.0000,0.0000,0.0000,0.0500,-1.9938,-0.0000,0.0000,0.0500,3172,0,0,
62.4925,21681,433665,0,1831,0,0,1,-2.0000,0.0000,0.0000,0.0500,-1.9964,-0.0000,0.0000,0.0500,3173,0,0,
62.5126,21682,433685,0,1831,0,0,1,-2.0000,0.0000,0.0000,0.0500,-1.9976,-0.0000,0.0000,0.0500,3174,0,0,
62.5325,21683,433705,0,1831,0,0,1,-2.0000,0.0000,0.0000,0.0500,-1.9984,-0.0000,0.0000,0.0500,3175,0,0,
62.5525,21684,433725,0,1830,0,0,1,-2.0000,0.0000,0.0000,0.0500,-1.9991,-0.0000,0.0000,0.0500,3176,0,0,
62.5724,21685,433745,0,1830,0,0,1,-2.0000,0.0000,0.0000,0.0500,-1.9994,-0.0000,0.0000,0.0500,3177,0,0,
62.5981,21686,433765,0,1830,0,0,1,-2.0000,0.0000,0.0000,0.0500,-1.9995,-0.0000,0.0000,0.0500,3178,0,0,
62.6125,21687,433785,0,1831,0,0,1,-2.0000,0.0000,0.0000,0.0500,-1.9996,-0.0000,0.0000,0.0500,3179,0,0,
62.6325,21688,433805,0,1832,0,0,1,-2.0000,0.0000,0.0000,0.0500,-1.9998,-0.0000,0.0000,0.0500,3180,0,0,
62.6525,21689,433825,0,1832,0,0,1,-2.0000,0.0000,0.0000,0.0500,-1.9998,-0.0000,0.0000,0.0500,3181,0,0,
62.6725,21690,433845,0,1832,0,0,1,-2.0000,0.0000,0.0000,0.0500,-1.9999,-0.0000,0.0000,0.0500,3182,0,0,
62.6924,21691,433865,0,1832,0,0,1,-2.0000,0.0000,0.0000,0.0500,-1.9999,-0.0000,0.0000,0.0500,3183,0,0,
62.7126,21692,433885,0,1832,0,0,1,-2.0000,0.0000,0.0000,0.0500,-2.0000,-0.0000,0.0000,0.0500,3184,0,0,
62.7325,21693,433905,0,1831,0,0,1,-2.0000,0.0000,0.0000,0.0500,-2.0000,-0.0000,0.0000,0.0500,3185,0,0,
62.7524,21694,433925,0,1831,0,0,1,-2.0000,0.0000,0.0000,0.0500,-2.0000,-0.0000,0.0000,0.0500,3186,0,0,
62.7724,21695,433945,0,1831,0,0,1,-2.0000,0.0000,0.0000,0.0500,-2.0000,-0.0000,0.0000,0.0500,3187,0,0,
62.7925,21696,433965,0,1832,0,0,1,-2.0000,0.0000,0.0000,0.0500,-2.0000,-0.0000,0.0000,0.0500,3188,0,0,
62.8125,21697,433985,0,1832,0,0,1,-2.0000,0.0000,0.0000,0.0500,-2.0000,-0.0000,0.0000,0.0500,3189,0,0,
62.8478,21698,434005,0,1832,0,0,1,-2.0000,0.0000,0.0000,0.0500,-2.0000,-0.0000,0.0000,0.0500,3190,0,0,
62.8523,21699,434025,0,1832,0,0,1,-2.0000,0.0000,0.0000,0.0500,-2.0000,-0.0000,0.0000,0.0500,3191,0,0,5.38
62.8725,21700,434045,0,1832,0,0,1,-2.0000,0.0000,0.0000,0.0500,-2.0000,-0.0000,0.0000,0.0500,3192,0,0,
62.8925,21701,434065,0,1833,0,0,1,-2.0000,0.0000,0.0000,0.0500,-2.0000,0.0000,0.0000,0.0500,3193,0,0,
62.9125,21702,434085,0,1833,0,0,1,-2.0000,0.0000,0.0000,0.0500,-2.0000,0.0000,0.0000,0.0500,3194,0,0,
62.9325,21703,434105,0,1833,0,0,1,-2.0000,0.0000,0.0000,0.0500,-2.0000,0.0000,0.0000,0.0500,3195,0,0,
62.9524,21704,434125,0,1832,0,0,1,-2.0000,0.0000,0.0000,0.0500,-2.0000,0.0000,0.0000,0.0500,3196,0,0,
62.9725,21705,434145,0,1832,0,0,1,-2.0000,0.0000,0.0000,0.0500,-2.0000,0.0000,0.0000,0.0500,3197,0,0,
62.9926,21706,434165,0,1831,0,0,1,-2.0000,0.0000,0.0000,0.0500,-2.0000,0.0000,0.0000,0.0500,3198,0,0,
63.0124,21707,434185,0,1831,0,0,1,-2.0000,0.0000,0.0000,0.0500,-2.0000,0.0000,0.0000,0.0500,3199,0,0,
63.0326,21708,434205,0,1832,0,0,1,-2.0000,0.0000,0.0000,0.0500,-2.0000,0.0000,0.0000,0.0500,3200,0,0,
63.0525,21709,434225,0,1832,0,0,1,-2.0000,0.0000,0.0000,0.0500,-2.0000,0.0000,0.0000,0.0500,3201,0,0,
63.0725,21710,434245,0,1831,0,0,1,-2.0000,0.0000,0.0000,0.0500,-2.0000,0.0000,0.0000,0.0500,3202,0,0,
63.1051,21711,434265,0,1831,0,0,1,-2.0000,0.0000,0.0000,0.0500,-2.0000,0.0000,0.0000,0.0500,3203,0,0,
63.1124,21712,434285,0,1831,0,0,1,-2.0000,0.0000,0.0000,0.0500,-2.0000,0.0000,0.0000,0.0500,3204,0,0,
63.1324,21713,434305,0,1832,0,0,1,-2.0000,0.0000,0.0000,0.0500,-2.0000,0.0000,0.0000,0.0500,3205,0,0,
63.1524,21714,434325,0,1832,0,0,1,-2.0000,0.0000,0.0000,0.0500,-2.0000,0.0000,0.0000,0.0500,3206,0,0,
63.1724,21715,434345,0,1831,0,0,1,-2.0000,0.0000,0.0000,0.0500,-2.0000,0.0000,0.0000,0.0500,3207,0,0,
63.1925,21716,434365,0,1831,0,0,1,-2.0000,0.0000,0.0000,0.0500,-2.0000,0.0000,0.0000,0.0500,3208,0,0,
63.2124,21717,434385,0,1832,0,0,1,-2.0000,0.0000,0.0000,0.0500,-2.0000,0.0000,0.0000,0.0500,3209,0,0,
63.2325,21718,434405,0,1832,0,0,1,-2.0000,0.0000,0.0000,0.0500,-2.0000,0.0000,0.0000,0.0500,3210,0,0,
63.2525,21719,434425,0,1832,0,0,1,-2.0000,0.0000,0.0000,0.0500,-2.0000,0.0000,0.0000,0.0500,3211,0,0,
63.2725,21720,434445,0,1832,0,0,1,0.0000,0.0000,0.0000,0.0500,-1.9875,-0.0000,0.0000,0.0500,3212,0,0,
63.2924,21721,434465,0,1832,0,0,1,0.0000,0.0000,0.0000,0.0500,-1.9562,-0.0000,-0.0000,0.0500,3213,0,0,
63.3125,21722,434485,0,1831,0,0,1,0.0000,0.0000,0.0000,0.0500,-1.9312,-0.0000,-0.0000,0.0500,3214,0,0,
63.3553,21724,434525,0,1831,0,0,1,0.0000,0.0000,0.0000,0.0500,-1.8937,-0.0000,-0.0000,0.0500,3216,0,0,
63.3726,21725,434545,0,1832,0,0,1,0.0000,0.0000,0.0000,0.0500,-1.8750,-0.0000,-0.0000,0.0500,3217,0,0,
63.3925,21726,434565,0,1832,0,0,1,0.0000,0.0000,0.0000,0.0500,-1.8437,-0.0000,0.0000,0.0500,3218,0,0,
63.4124,21727,434585,0,1832,0,0,1,0.0000,0.0000,0.0000,0.0500,-1.8187,-0.0000,-0.0000,0.0500,3219,0,0,
63.4325,21728,434605,0,1831,0,0,1,0.0000,0.0000,0.0000,0.0500,-1.7875,-0.0000,0.0000,0.0500,3220,0,0,
63.4525,21729,434625,0,1832,0,0,1,0.0000,0.0000,0.0000,0.0500,-1.7625,-0.0000,-0.0000,0.0500,3221,0,0,
63.4724,21730,434645,0,1831,0,0,1,0.0000,0.0000,0.0000,0.0500,-1.7375,-0.0000,-0.0000,0.0500,3222,0,0,
63.4924,21731,434665,0,1831,0,0,1,0.0000,0.0000,0.0000,0.0500,-1.7062,-0.0000,-0.0000,0.0500,3223,0,0,
63.5124,21732,434685,0,1831,0,0,1,0.0000,0.0000,0.0000,0.0500,-1.6812,-0.0000,-0.0000,0.0500,3224,0,0,
63.5324,21733,434705,0,1831,0,0,1,0.0000,0.0000,0.0000,0.0500,-1.6500,-0.0000,-0.0000,0.0500,3225,0,0,
63.5525,21734,434725,0,1831,0,0,1,0.0000,0.0000,0.0000,0.0500,-1.6250,-0.0000,-0.0000,0.0500,3226,0,0,
63.5724,21735,434745,0,1831,0,0,1,0.0000,0.0000,0.0000,0.0500,-1.5937,-0.0000,-0.0000,0.0500,3227,0,0,
63.5978,21736,434765,0,1831,0,0,1,0.0000,0.0000,0.0000,0.0500,-1.5750,-0.0000,-0.0000,0.0500,3228,0,0,
63.6124,21737,434785,0,1831,0,0,1,0.0000,0.0000,0.0000,0.0500,-1.5687,-0.0000,-0.0000,0.0500,3229,0,0,
63.6324,21738,434805,0,1832,0,0,1,0.0000,0.0000,0.0000,0.0500,-1.5437,-0.0000,0.0000,0.0500,3230,0,0,
63.6526,21739,434825,0,1832,0,0,1,0.0000,0.0000,0.0000,0.0500,-1.5125,-0.0000,-0.0000,0.0500,3231,0,0,
63.6725,21740,434845,0,1831,0,0,1,0.0000,0.0000,0.0000,0.0500,-1.4875,-0.0000,0.0000,0.0500,3232,0,0,
63.6925,21741,434865,0,1832,0,0,1,0.0000,0.0000,0.0000,0.0500,-1.4625,-0.0000,-0.0000,0.0500,3233,0,0,
63.7125,21742,434885,0,1831,0,0,1,0.0000,0.0000,0.0000,0.0500,-1.4312,-0.0000,0.0000,0.0500,3234,0,0,
63.7325,21743,434905,0,1831,0,0,1,0.0000,0.0000,0.0000,0.0500,-1.4062,-0.0000,-0.0000,0.0500,3235,0,0,
63.7525,21744,434925,0,1831,0,0,1,0.0000,0.0000,0.0000,0.0500,-1.3750,-0.0000,0.0000,0.0500,3236,0,0,
63.7725,21745,434945,0,1831,0,0,1,0.0000,0.0000,0.0000,0.0500,-1.3500,-0.0000,-0.0000,0.0500,3237,0,0,
63.7924,21746,434965,0,1831,0,0,1,0.0000,0.0000,0.0000,0.0500,-1.3250,-0.0000,-0.0000,0.0500,3238,0,0,
63.8125,21747,434985,0,1831,0,0,1,0.0000,0.0000,0.0000,0.0500,-1.2937,-0.0000,-0.0000,0.0500,3239,0,0,
63.8324,21748,435005,0,1831,0,0,1,0.0000,0.0000,0.0000,0.0500,-1.2687,-0.0000,-0.0000,0.0500,3240,0,0,
63.8618,21749,435025,0,1831,0,0,1,0.0000,0.0000,0.0000,0.0500,-1.2500,-0.0000,-0.0000,0.0500,3241,0,0,2.10
63.8725,21750,435045,0,1831,0,0,1,0.0000,0.0000,0.0000,0.0500,-1.2375,-0.0000,-0.0000,0.0500,3242,0,0,
63.8924,21751,435065,0,1832,0,0,1,0.0000,0.0000,0.0000,0.0500,-1.2125,-0.0000,-0.0000,0.0500,3243,0,0,
63.9125,21752,435085,0,1832,0,0,1,0.0000,0.0000,0.0000,0.0500,-1.1812,-0.0000,-0.0000,0.0500,3244,0,0,
63.9324,21753,435105,0,1832,0,0,1,0.0000,0.0000,0.0000,0.0500,-1.1562,-0.0000,-0.0000,0.0500,3245,0,0,
63.9524,21754,435125,0,1831,0,0,1,0.0000,0.0000,0.0000,0.0500,-1.1250,-0.0000,-0.0000,0.0500,3246,0,0,
63.9724,21755,435145,0,1831,0,0,1,0.0000,0.0000,0.0000,0.0500,-1.1000,-0.0000,-0.0000,0.0500,3247,0,0,
63.9925,21756,435165,0,1831,0,0,1,0.0000,0.0000,0.0000,0.0500,-1.0687,-0.0000,-0.0000,0.0500,3248,0,0,
64.0125,21757,435185,0,1831,0,0,1,0.0000,0.0000,0.0000,0.0500,-1.0437,-0.0000,-0.0000,0.0500,3249,0,0,
64.0325,21758,435205,0,1831,0,0,1,0.0000,0.0000,0.0000,0.0500,-1.0187,-0.0000,0.0000,0.0500,3250,0,0,
64.0524,21759,435225,0,1832,0,0,1,0.0000,0.0000,0.0000,0.0500,-0.9875,-0.0000,-0.0000,0.0500,3251,0,0,
64.0724,21760,435245,0,1831,0,0,1,0.0000,0.0000,0.0000,0.0500,-0.9625,-0.0000,0.0000,0.0500,3252,0,0,
64.1116,21761,435265,0,1831,0,0,1,0.0000,0.0000,0.0000,0.0500,-0.9312,-0.0000,-0.0000,0.0500,3253,0,0,
64.1187,21762,435285,0,1831,0,0,1,0.0000,0.0000,0.0000,0.0500,-0.9250,-0.0000,0.0000,0.0500,3254,0,0,
64.1325,21763,435305,0,1830,0,0,1,0.0000,0.0000,0.0000,0.0500,-0.9062,-0.0000,0.0000,0.0500,3255,0,0,
64.1525,21764,435325,0,1829,0,0,1,0.0000,0.0000,0.0000,0.0500,-0.8812,-0.0000,-0.0000,0.0500,3256,0,0,
64.1725,21765,435345,0,1830,0,0,1,0.0000,0.0000,0.0000,0.0500,-0.8562,-0.0000,-0.0000,0.0500,3257,0,0,
64.1924,21766,435365,0,1830,0,0,1,0.0000,0.0000,0.0000,0.0500,-0.8250,-0.0000,-0.0000,0.0500,3258,0,0,
64.2125,21767,435385,0,1830,0,0,1,0.0000,0.0000,0.0000,0.0500,-0.8000,-0.0000,-0.0000,0.0500,3259,0,0,
64.2324,21768,435405,0,1831,0,0,1,0.0000,0.0000,0.0000,0.0500,-0.7687,-0.0000,-0.0000,0.0500,3260,0,0,
64.2524,21769,435425,0,1830,0,0,1,0.0000,0.0000,0.0000,0.0500,-0.7437,-0.0000,-0.0000,0.0500,3261,0,0,
64.2725,21770,435445,0,1830,0,0,1,0.0000,0.0000,0.0000,0.0500,-0.7187,-0.0000,0.0000,0.0500,3262,0,0,
64.2924,21771,435465,0,1831,0,0,1,0.0000,0.0000,0.0000,0.0500,-0.6875,-0.0000,-0.0000,0.0500,3263,0,0,
64.3125,21772,435485,0,1831,0,0,1,0.0000,0.0000,0.0000,0.0500,-0.6625,-0.0000,0.0000,0.0500,3264,0,0,
64.3325,21773,435505,0,1832,0,0,1,0.0000,0.0000,0.0000,0.0500,-0.6312,-0.0000,-0.0000,0.0500,3265,0,0,
64.3620,21774,435525,0,1831,0,0,1,0.0000,0.0000,0.0000,0.0500,-0.6062,-0.0000,0.0000,0.0500,3266,0,0,
64.3724,21775,435545,0,1831,0,0,1,0.0000,0.0000,0.0000,0.0500,-0.5937,-0.0000,-0.0000,0.0500,3267,0,0,
64.3926,21776,435565,0,1830,0,0,1,0.0000,0.0000,0.0000,0.0500,-0.5687,-0.0000,0.0000,0.0500,3268,0,0,
64.4124,21777,435585,0,1830,0,0,1,0.0000,0.0000,0.0000,0.0500,-0.5375,-0.0000,-0.0000,0.0500,3269,0,0,
64.4325,21778,435605,0,1830,0,0,1,0.0000,0.0000,0.0000,0.0500,-0.5125,-0.0000,0.0000,0.0500,3270,0,0,
64.4525,21779,435625,0,1831,0,0,1,0.0000,0.0000,0.0000,0.0500,-0.4812,-0.0000,-0.0000,0.0500,3271,0,0,
64.4724,21780,435645,0,1831,0,0,1,0.0000,0.0000,0.0000,0.0500,-0.4562,-0.0000,0.0000,0.0500,3272,0,0,
64.4925,21781,435665,0,1831,0,0,1,0.0000,0.0000,0.0000,0.0500,-0.4312,-0.0000,-0.0000,0.0500,3273,0,0,
64.5125,21782,435685,0,1830,0,0,1,0.0000,0.0000,0.0000,0.0500,-0.4000,-0.0000,0.0000,0.0500,3274,0,0,
64.5325,21783,435705,0,1830,0,0,1,0.0000,0.0000,0.0000,0.0500,-0.3750,-0.0000,-0.0000,0.0500,3275,0,0,
64.5524,21784,435725,0,1830,0,0,1,0.0000,0.0000,0.0000,0.0500,-0.3437,-0.0000,0.0000,0.0500,3276,0,0,
64.5725,21785,435745,0,1830,0,0,1,0.0000,0.0000,0.0000,0.0500,-0.3187,-0.0000,-0.0000,0.0500,3277,0,0,
64.5926,21786,435765,0,1830,0,0,1,0.0000,0.0000,0.0000,0.0500,-0.2875,-0.0000,0.0000,0.0500,3278,0,0,
64.6185,21787,435785,0,1831,0,0,1,0.0000,0.0000,0.0000,0.0500,-0.2812,-0.0000,-0.0000,0.0500,3279,0,0,
64.6325,21788,435805,0,1830,0,0,1,0.0000,0.0000,0.0000,0.0500,-0.2562,-0.0000,-0.0000,0.0500,3280,0,0,
64.6526,21789,435825,0,1831,0,0,1,0.0000,0.0000,0.0000,0.0500,-0.2312,-0.0000,0.0000,0.0500,3281,0,0,
64.6724,21790,435845,0,1830,0,0,1,0.0000,0.0000,0.0000,0.0500,-0.2062,-0.0000,-0.0000,0.0500,3282,0,0,
64.6926,21791,435865,0,1830,0,0,1,0.0000,0.0000,0.0000,0.0500,-0.1750,-0.0000,0.0000,0.0500,3283,0,0,
64.7125,21792,435885,0,1830,0,0,1,0.0000,0.0000,0.0000,0.0500,-0.1500,-0.0000,-0.0000,0.0500,3284,0,0,
64.7325,21793,435905,0,1830,0,0,1,0.0000,0.0000,0.0000,0.0500,-0.1187,-0.0000,0.0000,0.0500,3285,0,0,
64.7525,21794,435925,0,1831,0,0,1,0.0000,0.0000,0.0000,0.0500,-0.0937,-0.0000,-0.0000,0.0500,3286,0,0,
64.7725,21795,435945,0,1830,0,0,1,0.0000,0.0000,0.0000,0.0500,-0.0687,-0.0000,-0.0000,0.0500,3287,0,0,
64.7925,21796,435965,0,1830,0,0,1,0.0000,0.0000,0.0000,0.0500,-0.0410,-0.0000,-0.0000,0.0500,3288,0,0,
64.8124,21797,435985,0,1831,0,0,1,0.0000,0.0000,0.0000,0.0500,-0.0269,-0.0000,-0.0000,0.0500,3289,0,0,
64.8325,21798,436005,0,1831,0,0,1,0.0000,0.0000,0.0000,0.0500,-0.0159,-0.0000,-0.0000,0.0500,3290,0,0,
64.8756,21799,436025,0,1831,0,0,1,0.0000,0.0000,0.0000,0.0500,-0.0104,-0.0000,0.0000,0.0500,3291,0,0,
64.8759,21800,436045,0,1831,0,0,1,0.0000,0.0000,0.0000,0.0500,-0.0094,-0.0000,0.0000,0.0500,3292,0,0,2.12
64.8926,21801,436065,0,1831,0,0,1,0.0000,0.0000,0.0000,0.0500,-0.0068,-0.0000,0.0000,0.0500,3293,0,0,
64.9125,21802,436085,0,1831,0,0,1,0.0000,0.0000,0.0000,0.0500,-0.0040,-0.0000,0.0000,0.0500,3294,0,0,
64.9325,21803,436105,0,1830,0,0,1,0.0000,0.0000,0.0000,0.0500,-0.0026,-0.0000,0.0000,0.0500,3295,0,0,
64.9526,21804,436125,0,1830,0,0,1,0.0000,0.0000,0.0000,0.0500,-0.0016,-0.0000,0.0000,0.0500,3296,0,0,
64.9725,21805,436145,0,1831,0,0,1,0.0000,0.0000,0.0000,0.0500,-0.0010,-0.0000,0.0000,0.0500,3297,0,0,
64.9925,21806,436165,0,1831,0,0,1,0.0000,0.0000,0.0000,0.0500,-0.0007,-0.0000,0.0000,0.0500,3298,0,0,
65.0126,21807,436185,0,1831,0,0,1,0.0000,0.0000,0.0000,0.0500,-0.0004,-0.0000,0.0000,0.0500,3299,0,0,
65.0325,21808,436205,0,1831,0,0,1,0.0000,0.0000,0.0000,0.0500,-0.0003,-0.0000,0.0000,0.0500,3300,0,0,
65.0525,21809,436225,0,1831,0,0,1,0.0000,0.0000,0.0000,0.0500,-0.0002,-0.0000,0.0000,0.0500,3301,0,0,
65.0725,21810,436245,0,1831,0,0,1,0.0000,0.0000,0.0000,0.0500,-0.0001,-0.0000,0.0000,0.0500,3302,0,0,
65.0926,21811,436265,0,1831,0,0,1,0.0000,0.0000,0.0000,0.0500,-0.0001,-0.0000,0.0000,0.0500,3303,0,0,
65.1185,21812,436285,0,1831,0,0,1,0.0000,0.0000,0.0000,0.0500,-0.0000,-0.0000,0.0000,0.0500,3304,0,0,
65.1324,21813,436305,0,1831,0,0,1,0.0000,0.0000,0.0000,0.0500,-0.0000,-0.0000,0.0000,0.0500,3305,0,0,
65.1525,21814,436325,0,1830,0,0,1,0.0000,0.0000,0.0000,0.0500,-0.0000,-0.0000,0.0000,0.0500,3306,0,0,
65.1724,21815,436345,0,1830,0,0,1,0.0000,0.0000,0.0000,0.0500,-0.0000,-0.0000,0.0000,0.0500,3307,0,0,
65.1926,21816,436365,0,1830,0,0,1,0.0000,0.0000,0.0000,0.0500,-0.0000,-0.0000,0.0000,0.0500,3308,0,0,
65.2124,21817,436385,0,1830,0,0,1,0.0000,0.0000,0.0000,0.0500,-0.0000,-0.0000,0.0000,0.0500,3309,0,0,
65.2324,21818,436405,0,1830,0,0,1,0.0000,0.0000,0.0000,0.0500,-0.0000,-0.0000,0.0000,0.0500,3310,0,0,
65.2524,21819,436425,0,1831,0,0,1,0.0000,0.0000,0.0000,0.0500,-0.0000,-0.0000,0.0000,0.0500,3311,0,0,
65.2725,21820,436445,0,1831,0,0,1,0.0000,0.0000,0.0000,0.0500,-0.0000,-0.0000,0.0000,0.0500,3312,0,0,
65.2924,21821,436465,0,1831,0,0,1,0.0000,0.0000,0.0000,0.0500,-0.0000,0.0000,0.0000,0.0500,3313,0,0,
65.3125,21822,436485,0,1832,0,0,1,0.0000,0.0000,0.0000,0.0500,-0.0000,0.0000,0.0000,0.0500,3314,0,0,
65.3325,21823,436505,0,1832,0,0,1,0.0000,0.0000,0.0000,0.0500,-0.0000,0.0000,0.0000,0.0500,3315,0,0,
65.3524,21824,436525,0,1831,0,0,1,0.0000,0.0000,0.0000,0.0500,-0.0000,0.0000,0.0000,0.0500,3316,0,0,
65.3827,21825,436545,0,1831,0,0,1,0.0000,0.0000,0.0000,0.0500,-0.0000,0.0000,0.0000,0.0500,3317,0,0,
65.3925,21826,436565,0,1831,0,0,1,0.0000,0.0000,0.0000,0.0500,-0.0000,0.0000,0.0000,0.0500,3318,0,0,
65.4125,21827,436585,0,1831,0,0,1,0.0000,0.0000,0.0000,0.0500,-0.0000,0.0000,0.0000,0.0500,3319,0,0,
65.4324,21828,436605,0,1832,0,0,1,0.0000,0.0000,0.0000,0.0500,-0.0000,0.0000,0.0000,0.0500,3320,0,0,
65.4525,21829,436625,0,1832,0,0,1,0.0000,0.0000,0.0000,0.0500,-0.0000,0.0000,0.0000,0.0500,3321,0,0,
65.4725,21830,436645,0,1831,0,0,1,0.0000,0.0000,0.0000,0.0500,-0.0000,0.0000,0.0000,0.0500,3322,0,0,
65.4925,21831,436665,0,1831,0,0,1,0.0000,0.0000,0.0000,0.0500,-0.0000,0.0000,0.0000,0.0500,3323,0,0,
65.5125,21832,436685,0,1829,0,0,1,0.0000,0.0000,0.0000,0.0500,-0.0000,0.0000,0.0000,0.0500,3324,0,0,
65.5326,21833,436705,0,1829,0,0,1,0.0000,0.0000,0.0000,0.0500,-0.0000,0.0000,0.0000,0.0500,3325,0,0,
65.5525,21834,436725,0,1830,0,0,1,0.0000,0.0000,0.0000,0.0500,-0.0000,0.0000,0.0000,0.0500,3326,0,0,
65.5726,21835,436745,0,1830,0,0,1,0.0000,0.0000,0.0000,0.0500,-0.0000,0.0000,0.0000,0.0500,3327,0,0,
65.5926,21836,436765,0,1830,0,0,1,0.0000,0.0000,0.0000,0.0500,-0.0000,0.0000,0.0000,0.0500,3328,0,0,
65.6254,21837,436785,0,1830,0,0,1,0.0000,0.0000,0.0000,0.0500,-0.0000,0.0000,0.0000,0.0500,3329,0,0,
65.6325,21838,436805,0,1830,0,0,1,0.0000,0.0000,0.0000,0.0500,-0.0000,0.0000,0.0000,0.0500,3330,0,0,
65.6524,21839,436825,0,1830,0,0,1,0.0000,0.0000,0.0000,0.0500,-0.0000,0.0000,0.0000,0.0500,3331,0,0,
65.6724,21840,436845,0,1830,0,0,1,0.0000,0.0000,0.0000,0.0500,-0.0000,0.0000,0.0000,0.0500,3332,0,0,
65.6925,21841,436865,0,1830,0,0,1,0.0000,0.0000,0.0000,0.0500,-0.0000,0.0000,0.0000,0.0500,3333,0,0,
65.7125,21842,436885,0,1830,0,0,1,0.0000,0.0000,0.0000,0.0500,-0.0000,0.0000,0.0000,0.0500,3334,0,0,
65.7325,21843,436905,0,1831,0,0,1,0.0000,0.0000,0.0000,0.0500,-0.0000,0.0000,0.0000,0.0500,3335,0,0,
65.7524,21844,436925,0,1831,0,0,1,0.0000,0.0000,0.0000,0.0500,-0.0000,0.0000,0.0000,0.0500,3336,0,0,
65.7725,21845,436945,0,1831,0,0,1,0.0000,1.2000,0.0000,0.0500,-0.0000,0.0100,0.0000,0.0500,3337,0,0,
65.7925,21846,436965,0,1831,0,0,1,0.0000,1.2000,0.0000,0.0500,-0.0000,0.0350,-0.0000,0.0500,3338,0,0,
65.8125,21847,436985,0,1831,0,0,1,0.0000,1.2000,0.0000,0.0500,-0.0000,0.0550,-0.0000,0.0500,3339,0,0,
65.8325,21848,437005,0,1831,0,0,1,0.0000,1.2000,0.0000,0.0500,-0.0000,0.0800,-0.0000,0.0500,3340,0,0,
65.8525,21849,437025,0,1831,0,0,1,0.0000,1.2000,0.0000,0.0500,-0.0000,0.1000,-0.0000,0.0500,3341,0,0,
65.8925,21851,437065,0,1830,0,0,1,0.0000,1.2000,0.0000,0.0500,-0.0000,0.1200,-0.0000,0.0500,3343,0,0,7.06
65.9126,21852,437085,0,1830,0,0,1,0.0000,1.2000,0.0000,0.0500,-0.0000,0.1451,-0.0000,0.0500,3344,0,0,
65.9325,21853,437105,0,1831,0,0,1,0.0000,1.2000,0.0000,0.0500,-0.0000,0.1651,-0.0000,0.0500,3345,0,0,
65.9525,21854,437125,0,1831,0,0,1,0.0000,1.2000,0.0000,0.0500,-0.0000,0.1901,-0.0000,0.0500,3346,0,0,
65.9724,21855,437145,0,1831,0,0,1,0.0000,1.2000,0.0000,0.0500,-0.0000,0.2101,-0.0000,0.0500,3347,0,0,
65.9934,21856,437165,0,1831,0,0,1,0.0000,1.2000,0.0000,0.0500,-0.0000,0.2351,-0.0000,0.0500,3348,0,0,
66.0125,21857,437185,0,1831,0,0,1,0.0000,1.2000,0.0000,0.0500,-0.0000,0.2551,-0.0000,0.0500,3349,0,0,
66.0324,21858,437205,0,1831,0,0,1,0.0000,1.2000,0.0000,0.0500,-0.0000,0.2751,-0.0000,0.0500,3350,0,0,
66.0525,21859,437225,0,1831,0,0,1,0.0000,1.2000,0.0000,0.0500,-0.0000,0.2952,-0.0000,0.0500,3351,0,0,
66.0725,21860,437245,0,1831,0,0,1,0.0000,1.2000,0.0000,0.0500,-0.0000,0.3202,-0.0000,0.0500,3352,0,0,
66.0925,21861,437265,0,1830,0,0,1,0.0000,1.2000,0.0000,0.0500,-0.0000,0.3402,-0.0000,0.0500,3353,0,0,
66.1124,21862,437285,0,1831,0,0,1,0.0000,1.2000,0.0000,0.0500,-0.0000,0.3602,-0.0000,0.0500,3354,0,0,
66.1394,21863,437305,0,1831,0,0,1,0.0000,1.2000,0.0000,0.0500,-0.0000,0.3702,-0.0000,0.0500,3355,0,0,
66.1532,21864,437325,0,1831,0,0,1,0.0000,1.2000,0.0000,0.0500,-0.0000,0.3852,-0.0000,0.0500,3356,0,0,
66.1726,21865,437345,0,1830,0,0,1,0.0000,1.2000,0.0000,0.0500,-0.0000,0.4052,-0.0000,0.0500,3357,0,0,
66.1924,21866,437365,0,1830,0,0,1,0.0000,1.2000,0.0000,0.0500,-0.0000,0.4252,-0.0000,0.0500,3358,0,0,
66.2125,21867,437385,0,1830,0,0,1,0.0000,1.2000,0.0000,0.0500,-0.0000,0.4452,-0.0000,0.0500,3359,0,0,
66.2325,21868,437405,0,1831,0,0,1,0.0000,1.2000,0.0000,0.0500,-0.0000,0.4703,-0.0000,0.0500,3360,0,0,
66.2525,21869,437425,0,1831,0,0,1,0.0000,1.2000,0.0000,0.0500,-0.0000,0.4903,-0.0000,0.0500,3361,0,0,
66.2726,21870,437445,0,1831,0,0,1,0.0000,1.2000,0.0000,0.0500,-0.0000,0.5153,-0.0000,0.0500,3362,0,0,
66.2925,21871,437465,0,1831,0,0,1,0.0000,1.2000,0.0000,0.0500,-0.0000,0.5353,-0.0000,0.0500,3363,0,0,
66.3131,21872,437485,0,1830,0,0,1,0.0000,1.2000,0.0000,0.0500,-0.0000,0.5603,-0.0000,0.0500,3364,0,0,
66.3325,21873,437505,0,1830,0,0,1,0.0000,1.2000,0.0000,0.0500,-0.0000,0.5803,-0.0000,0.0500,3365,0,0,
66.3525,21874,437525,0,1830,0,0,1,0.0000,1.2000,0.0000,0.0500,-0.0000,0.6003,-0.0000,0.0500,3366,0,0,
66.3829,21875,437545,0,1831,0,0,1,0.0000,1.2000,0.0000,0.0500,-0.0000,0.6203,-0.0000,0.0500,3367,0,0,
66.3925,21876,437565,0,1831,0,0,1,0.0000,1.2000,0.0000,0.0500,-0.0000,0.6303,-0.0000,0.0500,3368,0,0,
66.5270,21882,437685,0,1831,0,0,1,0.0000,1.2000,0.0000,0.0500,-0.0000,0.6554,-0.0000,0.0500,3374,0,0,
66.5324,21883,437705,0,1831,0,0,1,0.0000,1.2000,0.0000,0.0500,-0.0000,0.6604,-0.0000,0.0500,3375,0,0,
66.5525,21884,437725,0,1831,0,0,1,0.0000,1.2000,0.0000,0.0500,-0.0000,0.6804,-0.0000,0.0500,3376,0,0,
66.5725,21885,437745,0,1830,0,0,1,0.0000,1.2000,0.0000,0.0500,-0.0000,0.7054,-0.0000,0.0500,3377,0,0,
66.5926,21886,437765,0,1830,0,0,1,0.0000,1.2000,0.0000,0.0500,-0.0000,0.7254,-0.0000,0.0500,3378,0,0,
66.6124,21887,437785,0,1830,0,0,1,0.0000,1.2000,0.0000,0.0500,-0.0000,0.7454,-0.0000,0.0500,3379,0,0,
66.6459,21888,437805,0,1830,0,0,1,0.0000,1.2000,0.0000,0.0500,-0.0000,0.7554,-0.0000,0.0500,3380,0,0,
66.6524,21889,437825,0,1830,0,0,1,0.0000,1.2000,0.0000,0.0500,-0.0000,0.7654,-0.0000,0.0500,3381,0,0,
66.6724,21890,437845,0,1830,0,0,1,0.0000,1.2000,0.0000,0.0500,-0.0000,0.7854,-0.0000,0.0500,3382,0,0,
66.6946,21891,437865,0,1830,0,0,1,0.0000,1.2000,0.0000,0.0500,-0.0000,0.8105,-0.0000,0.0500,3383,0,0,
66.7125,21892,437885,0,1830,0,0,1,0.0000,1.2000,0.0000,0.0500,-0.0000,0.8305,-0.0000,0.0500,3384,0,0,
66.7325,21893,437905,0,1830,0,0,1,0.0000,1.2000,0.0000,0.0500,-0.0000,0.8505,-0.0000,0.0500,3385,0,0,
66.7525,21894,437925,0,1830,0,0,1,0.0000,1.2000,0.0000,0.0500,-0.0000,0.8755,-0.0000,0.0500,3386,0,0,
66.7725,21895,437945,0,1830,0,0,1,0.0000,1.2000,0.0000,0.0500,-0.0000,0.8955,-0.0000,0.0500,3387,0,0,
66.7925,21896,437965,0,1830,0,0,1,0.0000,1.2000,0.0000,0.0500,-0.0000,0.9205,-0.0000,0.0500,3388,0,0,
66.8125,21897,437985,0,1830,0,0,1,0.0000,1.2000,0.0000,0.0500,-0.0000,0.9405,-0.0000,0.0500,3389,0,0,
66.8325,21898,438005,0,1832,0,0,1,0.0000,1.2000,0.0000,0.0500,-0.0000,0.9605,-0.0000,0.0500,3390,0,0,
